[2026-06-17T09:18:12.444+0000] {manager.py:487} INFO - Processing files using up to 2 processes at a time 
[2026-06-17T09:18:12.445+0000] {manager.py:488} INFO - Process each file at most once every 30 seconds
[2026-06-17T09:18:12.445+0000] {manager.py:489} INFO - Checking for new files in /opt/airflow/dags every 300 seconds
[2026-06-17T09:18:12.445+0000] {manager.py:759} INFO - Searching for files in /opt/airflow/dags
[2026-06-17T09:18:12.447+0000] {manager.py:762} INFO - There are 1 files in /opt/airflow/dags
[2026-06-17T09:18:12.537+0000] {manager.py:893} INFO - 
================================================================================
DAG File Processing Stats

File Path                                     PID  Runtime      # DAGs    # Errors  Last Runtime    Last Run
------------------------------------------  -----  ---------  --------  ----------  --------------  ----------
/opt/airflow/dags/aeroflux_orchestrator.py     37  0.05s             0           0
================================================================================
[2026-06-17T09:18:42.819+0000] {manager.py:893} INFO - 
================================================================================
DAG File Processing Stats

File Path                                   PID    Runtime      # DAGs    # Errors  Last Runtime    Last Run
------------------------------------------  -----  ---------  --------  ----------  --------------  -------------------
/opt/airflow/dags/aeroflux_orchestrator.py                           1           0  0.40s           2026-06-17T09:18:12
================================================================================
[2026-06-17T09:19:12.932+0000] {manager.py:893} INFO - 
================================================================================
DAG File Processing Stats

File Path                                   PID    Runtime      # DAGs    # Errors  Last Runtime    Last Run
------------------------------------------  -----  ---------  --------  ----------  --------------  -------------------
/opt/airflow/dags/aeroflux_orchestrator.py                           1           0  0.42s           2026-06-17T09:18:43
================================================================================
[2026-06-17T09:19:43.289+0000] {manager.py:893} INFO - 
================================================================================
DAG File Processing Stats

File Path                                   PID    Runtime      # DAGs    # Errors  Last Runtime    Last Run
------------------------------------------  -----  ---------  --------  ----------  --------------  -------------------
/opt/airflow/dags/aeroflux_orchestrator.py                           1           0  0.54s           2026-06-17T09:19:14
================================================================================
[2026-06-17T09:20:13.702+0000] {manager.py:893} INFO - 
================================================================================
DAG File Processing Stats

File Path                                   PID    Runtime      # DAGs    # Errors  Last Runtime    Last Run
------------------------------------------  -----  ---------  --------  ----------  --------------  -------------------
/opt/airflow/dags/aeroflux_orchestrator.py                           1           0  0.44s           2026-06-17T09:19:44
================================================================================
[2026-06-17T09:20:43.948+0000] {manager.py:893} INFO - 
================================================================================
DAG File Processing Stats

File Path                                   PID    Runtime      # DAGs    # Errors  Last Runtime    Last Run
------------------------------------------  -----  ---------  --------  ----------  --------------  -------------------
/opt/airflow/dags/aeroflux_orchestrator.py                           1           0  0.55s           2026-06-17T09:20:15
================================================================================
[2026-06-17T09:21:14.797+0000] {manager.py:893} INFO - 
================================================================================
DAG File Processing Stats

File Path                                   PID    Runtime      # DAGs    # Errors  Last Runtime    Last Run
------------------------------------------  -----  ---------  --------  ----------  --------------  -------------------
/opt/airflow/dags/aeroflux_orchestrator.py                           1           0  0.55s           2026-06-17T09:20:46
================================================================================
[2026-06-17T09:21:45.219+0000] {manager.py:893} INFO - 
================================================================================
DAG File Processing Stats

File Path                                   PID    Runtime      # DAGs    # Errors  Last Runtime    Last Run
------------------------------------------  -----  ---------  --------  ----------  --------------  -------------------
/opt/airflow/dags/aeroflux_orchestrator.py                           1           0  0.48s           2026-06-17T09:21:17
================================================================================
[2026-06-17T09:22:15.369+0000] {manager.py:893} INFO - 
================================================================================
DAG File Processing Stats

File Path                                   PID    Runtime      # DAGs    # Errors  Last Runtime    Last Run
------------------------------------------  -----  ---------  --------  ----------  --------------  -------------------
/opt/airflow/dags/aeroflux_orchestrator.py                           1           0  0.42s           2026-06-17T09:21:48
================================================================================
[2026-06-17T09:22:45.742+0000] {manager.py:893} INFO - 
================================================================================
DAG File Processing Stats

File Path                                   PID    Runtime      # DAGs    # Errors  Last Runtime    Last Run
------------------------------------------  -----  ---------  --------  ----------  --------------  -------------------
/opt/airflow/dags/aeroflux_orchestrator.py                           1           0  0.44s           2026-06-17T09:22:18
================================================================================
[2026-06-17T09:23:13.105+0000] {manager.py:759} INFO - Searching for files in /opt/airflow/dags
[2026-06-17T09:23:13.121+0000] {manager.py:762} INFO - There are 1 files in /opt/airflow/dags
[2026-06-17T09:23:16.162+0000] {manager.py:893} INFO - 
================================================================================
DAG File Processing Stats

File Path                                   PID    Runtime      # DAGs    # Errors  Last Runtime    Last Run
------------------------------------------  -----  ---------  --------  ----------  --------------  -------------------
/opt/airflow/dags/aeroflux_orchestrator.py                           1           0  0.41s           2026-06-17T09:22:49
================================================================================
[2026-06-17T09:23:47.027+0000] {manager.py:893} INFO - 
================================================================================
DAG File Processing Stats

File Path                                   PID    Runtime      # DAGs    # Errors  Last Runtime    Last Run
------------------------------------------  -----  ---------  --------  ----------  --------------  -------------------
/opt/airflow/dags/aeroflux_orchestrator.py                           1           0  0.51s           2026-06-17T09:23:19
================================================================================
[2026-06-17T09:24:17.420+0000] {manager.py:893} INFO - 
================================================================================
DAG File Processing Stats

File Path                                   PID    Runtime      # DAGs    # Errors  Last Runtime    Last Run
------------------------------------------  -----  ---------  --------  ----------  --------------  -------------------
/opt/airflow/dags/aeroflux_orchestrator.py                           1           0  0.38s           2026-06-17T09:23:50
================================================================================
[2026-06-17T09:24:48.165+0000] {manager.py:893} INFO - 
================================================================================
DAG File Processing Stats

File Path                                   PID    Runtime      # DAGs    # Errors  Last Runtime    Last Run
------------------------------------------  -----  ---------  --------  ----------  --------------  -------------------
/opt/airflow/dags/aeroflux_orchestrator.py                           1           0  0.33s           2026-06-17T09:24:21
================================================================================
[2026-06-17T09:25:18.847+0000] {manager.py:893} INFO - 
================================================================================
DAG File Processing Stats

File Path                                   PID    Runtime      # DAGs    # Errors  Last Runtime    Last Run
------------------------------------------  -----  ---------  --------  ----------  --------------  -------------------
/opt/airflow/dags/aeroflux_orchestrator.py                           1           0  0.34s           2026-06-17T09:24:51
================================================================================
[2026-06-17T09:25:49.186+0000] {manager.py:893} INFO - 
================================================================================
DAG File Processing Stats

File Path                                   PID    Runtime      # DAGs    # Errors  Last Runtime    Last Run
------------------------------------------  -----  ---------  --------  ----------  --------------  -------------------
/opt/airflow/dags/aeroflux_orchestrator.py                           1           0  0.35s           2026-06-17T09:25:22
================================================================================
[2026-06-17T09:26:19.919+0000] {manager.py:893} INFO - 
================================================================================
DAG File Processing Stats

File Path                                   PID    Runtime      # DAGs    # Errors  Last Runtime    Last Run
------------------------------------------  -----  ---------  --------  ----------  --------------  -------------------
/opt/airflow/dags/aeroflux_orchestrator.py                           1           0  0.35s           2026-06-17T09:25:52
================================================================================
[2026-06-17T09:26:50.565+0000] {manager.py:893} INFO - 
================================================================================
DAG File Processing Stats

File Path                                   PID    Runtime      # DAGs    # Errors  Last Runtime    Last Run
------------------------------------------  -----  ---------  --------  ----------  --------------  -------------------
/opt/airflow/dags/aeroflux_orchestrator.py                           1           0  0.36s           2026-06-17T09:26:23
================================================================================
[2026-06-17T09:27:21.031+0000] {manager.py:893} INFO - 
================================================================================
DAG File Processing Stats

File Path                                   PID    Runtime      # DAGs    # Errors  Last Runtime    Last Run
------------------------------------------  -----  ---------  --------  ----------  --------------  -------------------
/opt/airflow/dags/aeroflux_orchestrator.py                           1           0  0.35s           2026-06-17T09:26:53
================================================================================
[2026-06-17T09:27:51.621+0000] {manager.py:893} INFO - 
================================================================================
DAG File Processing Stats

File Path                                   PID    Runtime      # DAGs    # Errors  Last Runtime    Last Run
------------------------------------------  -----  ---------  --------  ----------  --------------  -------------------
/opt/airflow/dags/aeroflux_orchestrator.py                           1           0  0.34s           2026-06-17T09:27:24
================================================================================
[2026-06-17T09:28:13.221+0000] {manager.py:759} INFO - Searching for files in /opt/airflow/dags
[2026-06-17T09:28:13.232+0000] {manager.py:762} INFO - There are 1 files in /opt/airflow/dags
[2026-06-17T09:28:22.014+0000] {manager.py:893} INFO - 
================================================================================
DAG File Processing Stats

File Path                                   PID    Runtime      # DAGs    # Errors  Last Runtime    Last Run
------------------------------------------  -----  ---------  --------  ----------  --------------  -------------------
/opt/airflow/dags/aeroflux_orchestrator.py                           1           0  0.37s           2026-06-17T09:27:55
================================================================================
[2026-06-17T09:28:52.675+0000] {manager.py:893} INFO - 
================================================================================
DAG File Processing Stats

File Path                                   PID    Runtime      # DAGs    # Errors  Last Runtime    Last Run
------------------------------------------  -----  ---------  --------  ----------  --------------  -------------------
/opt/airflow/dags/aeroflux_orchestrator.py                           1           0  0.48s           2026-06-17T09:28:25
================================================================================
[2026-06-17T09:29:23.126+0000] {manager.py:893} INFO - 
================================================================================
DAG File Processing Stats

File Path                                   PID    Runtime      # DAGs    # Errors  Last Runtime    Last Run
------------------------------------------  -----  ---------  --------  ----------  --------------  -------------------
/opt/airflow/dags/aeroflux_orchestrator.py                           1           0  0.38s           2026-06-17T09:28:56
================================================================================
[2026-06-17T09:29:53.694+0000] {manager.py:893} INFO - 
================================================================================
DAG File Processing Stats

File Path                                   PID    Runtime      # DAGs    # Errors  Last Runtime    Last Run
------------------------------------------  -----  ---------  --------  ----------  --------------  -------------------
/opt/airflow/dags/aeroflux_orchestrator.py                           1           0  0.36s           2026-06-17T09:29:26
================================================================================
[2026-06-17T09:30:24.087+0000] {manager.py:893} INFO - 
================================================================================
DAG File Processing Stats

File Path                                   PID    Runtime      # DAGs    # Errors  Last Runtime    Last Run
------------------------------------------  -----  ---------  --------  ----------  --------------  -------------------
/opt/airflow/dags/aeroflux_orchestrator.py                           1           0  0.36s           2026-06-17T09:29:57
================================================================================
[2026-06-17T09:30:54.771+0000] {manager.py:893} INFO - 
================================================================================
DAG File Processing Stats

File Path                                   PID    Runtime      # DAGs    # Errors  Last Runtime    Last Run
------------------------------------------  -----  ---------  --------  ----------  --------------  -------------------
/opt/airflow/dags/aeroflux_orchestrator.py                           1           0  0.38s           2026-06-17T09:30:27
================================================================================
[2026-06-17T09:31:25.363+0000] {manager.py:893} INFO - 
================================================================================
DAG File Processing Stats

File Path                                   PID    Runtime      # DAGs    # Errors  Last Runtime    Last Run
------------------------------------------  -----  ---------  --------  ----------  --------------  -------------------
/opt/airflow/dags/aeroflux_orchestrator.py                           1           0  0.36s           2026-06-17T09:30:58
================================================================================
[2026-06-17T09:31:55.760+0000] {manager.py:893} INFO - 
================================================================================
DAG File Processing Stats

File Path                                   PID    Runtime      # DAGs    # Errors  Last Runtime    Last Run
------------------------------------------  -----  ---------  --------  ----------  --------------  -------------------
/opt/airflow/dags/aeroflux_orchestrator.py                           1           0  0.37s           2026-06-17T09:31:28
================================================================================
[2026-06-17T09:32:26.623+0000] {manager.py:893} INFO - 
================================================================================
DAG File Processing Stats

File Path                                   PID    Runtime      # DAGs    # Errors  Last Runtime    Last Run
------------------------------------------  -----  ---------  --------  ----------  --------------  -------------------
/opt/airflow/dags/aeroflux_orchestrator.py                           1           0  0.41s           2026-06-17T09:31:59
================================================================================
[2026-06-17T09:32:57.028+0000] {manager.py:893} INFO - 
================================================================================
DAG File Processing Stats

File Path                                   PID    Runtime      # DAGs    # Errors  Last Runtime    Last Run
------------------------------------------  -----  ---------  --------  ----------  --------------  -------------------
/opt/airflow/dags/aeroflux_orchestrator.py                           1           0  0.38s           2026-06-17T09:32:30
================================================================================
[2026-06-17T09:33:13.548+0000] {manager.py:759} INFO - Searching for files in /opt/airflow/dags
[2026-06-17T09:33:13.562+0000] {manager.py:762} INFO - There are 1 files in /opt/airflow/dags
[2026-06-17T09:33:27.742+0000] {manager.py:893} INFO - 
================================================================================
DAG File Processing Stats

File Path                                   PID    Runtime      # DAGs    # Errors  Last Runtime    Last Run
------------------------------------------  -----  ---------  --------  ----------  --------------  -------------------
/opt/airflow/dags/aeroflux_orchestrator.py                           1           0  0.36s           2026-06-17T09:33:00
================================================================================
[2026-06-17T09:33:58.085+0000] {manager.py:893} INFO - 
================================================================================
DAG File Processing Stats

File Path                                   PID    Runtime      # DAGs    # Errors  Last Runtime    Last Run
------------------------------------------  -----  ---------  --------  ----------  --------------  -------------------
/opt/airflow/dags/aeroflux_orchestrator.py                           1           0  0.38s           2026-06-17T09:33:31
================================================================================
[2026-06-17T09:34:28.218+0000] {manager.py:893} INFO - 
================================================================================
DAG File Processing Stats

File Path                                   PID    Runtime      # DAGs    # Errors  Last Runtime    Last Run
------------------------------------------  -----  ---------  --------  ----------  --------------  -------------------
/opt/airflow/dags/aeroflux_orchestrator.py                           1           0  0.41s           2026-06-17T09:34:01
================================================================================
[2026-06-17T09:34:58.741+0000] {manager.py:893} INFO - 
================================================================================
DAG File Processing Stats

File Path                                   PID    Runtime      # DAGs    # Errors  Last Runtime    Last Run
------------------------------------------  -----  ---------  --------  ----------  --------------  -------------------
/opt/airflow/dags/aeroflux_orchestrator.py                           1           0  0.40s           2026-06-17T09:34:32
================================================================================
[2026-06-17T09:35:29.256+0000] {manager.py:893} INFO - 
================================================================================
DAG File Processing Stats

File Path                                   PID    Runtime      # DAGs    # Errors  Last Runtime    Last Run
------------------------------------------  -----  ---------  --------  ----------  --------------  -------------------
/opt/airflow/dags/aeroflux_orchestrator.py                           1           0  0.36s           2026-06-17T09:35:03
================================================================================
[2026-06-17T09:35:59.699+0000] {manager.py:893} INFO - 
================================================================================
DAG File Processing Stats

File Path                                   PID    Runtime      # DAGs    # Errors  Last Runtime    Last Run
------------------------------------------  -----  ---------  --------  ----------  --------------  -------------------
/opt/airflow/dags/aeroflux_orchestrator.py                           1           0  0.32s           2026-06-17T09:35:33
================================================================================
[2026-06-17T09:36:30.244+0000] {manager.py:893} INFO - 
================================================================================
DAG File Processing Stats

File Path                                   PID    Runtime      # DAGs    # Errors  Last Runtime    Last Run
------------------------------------------  -----  ---------  --------  ----------  --------------  -------------------
/opt/airflow/dags/aeroflux_orchestrator.py                           1           0  0.39s           2026-06-17T09:36:04
================================================================================
[2026-06-17T09:37:00.745+0000] {manager.py:893} INFO - 
================================================================================
DAG File Processing Stats

File Path                                   PID    Runtime      # DAGs    # Errors  Last Runtime    Last Run
------------------------------------------  -----  ---------  --------  ----------  --------------  -------------------
/opt/airflow/dags/aeroflux_orchestrator.py                           1           0  0.39s           2026-06-17T09:36:34
================================================================================
[2026-06-17T09:37:31.341+0000] {manager.py:893} INFO - 
================================================================================
DAG File Processing Stats

File Path                                   PID    Runtime      # DAGs    # Errors  Last Runtime    Last Run
------------------------------------------  -----  ---------  --------  ----------  --------------  -------------------
/opt/airflow/dags/aeroflux_orchestrator.py                           1           0  0.30s           2026-06-17T09:37:05
================================================================================
[2026-06-17T09:38:01.876+0000] {manager.py:893} INFO - 
================================================================================
DAG File Processing Stats

File Path                                   PID    Runtime      # DAGs    # Errors  Last Runtime    Last Run
------------------------------------------  -----  ---------  --------  ----------  --------------  -------------------
/opt/airflow/dags/aeroflux_orchestrator.py                           1           0  0.36s           2026-06-17T09:37:35
================================================================================
[2026-06-17T09:38:14.114+0000] {manager.py:759} INFO - Searching for files in /opt/airflow/dags
[2026-06-17T09:38:14.132+0000] {manager.py:762} INFO - There are 1 files in /opt/airflow/dags
[2026-06-17T09:38:32.341+0000] {manager.py:893} INFO - 
================================================================================
DAG File Processing Stats

File Path                                   PID    Runtime      # DAGs    # Errors  Last Runtime    Last Run
------------------------------------------  -----  ---------  --------  ----------  --------------  -------------------
/opt/airflow/dags/aeroflux_orchestrator.py                           1           0  0.37s           2026-06-17T09:38:06
================================================================================
[2026-06-17T09:39:02.855+0000] {manager.py:893} INFO - 
================================================================================
DAG File Processing Stats

File Path                                   PID    Runtime      # DAGs    # Errors  Last Runtime    Last Run
------------------------------------------  -----  ---------  --------  ----------  --------------  -------------------
/opt/airflow/dags/aeroflux_orchestrator.py                           1           0  0.34s           2026-06-17T09:38:36
================================================================================
[2026-06-17T09:39:33.347+0000] {manager.py:893} INFO - 
================================================================================
DAG File Processing Stats

File Path                                   PID    Runtime      # DAGs    # Errors  Last Runtime    Last Run
------------------------------------------  -----  ---------  --------  ----------  --------------  -------------------
/opt/airflow/dags/aeroflux_orchestrator.py                           1           0  0.37s           2026-06-17T09:39:07
================================================================================
[2026-06-17T09:40:03.912+0000] {manager.py:893} INFO - 
================================================================================
DAG File Processing Stats

File Path                                   PID    Runtime      # DAGs    # Errors  Last Runtime    Last Run
------------------------------------------  -----  ---------  --------  ----------  --------------  -------------------
/opt/airflow/dags/aeroflux_orchestrator.py                           1           0  0.36s           2026-06-17T09:39:37
================================================================================
[2026-06-17T09:40:34.379+0000] {manager.py:893} INFO - 
================================================================================
DAG File Processing Stats

File Path                                   PID    Runtime      # DAGs    # Errors  Last Runtime    Last Run
------------------------------------------  -----  ---------  --------  ----------  --------------  -------------------
/opt/airflow/dags/aeroflux_orchestrator.py                           1           0  0.38s           2026-06-17T09:40:08
================================================================================
[2026-06-17T09:41:04.991+0000] {manager.py:893} INFO - 
================================================================================
DAG File Processing Stats

File Path                                   PID    Runtime      # DAGs    # Errors  Last Runtime    Last Run
------------------------------------------  -----  ---------  --------  ----------  --------------  -------------------
/opt/airflow/dags/aeroflux_orchestrator.py                           1           0  0.40s           2026-06-17T09:40:38
================================================================================
[2026-06-17T09:41:35.434+0000] {manager.py:893} INFO - 
================================================================================
DAG File Processing Stats

File Path                                   PID    Runtime      # DAGs    # Errors  Last Runtime    Last Run
------------------------------------------  -----  ---------  --------  ----------  --------------  -------------------
/opt/airflow/dags/aeroflux_orchestrator.py                           1           0  0.44s           2026-06-17T09:41:09
================================================================================
[2026-06-17T09:42:06.103+0000] {manager.py:893} INFO - 
================================================================================
DAG File Processing Stats

File Path                                   PID    Runtime      # DAGs    # Errors  Last Runtime    Last Run
------------------------------------------  -----  ---------  --------  ----------  --------------  -------------------
/opt/airflow/dags/aeroflux_orchestrator.py                           1           0  0.36s           2026-06-17T09:41:40
================================================================================
[2026-06-17T09:42:36.693+0000] {manager.py:893} INFO - 
================================================================================
DAG File Processing Stats

File Path                                   PID    Runtime      # DAGs    # Errors  Last Runtime    Last Run
------------------------------------------  -----  ---------  --------  ----------  --------------  -------------------
/opt/airflow/dags/aeroflux_orchestrator.py                           1           0  0.39s           2026-06-17T09:42:10
================================================================================
[2026-06-17T09:43:07.309+0000] {manager.py:893} INFO - 
================================================================================
DAG File Processing Stats

File Path                                   PID    Runtime      # DAGs    # Errors  Last Runtime    Last Run
------------------------------------------  -----  ---------  --------  ----------  --------------  -------------------
/opt/airflow/dags/aeroflux_orchestrator.py                           1           0  0.43s           2026-06-17T09:42:41
================================================================================
[2026-06-17T09:43:14.593+0000] {manager.py:759} INFO - Searching for files in /opt/airflow/dags
[2026-06-17T09:43:14.609+0000] {manager.py:762} INFO - There are 1 files in /opt/airflow/dags
[2026-06-17T09:43:37.892+0000] {manager.py:893} INFO - 
================================================================================
DAG File Processing Stats

File Path                                   PID    Runtime      # DAGs    # Errors  Last Runtime    Last Run
------------------------------------------  -----  ---------  --------  ----------  --------------  -------------------
/opt/airflow/dags/aeroflux_orchestrator.py                           1           0  0.42s           2026-06-17T09:43:11
================================================================================
[2026-06-17T09:44:08.334+0000] {manager.py:893} INFO - 
================================================================================
DAG File Processing Stats

File Path                                   PID    Runtime      # DAGs    # Errors  Last Runtime    Last Run
------------------------------------------  -----  ---------  --------  ----------  --------------  -------------------
/opt/airflow/dags/aeroflux_orchestrator.py                           1           0  0.41s           2026-06-17T09:43:42
================================================================================
[2026-06-17T09:44:38.990+0000] {manager.py:893} INFO - 
================================================================================
DAG File Processing Stats

File Path                                   PID    Runtime      # DAGs    # Errors  Last Runtime    Last Run
------------------------------------------  -----  ---------  --------  ----------  --------------  -------------------
/opt/airflow/dags/aeroflux_orchestrator.py                           1           0  0.39s           2026-06-17T09:44:12
================================================================================
[2026-06-17T09:45:09.452+0000] {manager.py:893} INFO - 
================================================================================
DAG File Processing Stats

File Path                                   PID    Runtime      # DAGs    # Errors  Last Runtime    Last Run
------------------------------------------  -----  ---------  --------  ----------  --------------  -------------------
/opt/airflow/dags/aeroflux_orchestrator.py                           1           0  0.50s           2026-06-17T09:44:43
================================================================================
[2026-06-17T09:45:39.528+0000] {manager.py:893} INFO - 
================================================================================
DAG File Processing Stats

File Path                                   PID    Runtime      # DAGs    # Errors  Last Runtime    Last Run
------------------------------------------  -----  ---------  --------  ----------  --------------  -------------------
/opt/airflow/dags/aeroflux_orchestrator.py                           1           0  0.38s           2026-06-17T09:45:14
================================================================================
[2026-06-17T09:46:09.886+0000] {manager.py:893} INFO - 
================================================================================
DAG File Processing Stats

File Path                                   PID    Runtime      # DAGs    # Errors  Last Runtime    Last Run
------------------------------------------  -----  ---------  --------  ----------  --------------  -------------------
/opt/airflow/dags/aeroflux_orchestrator.py                           1           0  0.39s           2026-06-17T09:45:44
================================================================================
[2026-06-17T09:46:40.412+0000] {manager.py:893} INFO - 
================================================================================
DAG File Processing Stats

File Path                                   PID    Runtime      # DAGs    # Errors  Last Runtime    Last Run
------------------------------------------  -----  ---------  --------  ----------  --------------  -------------------
/opt/airflow/dags/aeroflux_orchestrator.py                           1           0  0.41s           2026-06-17T09:46:15
================================================================================
[2026-06-17T09:47:10.940+0000] {manager.py:893} INFO - 
================================================================================
DAG File Processing Stats

File Path                                   PID    Runtime      # DAGs    # Errors  Last Runtime    Last Run
------------------------------------------  -----  ---------  --------  ----------  --------------  -------------------
/opt/airflow/dags/aeroflux_orchestrator.py                           1           0  0.38s           2026-06-17T09:46:45
================================================================================
[2026-06-17T09:47:41.471+0000] {manager.py:893} INFO - 
================================================================================
DAG File Processing Stats

File Path                                   PID    Runtime      # DAGs    # Errors  Last Runtime    Last Run
------------------------------------------  -----  ---------  --------  ----------  --------------  -------------------
/opt/airflow/dags/aeroflux_orchestrator.py                           1           0  0.39s           2026-06-17T09:47:16
================================================================================
[2026-06-17T09:48:12.036+0000] {manager.py:893} INFO - 
================================================================================
DAG File Processing Stats

File Path                                   PID    Runtime      # DAGs    # Errors  Last Runtime    Last Run
------------------------------------------  -----  ---------  --------  ----------  --------------  -------------------
/opt/airflow/dags/aeroflux_orchestrator.py                           1           0  0.41s           2026-06-17T09:47:46
================================================================================
[2026-06-17T09:48:15.104+0000] {manager.py:759} INFO - Searching for files in /opt/airflow/dags
[2026-06-17T09:48:15.125+0000] {manager.py:762} INFO - There are 1 files in /opt/airflow/dags
[2026-06-17T09:48:42.515+0000] {manager.py:893} INFO - 
================================================================================
DAG File Processing Stats

File Path                                   PID    Runtime      # DAGs    # Errors  Last Runtime    Last Run
------------------------------------------  -----  ---------  --------  ----------  --------------  -------------------
/opt/airflow/dags/aeroflux_orchestrator.py                           1           0  0.40s           2026-06-17T09:48:17
================================================================================
[2026-06-17T09:49:12.590+0000] {manager.py:893} INFO - 
================================================================================
DAG File Processing Stats

File Path                                   PID    Runtime      # DAGs    # Errors  Last Runtime    Last Run
------------------------------------------  -----  ---------  --------  ----------  --------------  -------------------
/opt/airflow/dags/aeroflux_orchestrator.py                           1           0  0.38s           2026-06-17T09:48:48
================================================================================
[2026-06-17T09:49:43.147+0000] {manager.py:893} INFO - 
================================================================================
DAG File Processing Stats

File Path                                   PID    Runtime      # DAGs    # Errors  Last Runtime    Last Run
------------------------------------------  -----  ---------  --------  ----------  --------------  -------------------
/opt/airflow/dags/aeroflux_orchestrator.py                           1           0  0.39s           2026-06-17T09:49:19
================================================================================
[2026-06-17T09:50:13.580+0000] {manager.py:893} INFO - 
================================================================================
DAG File Processing Stats

File Path                                   PID    Runtime      # DAGs    # Errors  Last Runtime    Last Run
------------------------------------------  -----  ---------  --------  ----------  --------------  -------------------
/opt/airflow/dags/aeroflux_orchestrator.py                           1           0  0.41s           2026-06-17T09:49:49
================================================================================
[2026-06-17T09:50:44.276+0000] {manager.py:893} INFO - 
================================================================================
DAG File Processing Stats

File Path                                   PID    Runtime      # DAGs    # Errors  Last Runtime    Last Run
------------------------------------------  -----  ---------  --------  ----------  --------------  -------------------
/opt/airflow/dags/aeroflux_orchestrator.py                           1           0  0.46s           2026-06-17T09:50:20
================================================================================
[2026-06-17T09:51:14.698+0000] {manager.py:893} INFO - 
================================================================================
DAG File Processing Stats

File Path                                   PID    Runtime      # DAGs    # Errors  Last Runtime    Last Run
------------------------------------------  -----  ---------  --------  ----------  --------------  -------------------
/opt/airflow/dags/aeroflux_orchestrator.py                           1           0  0.37s           2026-06-17T09:50:50
================================================================================
[2026-06-17T09:51:45.320+0000] {manager.py:893} INFO - 
================================================================================
DAG File Processing Stats

File Path                                   PID    Runtime      # DAGs    # Errors  Last Runtime    Last Run
------------------------------------------  -----  ---------  --------  ----------  --------------  -------------------
/opt/airflow/dags/aeroflux_orchestrator.py                           1           0  0.40s           2026-06-17T09:51:21
================================================================================
[2026-06-17T09:52:15.779+0000] {manager.py:893} INFO - 
================================================================================
DAG File Processing Stats

File Path                                   PID    Runtime      # DAGs    # Errors  Last Runtime    Last Run
------------------------------------------  -----  ---------  --------  ----------  --------------  -------------------
/opt/airflow/dags/aeroflux_orchestrator.py                           1           0  0.37s           2026-06-17T09:51:51
================================================================================
[2026-06-17T09:52:46.297+0000] {manager.py:893} INFO - 
================================================================================
DAG File Processing Stats

File Path                                   PID    Runtime      # DAGs    # Errors  Last Runtime    Last Run
------------------------------------------  -----  ---------  --------  ----------  --------------  -------------------
/opt/airflow/dags/aeroflux_orchestrator.py                           1           0  0.40s           2026-06-17T09:52:22
================================================================================
[2026-06-17T09:53:15.371+0000] {manager.py:759} INFO - Searching for files in /opt/airflow/dags
[2026-06-17T09:53:15.382+0000] {manager.py:762} INFO - There are 1 files in /opt/airflow/dags
[2026-06-17T09:53:16.418+0000] {manager.py:893} INFO - 
================================================================================
DAG File Processing Stats

File Path                                   PID    Runtime      # DAGs    # Errors  Last Runtime    Last Run
------------------------------------------  -----  ---------  --------  ----------  --------------  -------------------
/opt/airflow/dags/aeroflux_orchestrator.py                           1           0  0.41s           2026-06-17T09:52:53
================================================================================
[2026-06-17T09:53:46.766+0000] {manager.py:893} INFO - 
================================================================================
DAG File Processing Stats

File Path                                   PID    Runtime      # DAGs    # Errors  Last Runtime    Last Run
------------------------------------------  -----  ---------  --------  ----------  --------------  -------------------
/opt/airflow/dags/aeroflux_orchestrator.py                           1           0  0.46s           2026-06-17T09:53:23
================================================================================
[2026-06-17T09:54:17.147+0000] {manager.py:893} INFO - 
================================================================================
DAG File Processing Stats

File Path                                   PID    Runtime      # DAGs    # Errors  Last Runtime    Last Run
------------------------------------------  -----  ---------  --------  ----------  --------------  -------------------
/opt/airflow/dags/aeroflux_orchestrator.py                           1           0  0.40s           2026-06-17T09:53:54
================================================================================
[2026-06-17T09:54:48.124+0000] {manager.py:893} INFO - 
================================================================================
DAG File Processing Stats

File Path                                   PID    Runtime      # DAGs    # Errors  Last Runtime    Last Run
------------------------------------------  -----  ---------  --------  ----------  --------------  -------------------
/opt/airflow/dags/aeroflux_orchestrator.py                           1           0  0.40s           2026-06-17T09:54:24
================================================================================
[2026-06-17T09:55:18.741+0000] {manager.py:893} INFO - 
================================================================================
DAG File Processing Stats

File Path                                   PID    Runtime      # DAGs    # Errors  Last Runtime    Last Run
------------------------------------------  -----  ---------  --------  ----------  --------------  -------------------
/opt/airflow/dags/aeroflux_orchestrator.py                           1           0  0.43s           2026-06-17T09:54:55
================================================================================
[2026-06-17T09:55:49.170+0000] {manager.py:893} INFO - 
================================================================================
DAG File Processing Stats

File Path                                   PID    Runtime      # DAGs    # Errors  Last Runtime    Last Run
------------------------------------------  -----  ---------  --------  ----------  --------------  -------------------
/opt/airflow/dags/aeroflux_orchestrator.py                           1           0  0.39s           2026-06-17T09:55:26
================================================================================
[2026-06-17T09:56:19.862+0000] {manager.py:893} INFO - 
================================================================================
DAG File Processing Stats

File Path                                   PID    Runtime      # DAGs    # Errors  Last Runtime    Last Run
------------------------------------------  -----  ---------  --------  ----------  --------------  -------------------
/opt/airflow/dags/aeroflux_orchestrator.py                           1           0  0.40s           2026-06-17T09:55:56
================================================================================
[2026-06-17T09:56:50.273+0000] {manager.py:893} INFO - 
================================================================================
DAG File Processing Stats

File Path                                   PID    Runtime      # DAGs    # Errors  Last Runtime    Last Run
------------------------------------------  -----  ---------  --------  ----------  --------------  -------------------
/opt/airflow/dags/aeroflux_orchestrator.py                           1           0  0.38s           2026-06-17T09:56:27
================================================================================
[2026-06-17T09:57:20.301+0000] {manager.py:893} INFO - 
================================================================================
DAG File Processing Stats

File Path                                   PID    Runtime      # DAGs    # Errors  Last Runtime    Last Run
------------------------------------------  -----  ---------  --------  ----------  --------------  -------------------
/opt/airflow/dags/aeroflux_orchestrator.py                           1           0  0.42s           2026-06-17T09:56:58
================================================================================
[2026-06-17T09:57:50.668+0000] {manager.py:893} INFO - 
================================================================================
DAG File Processing Stats

File Path                                   PID    Runtime      # DAGs    # Errors  Last Runtime    Last Run
------------------------------------------  -----  ---------  --------  ----------  --------------  -------------------
/opt/airflow/dags/aeroflux_orchestrator.py                           1           0  0.38s           2026-06-17T09:57:28
================================================================================
[2026-06-17T09:58:15.573+0000] {manager.py:759} INFO - Searching for files in /opt/airflow/dags
[2026-06-17T09:58:15.584+0000] {manager.py:762} INFO - There are 1 files in /opt/airflow/dags
[2026-06-17T09:58:21.386+0000] {manager.py:893} INFO - 
================================================================================
DAG File Processing Stats

File Path                                   PID    Runtime      # DAGs    # Errors  Last Runtime    Last Run
------------------------------------------  -----  ---------  --------  ----------  --------------  -------------------
/opt/airflow/dags/aeroflux_orchestrator.py                           1           0  0.38s           2026-06-17T09:57:59
================================================================================
[2026-06-17T09:58:51.949+0000] {manager.py:893} INFO - 
================================================================================
DAG File Processing Stats

File Path                                   PID    Runtime      # DAGs    # Errors  Last Runtime    Last Run
------------------------------------------  -----  ---------  --------  ----------  --------------  -------------------
/opt/airflow/dags/aeroflux_orchestrator.py                           1           0  0.38s           2026-06-17T09:58:29
================================================================================
[2026-06-17T09:59:22.274+0000] {manager.py:893} INFO - 
================================================================================
DAG File Processing Stats

File Path                                   PID    Runtime      # DAGs    # Errors  Last Runtime    Last Run
------------------------------------------  -----  ---------  --------  ----------  --------------  -------------------
/opt/airflow/dags/aeroflux_orchestrator.py                           1           0  0.38s           2026-06-17T09:59:00
================================================================================
[2026-06-17T09:59:52.376+0000] {manager.py:893} INFO - 
================================================================================
DAG File Processing Stats

File Path                                   PID    Runtime      # DAGs    # Errors  Last Runtime    Last Run
------------------------------------------  -----  ---------  --------  ----------  --------------  -------------------
/opt/airflow/dags/aeroflux_orchestrator.py                           1           0  0.39s           2026-06-17T09:59:31
================================================================================
[2026-06-17T10:00:51.842+0000] {manager.py:487} INFO - Processing files using up to 2 processes at a time 
[2026-06-17T10:00:51.843+0000] {manager.py:488} INFO - Process each file at most once every 30 seconds
[2026-06-17T10:00:51.843+0000] {manager.py:489} INFO - Checking for new files in /opt/airflow/dags every 300 seconds
[2026-06-17T10:00:51.844+0000] {manager.py:759} INFO - Searching for files in /opt/airflow/dags
[2026-06-17T10:00:51.846+0000] {manager.py:762} INFO - There are 1 files in /opt/airflow/dags
[2026-06-17T10:00:51.938+0000] {manager.py:893} INFO - 
================================================================================
DAG File Processing Stats

File Path                                     PID  Runtime      # DAGs    # Errors  Last Runtime    Last Run
------------------------------------------  -----  ---------  --------  ----------  --------------  ----------
/opt/airflow/dags/aeroflux_orchestrator.py     47  0.04s             0           0
================================================================================
[2026-06-17T10:01:22.241+0000] {manager.py:893} INFO - 
================================================================================
DAG File Processing Stats

File Path                                   PID    Runtime      # DAGs    # Errors  Last Runtime    Last Run
------------------------------------------  -----  ---------  --------  ----------  --------------  -------------------
/opt/airflow/dags/aeroflux_orchestrator.py                           1           0  1.13s           2026-06-17T10:00:53
================================================================================
[2026-06-17T10:01:52.542+0000] {manager.py:893} INFO - 
================================================================================
DAG File Processing Stats

File Path                                   PID    Runtime      # DAGs    # Errors  Last Runtime    Last Run
------------------------------------------  -----  ---------  --------  ----------  --------------  -------------------
/opt/airflow/dags/aeroflux_orchestrator.py                           1           0  0.47s           2026-06-17T10:01:23
================================================================================
[2026-06-17T10:02:22.865+0000] {manager.py:893} INFO - 
================================================================================
DAG File Processing Stats

File Path                                   PID    Runtime      # DAGs    # Errors  Last Runtime    Last Run
------------------------------------------  -----  ---------  --------  ----------  --------------  -------------------
/opt/airflow/dags/aeroflux_orchestrator.py                           1           0  0.51s           2026-06-17T10:01:54
================================================================================
[2026-06-17T10:02:53.329+0000] {manager.py:893} INFO - 
================================================================================
DAG File Processing Stats

File Path                                   PID    Runtime      # DAGs    # Errors  Last Runtime    Last Run
------------------------------------------  -----  ---------  --------  ----------  --------------  -------------------
/opt/airflow/dags/aeroflux_orchestrator.py                           1           0  0.46s           2026-06-17T10:02:25
================================================================================
[2026-06-17T10:03:23.936+0000] {manager.py:893} INFO - 
================================================================================
DAG File Processing Stats

File Path                                   PID    Runtime      # DAGs    # Errors  Last Runtime    Last Run
------------------------------------------  -----  ---------  --------  ----------  --------------  -------------------
/opt/airflow/dags/aeroflux_orchestrator.py                           1           0  0.31s           2026-06-17T10:02:55
================================================================================
[2026-06-17T10:03:54.590+0000] {manager.py:893} INFO - 
================================================================================
DAG File Processing Stats

File Path                                   PID    Runtime      # DAGs    # Errors  Last Runtime    Last Run
------------------------------------------  -----  ---------  --------  ----------  --------------  -------------------
/opt/airflow/dags/aeroflux_orchestrator.py                           1           0  0.36s           2026-06-17T10:03:26
================================================================================
[2026-06-17T10:04:24.944+0000] {manager.py:893} INFO - 
================================================================================
DAG File Processing Stats

File Path                                   PID    Runtime      # DAGs    # Errors  Last Runtime    Last Run
------------------------------------------  -----  ---------  --------  ----------  --------------  -------------------
/opt/airflow/dags/aeroflux_orchestrator.py                           1           0  0.36s           2026-06-17T10:03:56
================================================================================
[2026-06-17T10:04:55.687+0000] {manager.py:893} INFO - 
================================================================================
DAG File Processing Stats

File Path                                   PID    Runtime      # DAGs    # Errors  Last Runtime    Last Run
------------------------------------------  -----  ---------  --------  ----------  --------------  -------------------
/opt/airflow/dags/aeroflux_orchestrator.py                           1           0  0.37s           2026-06-17T10:04:27
================================================================================
[2026-06-17T10:05:26.379+0000] {manager.py:893} INFO - 
================================================================================
DAG File Processing Stats

File Path                                   PID    Runtime      # DAGs    # Errors  Last Runtime    Last Run
------------------------------------------  -----  ---------  --------  ----------  --------------  -------------------
/opt/airflow/dags/aeroflux_orchestrator.py                           1           0  0.37s           2026-06-17T10:04:58
================================================================================
[2026-06-17T10:05:52.010+0000] {manager.py:759} INFO - Searching for files in /opt/airflow/dags
[2026-06-17T10:05:52.026+0000] {manager.py:762} INFO - There are 1 files in /opt/airflow/dags
[2026-06-17T10:05:56.785+0000] {manager.py:893} INFO - 
================================================================================
DAG File Processing Stats

File Path                                   PID    Runtime      # DAGs    # Errors  Last Runtime    Last Run
------------------------------------------  -----  ---------  --------  ----------  --------------  -------------------
/opt/airflow/dags/aeroflux_orchestrator.py                           1           0  0.36s           2026-06-17T10:05:28
================================================================================
[2026-06-17T10:06:27.468+0000] {manager.py:893} INFO - 
================================================================================
DAG File Processing Stats

File Path                                   PID    Runtime      # DAGs    # Errors  Last Runtime    Last Run
------------------------------------------  -----  ---------  --------  ----------  --------------  -------------------
/opt/airflow/dags/aeroflux_orchestrator.py                           1           0  0.39s           2026-06-17T10:05:59
================================================================================
[2026-06-17T10:06:57.834+0000] {manager.py:893} INFO - 
================================================================================
DAG File Processing Stats

File Path                                   PID    Runtime      # DAGs    # Errors  Last Runtime    Last Run
------------------------------------------  -----  ---------  --------  ----------  --------------  -------------------
/opt/airflow/dags/aeroflux_orchestrator.py                           1           0  0.41s           2026-06-17T10:06:29
================================================================================
[2026-06-17T10:07:28.145+0000] {manager.py:893} INFO - 
================================================================================
DAG File Processing Stats

File Path                                   PID    Runtime      # DAGs    # Errors  Last Runtime    Last Run
------------------------------------------  -----  ---------  --------  ----------  --------------  -------------------
/opt/airflow/dags/aeroflux_orchestrator.py                           1           0  0.69s           2026-06-17T10:07:00
================================================================================
[2026-06-17T10:07:58.572+0000] {manager.py:893} INFO - 
================================================================================
DAG File Processing Stats

File Path                                   PID    Runtime      # DAGs    # Errors  Last Runtime    Last Run
------------------------------------------  -----  ---------  --------  ----------  --------------  -------------------
/opt/airflow/dags/aeroflux_orchestrator.py                           1           0  0.41s           2026-06-17T10:07:31
================================================================================
[2026-06-17T10:08:29.326+0000] {manager.py:893} INFO - 
================================================================================
DAG File Processing Stats

File Path                                   PID    Runtime      # DAGs    # Errors  Last Runtime    Last Run
------------------------------------------  -----  ---------  --------  ----------  --------------  -------------------
/opt/airflow/dags/aeroflux_orchestrator.py                           1           0  0.38s           2026-06-17T10:08:02
================================================================================
[2026-06-17T10:08:59.921+0000] {manager.py:893} INFO - 
================================================================================
DAG File Processing Stats

File Path                                   PID    Runtime      # DAGs    # Errors  Last Runtime    Last Run
------------------------------------------  -----  ---------  --------  ----------  --------------  -------------------
/opt/airflow/dags/aeroflux_orchestrator.py                           1           0  0.40s           2026-06-17T10:08:32
================================================================================
[2026-06-17T10:09:30.373+0000] {manager.py:893} INFO - 
================================================================================
DAG File Processing Stats

File Path                                   PID    Runtime      # DAGs    # Errors  Last Runtime    Last Run
------------------------------------------  -----  ---------  --------  ----------  --------------  -------------------
/opt/airflow/dags/aeroflux_orchestrator.py                           1           0  0.40s           2026-06-17T10:09:03
================================================================================
[2026-06-17T10:10:01.035+0000] {manager.py:893} INFO - 
================================================================================
DAG File Processing Stats

File Path                                   PID    Runtime      # DAGs    # Errors  Last Runtime    Last Run
------------------------------------------  -----  ---------  --------  ----------  --------------  -------------------
/opt/airflow/dags/aeroflux_orchestrator.py                           1           0  0.37s           2026-06-17T10:09:33
================================================================================
[2026-06-17T10:10:31.450+0000] {manager.py:893} INFO - 
================================================================================
DAG File Processing Stats

File Path                                   PID    Runtime      # DAGs    # Errors  Last Runtime    Last Run
------------------------------------------  -----  ---------  --------  ----------  --------------  -------------------
/opt/airflow/dags/aeroflux_orchestrator.py                           1           0  0.38s           2026-06-17T10:10:04
================================================================================
[2026-06-17T10:10:52.032+0000] {manager.py:759} INFO - Searching for files in /opt/airflow/dags
[2026-06-17T10:10:52.046+0000] {manager.py:762} INFO - There are 1 files in /opt/airflow/dags
[2026-06-17T10:11:02.054+0000] {manager.py:893} INFO - 
================================================================================
DAG File Processing Stats

File Path                                   PID    Runtime      # DAGs    # Errors  Last Runtime    Last Run
------------------------------------------  -----  ---------  --------  ----------  --------------  -------------------
/opt/airflow/dags/aeroflux_orchestrator.py                           1           0  0.40s           2026-06-17T10:10:34
================================================================================
[2026-06-17T10:11:32.507+0000] {manager.py:893} INFO - 
================================================================================
DAG File Processing Stats

File Path                                   PID    Runtime      # DAGs    # Errors  Last Runtime    Last Run
------------------------------------------  -----  ---------  --------  ----------  --------------  -------------------
/opt/airflow/dags/aeroflux_orchestrator.py                           1           0  0.41s           2026-06-17T10:11:05
================================================================================
[2026-06-17T10:12:03.223+0000] {manager.py:893} INFO - 
================================================================================
DAG File Processing Stats

File Path                                   PID    Runtime      # DAGs    # Errors  Last Runtime    Last Run
------------------------------------------  -----  ---------  --------  ----------  --------------  -------------------
/opt/airflow/dags/aeroflux_orchestrator.py                           1           0  0.39s           2026-06-17T10:11:35
================================================================================
[2026-06-17T10:12:33.680+0000] {manager.py:893} INFO - 
================================================================================
DAG File Processing Stats

File Path                                   PID    Runtime      # DAGs    # Errors  Last Runtime    Last Run
------------------------------------------  -----  ---------  --------  ----------  --------------  -------------------
/opt/airflow/dags/aeroflux_orchestrator.py                           1           0  0.42s           2026-06-17T10:12:06
================================================================================
[2026-06-17T10:13:04.320+0000] {manager.py:893} INFO - 
================================================================================
DAG File Processing Stats

File Path                                   PID    Runtime      # DAGs    # Errors  Last Runtime    Last Run
------------------------------------------  -----  ---------  --------  ----------  --------------  -------------------
/opt/airflow/dags/aeroflux_orchestrator.py                           1           0  0.41s           2026-06-17T10:12:37
================================================================================
[2026-06-17T10:13:19.660+0000] {manager.py:469} INFO - Exiting gracefully upon receiving signal 15
[2026-06-17T10:14:01.238+0000] {manager.py:487} INFO - Processing files using up to 2 processes at a time 
[2026-06-17T10:14:01.239+0000] {manager.py:488} INFO - Process each file at most once every 30 seconds
[2026-06-17T10:14:01.239+0000] {manager.py:489} INFO - Checking for new files in /opt/airflow/dags every 300 seconds
[2026-06-17T10:14:01.240+0000] {manager.py:759} INFO - Searching for files in /opt/airflow/dags
[2026-06-17T10:14:01.243+0000] {manager.py:762} INFO - There are 1 files in /opt/airflow/dags
[2026-06-17T10:14:01.423+0000] {manager.py:893} INFO - 
================================================================================
DAG File Processing Stats

File Path                                     PID  Runtime      # DAGs    # Errors  Last Runtime    Last Run
------------------------------------------  -----  ---------  --------  ----------  --------------  ----------
/opt/airflow/dags/aeroflux_orchestrator.py     47  0.04s             0           0
================================================================================
[2026-06-17T10:14:31.654+0000] {manager.py:893} INFO - 
================================================================================
DAG File Processing Stats

File Path                                   PID    Runtime      # DAGs    # Errors  Last Runtime    Last Run
------------------------------------------  -----  ---------  --------  ----------  --------------  -------------------
/opt/airflow/dags/aeroflux_orchestrator.py                           1           0  0.98s           2026-06-17T10:14:02
================================================================================
[2026-06-17T10:15:01.984+0000] {manager.py:893} INFO - 
================================================================================
DAG File Processing Stats

File Path                                   PID    Runtime      # DAGs    # Errors  Last Runtime    Last Run
------------------------------------------  -----  ---------  --------  ----------  --------------  -------------------
/opt/airflow/dags/aeroflux_orchestrator.py                           1           0  0.48s           2026-06-17T10:14:33
================================================================================
[2026-06-17T10:15:32.239+0000] {manager.py:893} INFO - 
================================================================================
DAG File Processing Stats

File Path                                   PID    Runtime      # DAGs    # Errors  Last Runtime    Last Run
------------------------------------------  -----  ---------  --------  ----------  --------------  -------------------
/opt/airflow/dags/aeroflux_orchestrator.py                           1           0  0.49s           2026-06-17T10:15:03
================================================================================
[2026-06-17T10:16:02.564+0000] {manager.py:893} INFO - 
================================================================================
DAG File Processing Stats

File Path                                   PID    Runtime      # DAGs    # Errors  Last Runtime    Last Run
------------------------------------------  -----  ---------  --------  ----------  --------------  -------------------
/opt/airflow/dags/aeroflux_orchestrator.py                           1           0  0.49s           2026-06-17T10:15:34
================================================================================
[2026-06-17T10:16:32.990+0000] {manager.py:893} INFO - 
================================================================================
DAG File Processing Stats

File Path                                   PID    Runtime      # DAGs    # Errors  Last Runtime    Last Run
------------------------------------------  -----  ---------  --------  ----------  --------------  -------------------
/opt/airflow/dags/aeroflux_orchestrator.py                           1           0  0.32s           2026-06-17T10:16:05
================================================================================
[2026-06-17T10:17:03.402+0000] {manager.py:893} INFO - 
================================================================================
DAG File Processing Stats

File Path                                   PID    Runtime      # DAGs    # Errors  Last Runtime    Last Run
------------------------------------------  -----  ---------  --------  ----------  --------------  -------------------
/opt/airflow/dags/aeroflux_orchestrator.py                           1           0  0.43s           2026-06-17T10:16:36
================================================================================
[2026-06-17T10:17:34.049+0000] {manager.py:893} INFO - 
================================================================================
DAG File Processing Stats

File Path                                   PID    Runtime      # DAGs    # Errors  Last Runtime    Last Run
------------------------------------------  -----  ---------  --------  ----------  --------------  -------------------
/opt/airflow/dags/aeroflux_orchestrator.py                           1           0  0.33s           2026-06-17T10:17:07
================================================================================
[2026-06-17T10:18:04.095+0000] {manager.py:893} INFO - 
================================================================================
DAG File Processing Stats

File Path                                   PID    Runtime      # DAGs    # Errors  Last Runtime    Last Run
------------------------------------------  -----  ---------  --------  ----------  --------------  -------------------
/opt/airflow/dags/aeroflux_orchestrator.py                           1           0  0.38s           2026-06-17T10:17:37
================================================================================
[2026-06-17T10:18:34.493+0000] {manager.py:893} INFO - 
================================================================================
DAG File Processing Stats

File Path                                   PID    Runtime      # DAGs    # Errors  Last Runtime    Last Run
------------------------------------------  -----  ---------  --------  ----------  --------------  -------------------
/opt/airflow/dags/aeroflux_orchestrator.py                           1           0  0.38s           2026-06-17T10:18:08
================================================================================
[2026-06-17T10:19:01.476+0000] {manager.py:759} INFO - Searching for files in /opt/airflow/dags
[2026-06-17T10:19:01.491+0000] {manager.py:762} INFO - There are 1 files in /opt/airflow/dags
[2026-06-17T10:19:04.563+0000] {manager.py:893} INFO - 
================================================================================
DAG File Processing Stats

File Path                                   PID    Runtime      # DAGs    # Errors  Last Runtime    Last Run
------------------------------------------  -----  ---------  --------  ----------  --------------  -------------------
/opt/airflow/dags/aeroflux_orchestrator.py                           1           0  0.38s           2026-06-17T10:18:39
================================================================================
[2026-06-17T10:19:34.938+0000] {manager.py:893} INFO - 
================================================================================
DAG File Processing Stats

File Path                                   PID    Runtime      # DAGs    # Errors  Last Runtime    Last Run
------------------------------------------  -----  ---------  --------  ----------  --------------  -------------------
/opt/airflow/dags/aeroflux_orchestrator.py                           1           0  0.38s           2026-06-17T10:19:09
================================================================================
[2026-06-17T10:20:05.743+0000] {manager.py:893} INFO - 
================================================================================
DAG File Processing Stats

File Path                                   PID    Runtime      # DAGs    # Errors  Last Runtime    Last Run
------------------------------------------  -----  ---------  --------  ----------  --------------  -------------------
/opt/airflow/dags/aeroflux_orchestrator.py                           1           0  0.41s           2026-06-17T10:19:40
================================================================================
[2026-06-17T10:20:36.196+0000] {manager.py:893} INFO - 
================================================================================
DAG File Processing Stats

File Path                                   PID    Runtime      # DAGs    # Errors  Last Runtime    Last Run
------------------------------------------  -----  ---------  --------  ----------  --------------  -------------------
/opt/airflow/dags/aeroflux_orchestrator.py                           1           0  0.38s           2026-06-17T10:20:11
================================================================================
[2026-06-17T10:21:06.693+0000] {manager.py:893} INFO - 
================================================================================
DAG File Processing Stats

File Path                                   PID    Runtime      # DAGs    # Errors  Last Runtime    Last Run
------------------------------------------  -----  ---------  --------  ----------  --------------  -------------------
/opt/airflow/dags/aeroflux_orchestrator.py                           1           0  0.39s           2026-06-17T10:20:41
================================================================================
[2026-06-17T10:21:37.314+0000] {manager.py:893} INFO - 
================================================================================
DAG File Processing Stats

File Path                                   PID    Runtime      # DAGs    # Errors  Last Runtime    Last Run
------------------------------------------  -----  ---------  --------  ----------  --------------  -------------------
/opt/airflow/dags/aeroflux_orchestrator.py                           1           0  0.38s           2026-06-17T10:21:12
================================================================================
[2026-06-17T10:22:07.714+0000] {manager.py:893} INFO - 
================================================================================
DAG File Processing Stats

File Path                                   PID    Runtime      # DAGs    # Errors  Last Runtime    Last Run
------------------------------------------  -----  ---------  --------  ----------  --------------  -------------------
/opt/airflow/dags/aeroflux_orchestrator.py                           1           0  0.37s           2026-06-17T10:21:42
================================================================================
[2026-06-17T10:22:37.769+0000] {manager.py:893} INFO - 
================================================================================
DAG File Processing Stats

File Path                                   PID    Runtime      # DAGs    # Errors  Last Runtime    Last Run
------------------------------------------  -----  ---------  --------  ----------  --------------  -------------------
/opt/airflow/dags/aeroflux_orchestrator.py                           1           0  0.40s           2026-06-17T10:22:13
================================================================================
[2026-06-17T10:23:08.137+0000] {manager.py:893} INFO - 
================================================================================
DAG File Processing Stats

File Path                                   PID    Runtime      # DAGs    # Errors  Last Runtime    Last Run
------------------------------------------  -----  ---------  --------  ----------  --------------  -------------------
/opt/airflow/dags/aeroflux_orchestrator.py                           1           0  0.39s           2026-06-17T10:22:44
================================================================================
[2026-06-17T10:23:38.214+0000] {manager.py:893} INFO - 
================================================================================
DAG File Processing Stats

File Path                                   PID    Runtime      # DAGs    # Errors  Last Runtime    Last Run
------------------------------------------  -----  ---------  --------  ----------  --------------  -------------------
/opt/airflow/dags/aeroflux_orchestrator.py                           1           0  0.38s           2026-06-17T10:23:14
================================================================================
[2026-06-17T10:24:01.495+0000] {manager.py:759} INFO - Searching for files in /opt/airflow/dags
[2026-06-17T10:24:01.508+0000] {manager.py:762} INFO - There are 1 files in /opt/airflow/dags
[2026-06-17T10:24:08.536+0000] {manager.py:893} INFO - 
================================================================================
DAG File Processing Stats

File Path                                   PID    Runtime      # DAGs    # Errors  Last Runtime    Last Run
------------------------------------------  -----  ---------  --------  ----------  --------------  -------------------
/opt/airflow/dags/aeroflux_orchestrator.py                           1           0  0.38s           2026-06-17T10:23:45
================================================================================
[2026-06-17T10:24:38.942+0000] {manager.py:893} INFO - 
================================================================================
DAG File Processing Stats

File Path                                   PID    Runtime      # DAGs    # Errors  Last Runtime    Last Run
------------------------------------------  -----  ---------  --------  ----------  --------------  -------------------
/opt/airflow/dags/aeroflux_orchestrator.py                           1           0  0.38s           2026-06-17T10:24:16
================================================================================
[2026-06-17T10:25:09.034+0000] {manager.py:893} INFO - 
================================================================================
DAG File Processing Stats

File Path                                   PID    Runtime      # DAGs    # Errors  Last Runtime    Last Run
------------------------------------------  -----  ---------  --------  ----------  --------------  -------------------
/opt/airflow/dags/aeroflux_orchestrator.py                           1           0  0.41s           2026-06-17T10:24:46
================================================================================
[2026-06-17T10:25:39.406+0000] {manager.py:893} INFO - 
================================================================================
DAG File Processing Stats

File Path                                   PID    Runtime      # DAGs    # Errors  Last Runtime    Last Run
------------------------------------------  -----  ---------  --------  ----------  --------------  -------------------
/opt/airflow/dags/aeroflux_orchestrator.py                           1           0  0.38s           2026-06-17T10:25:17
================================================================================
[2026-06-17T10:26:09.863+0000] {manager.py:893} INFO - 
================================================================================
DAG File Processing Stats

File Path                                   PID    Runtime      # DAGs    # Errors  Last Runtime    Last Run
------------------------------------------  -----  ---------  --------  ----------  --------------  -------------------
/opt/airflow/dags/aeroflux_orchestrator.py                           1           0  0.39s           2026-06-17T10:25:47
================================================================================
[2026-06-17T10:26:40.561+0000] {manager.py:893} INFO - 
================================================================================
DAG File Processing Stats

File Path                                   PID    Runtime      # DAGs    # Errors  Last Runtime    Last Run
------------------------------------------  -----  ---------  --------  ----------  --------------  -------------------
/opt/airflow/dags/aeroflux_orchestrator.py                           1           0  0.40s           2026-06-17T10:26:18
================================================================================
[2026-06-17T10:27:11.045+0000] {manager.py:893} INFO - 
================================================================================
DAG File Processing Stats

File Path                                   PID    Runtime      # DAGs    # Errors  Last Runtime    Last Run
------------------------------------------  -----  ---------  --------  ----------  --------------  -------------------
/opt/airflow/dags/aeroflux_orchestrator.py                           1           0  0.41s           2026-06-17T10:26:49
================================================================================
[2026-06-17T10:27:41.668+0000] {manager.py:893} INFO - 
================================================================================
DAG File Processing Stats

File Path                                   PID    Runtime      # DAGs    # Errors  Last Runtime    Last Run
------------------------------------------  -----  ---------  --------  ----------  --------------  -------------------
/opt/airflow/dags/aeroflux_orchestrator.py                           1           0  0.43s           2026-06-17T10:27:19
================================================================================
[2026-06-17T10:28:12.146+0000] {manager.py:893} INFO - 
================================================================================
DAG File Processing Stats

File Path                                   PID    Runtime      # DAGs    # Errors  Last Runtime    Last Run
------------------------------------------  -----  ---------  --------  ----------  --------------  -------------------
/opt/airflow/dags/aeroflux_orchestrator.py                           1           0  0.38s           2026-06-17T10:27:50
================================================================================
[2026-06-17T10:28:42.762+0000] {manager.py:893} INFO - 
================================================================================
DAG File Processing Stats

File Path                                   PID    Runtime      # DAGs    # Errors  Last Runtime    Last Run
------------------------------------------  -----  ---------  --------  ----------  --------------  -------------------
/opt/airflow/dags/aeroflux_orchestrator.py                           1           0  0.48s           2026-06-17T10:28:20
================================================================================
[2026-06-17T10:29:02.167+0000] {manager.py:759} INFO - Searching for files in /opt/airflow/dags
[2026-06-17T10:29:02.184+0000] {manager.py:762} INFO - There are 1 files in /opt/airflow/dags
[2026-06-17T10:29:13.375+0000] {manager.py:893} INFO - 
================================================================================
DAG File Processing Stats

File Path                                   PID    Runtime      # DAGs    # Errors  Last Runtime    Last Run
------------------------------------------  -----  ---------  --------  ----------  --------------  -------------------
/opt/airflow/dags/aeroflux_orchestrator.py                           1           0  0.38s           2026-06-17T10:28:51
================================================================================
[2026-06-17T10:29:43.811+0000] {manager.py:893} INFO - 
================================================================================
DAG File Processing Stats

File Path                                   PID    Runtime      # DAGs    # Errors  Last Runtime    Last Run
------------------------------------------  -----  ---------  --------  ----------  --------------  -------------------
/opt/airflow/dags/aeroflux_orchestrator.py                           1           0  0.46s           2026-06-17T10:29:21
================================================================================
[2026-06-17T10:30:13.839+0000] {manager.py:893} INFO - 
================================================================================
DAG File Processing Stats

File Path                                   PID    Runtime      # DAGs    # Errors  Last Runtime    Last Run
------------------------------------------  -----  ---------  --------  ----------  --------------  -------------------
/opt/airflow/dags/aeroflux_orchestrator.py                           1           0  0.37s           2026-06-17T10:29:52
================================================================================
[2026-06-17T10:30:44.279+0000] {manager.py:893} INFO - 
================================================================================
DAG File Processing Stats

File Path                                   PID    Runtime      # DAGs    # Errors  Last Runtime    Last Run
------------------------------------------  -----  ---------  --------  ----------  --------------  -------------------
/opt/airflow/dags/aeroflux_orchestrator.py                           1           0  0.41s           2026-06-17T10:30:23
================================================================================
[2026-06-17T10:31:14.929+0000] {manager.py:893} INFO - 
================================================================================
DAG File Processing Stats

File Path                                   PID    Runtime      # DAGs    # Errors  Last Runtime    Last Run
------------------------------------------  -----  ---------  --------  ----------  --------------  -------------------
/opt/airflow/dags/aeroflux_orchestrator.py                           1           0  0.41s           2026-06-17T10:30:53
================================================================================
[2026-06-17T10:31:45.457+0000] {manager.py:893} INFO - 
================================================================================
DAG File Processing Stats

File Path                                   PID    Runtime      # DAGs    # Errors  Last Runtime    Last Run
------------------------------------------  -----  ---------  --------  ----------  --------------  -------------------
/opt/airflow/dags/aeroflux_orchestrator.py                           1           0  0.39s           2026-06-17T10:31:24
================================================================================
[2026-06-17T10:32:16.116+0000] {manager.py:893} INFO - 
================================================================================
DAG File Processing Stats

File Path                                   PID    Runtime      # DAGs    # Errors  Last Runtime    Last Run
------------------------------------------  -----  ---------  --------  ----------  --------------  -------------------
/opt/airflow/dags/aeroflux_orchestrator.py                           1           0  0.42s           2026-06-17T10:31:55
================================================================================
[2026-06-17T10:32:46.600+0000] {manager.py:893} INFO - 
================================================================================
DAG File Processing Stats

File Path                                   PID    Runtime      # DAGs    # Errors  Last Runtime    Last Run
------------------------------------------  -----  ---------  --------  ----------  --------------  -------------------
/opt/airflow/dags/aeroflux_orchestrator.py                           1           0  0.40s           2026-06-17T10:32:25
================================================================================
[2026-06-17T10:33:17.247+0000] {manager.py:893} INFO - 
================================================================================
DAG File Processing Stats

File Path                                   PID    Runtime      # DAGs    # Errors  Last Runtime    Last Run
------------------------------------------  -----  ---------  --------  ----------  --------------  -------------------
/opt/airflow/dags/aeroflux_orchestrator.py                           1           0  0.37s           2026-06-17T10:32:56
================================================================================
[2026-06-17T10:33:47.656+0000] {manager.py:893} INFO - 
================================================================================
DAG File Processing Stats

File Path                                   PID    Runtime      # DAGs    # Errors  Last Runtime    Last Run
------------------------------------------  -----  ---------  --------  ----------  --------------  -------------------
/opt/airflow/dags/aeroflux_orchestrator.py                           1           0  0.40s           2026-06-17T10:33:26
================================================================================
[2026-06-17T10:34:02.209+0000] {manager.py:759} INFO - Searching for files in /opt/airflow/dags
[2026-06-17T10:34:02.221+0000] {manager.py:762} INFO - There are 1 files in /opt/airflow/dags
[2026-06-17T10:34:17.717+0000] {manager.py:893} INFO - 
================================================================================
DAG File Processing Stats

File Path                                   PID    Runtime      # DAGs    # Errors  Last Runtime    Last Run
------------------------------------------  -----  ---------  --------  ----------  --------------  -------------------
/opt/airflow/dags/aeroflux_orchestrator.py                           1           0  0.39s           2026-06-17T10:33:57
================================================================================
[2026-06-17T10:34:48.106+0000] {manager.py:893} INFO - 
================================================================================
DAG File Processing Stats

File Path                                   PID    Runtime      # DAGs    # Errors  Last Runtime    Last Run
------------------------------------------  -----  ---------  --------  ----------  --------------  -------------------
/opt/airflow/dags/aeroflux_orchestrator.py                           1           0  0.39s           2026-06-17T10:34:27
================================================================================
[2026-06-17T10:35:18.532+0000] {manager.py:893} INFO - 
================================================================================
DAG File Processing Stats

File Path                                   PID    Runtime      # DAGs    # Errors  Last Runtime    Last Run
------------------------------------------  -----  ---------  --------  ----------  --------------  -------------------
/opt/airflow/dags/aeroflux_orchestrator.py                           1           0  0.39s           2026-06-17T10:34:58
================================================================================
[2026-06-17T10:35:49.108+0000] {manager.py:893} INFO - 
================================================================================
DAG File Processing Stats

File Path                                   PID    Runtime      # DAGs    # Errors  Last Runtime    Last Run
------------------------------------------  -----  ---------  --------  ----------  --------------  -------------------
/opt/airflow/dags/aeroflux_orchestrator.py                           1           0  0.35s           2026-06-17T10:35:28
================================================================================
[2026-06-17T10:36:19.490+0000] {manager.py:893} INFO - 
================================================================================
DAG File Processing Stats

File Path                                   PID    Runtime      # DAGs    # Errors  Last Runtime    Last Run
------------------------------------------  -----  ---------  --------  ----------  --------------  -------------------
/opt/airflow/dags/aeroflux_orchestrator.py                           1           0  0.42s           2026-06-17T10:35:59
================================================================================
[2026-06-17T10:36:49.580+0000] {manager.py:893} INFO - 
================================================================================
DAG File Processing Stats

File Path                                   PID    Runtime      # DAGs    # Errors  Last Runtime    Last Run
------------------------------------------  -----  ---------  --------  ----------  --------------  -------------------
/opt/airflow/dags/aeroflux_orchestrator.py                           1           0  0.40s           2026-06-17T10:36:30
================================================================================
[2026-06-17T10:37:19.930+0000] {manager.py:893} INFO - 
================================================================================
DAG File Processing Stats

File Path                                   PID    Runtime      # DAGs    # Errors  Last Runtime    Last Run
------------------------------------------  -----  ---------  --------  ----------  --------------  -------------------
/opt/airflow/dags/aeroflux_orchestrator.py                           1           0  0.37s           2026-06-17T10:37:01
================================================================================
[2026-06-17T10:37:50.033+0000] {manager.py:893} INFO - 
================================================================================
DAG File Processing Stats

File Path                                   PID    Runtime      # DAGs    # Errors  Last Runtime    Last Run
------------------------------------------  -----  ---------  --------  ----------  --------------  -------------------
/opt/airflow/dags/aeroflux_orchestrator.py                           1           0  0.41s           2026-06-17T10:37:31
================================================================================
[2026-06-17T10:38:20.417+0000] {manager.py:893} INFO - 
================================================================================
DAG File Processing Stats

File Path                                   PID    Runtime      # DAGs    # Errors  Last Runtime    Last Run
------------------------------------------  -----  ---------  --------  ----------  --------------  -------------------
/opt/airflow/dags/aeroflux_orchestrator.py                           1           0  0.39s           2026-06-17T10:38:02
================================================================================
[2026-06-17T10:38:50.584+0000] {manager.py:893} INFO - 
================================================================================
DAG File Processing Stats

File Path                                   PID    Runtime      # DAGs    # Errors  Last Runtime    Last Run
------------------------------------------  -----  ---------  --------  ----------  --------------  -------------------
/opt/airflow/dags/aeroflux_orchestrator.py                           1           0  0.55s           2026-06-17T10:38:33
================================================================================
[2026-06-17T10:39:02.703+0000] {manager.py:759} INFO - Searching for files in /opt/airflow/dags
[2026-06-17T10:39:02.717+0000] {manager.py:762} INFO - There are 1 files in /opt/airflow/dags
[2026-06-17T10:39:21.007+0000] {manager.py:893} INFO - 
================================================================================
DAG File Processing Stats

File Path                                   PID    Runtime      # DAGs    # Errors  Last Runtime    Last Run
------------------------------------------  -----  ---------  --------  ----------  --------------  -------------------
/opt/airflow/dags/aeroflux_orchestrator.py                           1           0  0.38s           2026-06-17T10:39:04
================================================================================
[2026-06-17T10:39:51.661+0000] {manager.py:893} INFO - 
================================================================================
DAG File Processing Stats

File Path                                   PID    Runtime      # DAGs    # Errors  Last Runtime    Last Run
------------------------------------------  -----  ---------  --------  ----------  --------------  -------------------
/opt/airflow/dags/aeroflux_orchestrator.py                           1           0  0.38s           2026-06-17T10:39:34
================================================================================
[2026-06-17T10:40:22.159+0000] {manager.py:893} INFO - 
================================================================================
DAG File Processing Stats

File Path                                   PID    Runtime      # DAGs    # Errors  Last Runtime    Last Run
------------------------------------------  -----  ---------  --------  ----------  --------------  -------------------
/opt/airflow/dags/aeroflux_orchestrator.py                           1           0  0.38s           2026-06-17T10:40:05
================================================================================
[2026-06-17T10:40:52.651+0000] {manager.py:893} INFO - 
================================================================================
DAG File Processing Stats

File Path                                   PID    Runtime      # DAGs    # Errors  Last Runtime    Last Run
------------------------------------------  -----  ---------  --------  ----------  --------------  -------------------
/opt/airflow/dags/aeroflux_orchestrator.py                           1           0  0.60s           2026-06-17T10:40:35
================================================================================
[2026-06-17T10:41:23.338+0000] {manager.py:893} INFO - 
================================================================================
DAG File Processing Stats

File Path                                   PID    Runtime      # DAGs    # Errors  Last Runtime    Last Run
------------------------------------------  -----  ---------  --------  ----------  --------------  -------------------
/opt/airflow/dags/aeroflux_orchestrator.py                           1           0  0.49s           2026-06-17T10:41:06
================================================================================
[2026-06-17T10:41:53.967+0000] {manager.py:893} INFO - 
================================================================================
DAG File Processing Stats

File Path                                   PID    Runtime      # DAGs    # Errors  Last Runtime    Last Run
------------------------------------------  -----  ---------  --------  ----------  --------------  -------------------
/opt/airflow/dags/aeroflux_orchestrator.py                           1           0  0.44s           2026-06-17T10:41:36
================================================================================
[2026-06-17T10:42:24.468+0000] {manager.py:893} INFO - 
================================================================================
DAG File Processing Stats

File Path                                   PID    Runtime      # DAGs    # Errors  Last Runtime    Last Run
------------------------------------------  -----  ---------  --------  ----------  --------------  -------------------
/opt/airflow/dags/aeroflux_orchestrator.py                           1           0  0.46s           2026-06-17T10:42:07
================================================================================
[2026-06-17T10:42:55.115+0000] {manager.py:893} INFO - 
================================================================================
DAG File Processing Stats

File Path                                   PID    Runtime      # DAGs    # Errors  Last Runtime    Last Run
------------------------------------------  -----  ---------  --------  ----------  --------------  -------------------
/opt/airflow/dags/aeroflux_orchestrator.py                           1           0  0.41s           2026-06-17T10:42:38
================================================================================
[2026-06-17T10:43:25.537+0000] {manager.py:893} INFO - 
================================================================================
DAG File Processing Stats

File Path                                   PID    Runtime      # DAGs    # Errors  Last Runtime    Last Run
------------------------------------------  -----  ---------  --------  ----------  --------------  -------------------
/opt/airflow/dags/aeroflux_orchestrator.py                           1           0  0.43s           2026-06-17T10:43:08
================================================================================
[2026-06-17T10:43:55.606+0000] {manager.py:893} INFO - 
================================================================================
DAG File Processing Stats

File Path                                   PID    Runtime      # DAGs    # Errors  Last Runtime    Last Run
------------------------------------------  -----  ---------  --------  ----------  --------------  -------------------
/opt/airflow/dags/aeroflux_orchestrator.py                           1           0  0.40s           2026-06-17T10:43:39
================================================================================
[2026-06-17T10:44:03.528+0000] {manager.py:759} INFO - Searching for files in /opt/airflow/dags
[2026-06-17T10:44:03.541+0000] {manager.py:762} INFO - There are 1 files in /opt/airflow/dags
[2026-06-17T10:44:25.881+0000] {manager.py:893} INFO - 
================================================================================
DAG File Processing Stats

File Path                                   PID    Runtime      # DAGs    # Errors  Last Runtime    Last Run
------------------------------------------  -----  ---------  --------  ----------  --------------  -------------------
/opt/airflow/dags/aeroflux_orchestrator.py                           1           0  0.53s           2026-06-17T10:44:10
================================================================================
[2026-06-17T10:44:56.228+0000] {manager.py:893} INFO - 
================================================================================
DAG File Processing Stats

File Path                                   PID    Runtime      # DAGs    # Errors  Last Runtime    Last Run
------------------------------------------  -----  ---------  --------  ----------  --------------  -------------------
/opt/airflow/dags/aeroflux_orchestrator.py                           1           0  0.50s           2026-06-17T10:44:41
================================================================================
[2026-06-17T10:45:26.673+0000] {manager.py:893} INFO - 
================================================================================
DAG File Processing Stats

File Path                                   PID    Runtime      # DAGs    # Errors  Last Runtime    Last Run
------------------------------------------  -----  ---------  --------  ----------  --------------  -------------------
/opt/airflow/dags/aeroflux_orchestrator.py                           1           0  0.41s           2026-06-17T10:45:11
================================================================================
[2026-06-17T10:45:57.379+0000] {manager.py:893} INFO - 
================================================================================
DAG File Processing Stats

File Path                                   PID    Runtime      # DAGs    # Errors  Last Runtime    Last Run
------------------------------------------  -----  ---------  --------  ----------  --------------  -------------------
/opt/airflow/dags/aeroflux_orchestrator.py                           1           0  0.40s           2026-06-17T10:45:42
================================================================================
[2026-06-17T10:46:27.706+0000] {manager.py:893} INFO - 
================================================================================
DAG File Processing Stats

File Path                                   PID    Runtime      # DAGs    # Errors  Last Runtime    Last Run
------------------------------------------  -----  ---------  --------  ----------  --------------  -------------------
/opt/airflow/dags/aeroflux_orchestrator.py                           1           0  0.38s           2026-06-17T10:46:12
================================================================================
[2026-06-17T10:46:57.806+0000] {manager.py:893} INFO - 
================================================================================
DAG File Processing Stats

File Path                                   PID    Runtime      # DAGs    # Errors  Last Runtime    Last Run
------------------------------------------  -----  ---------  --------  ----------  --------------  -------------------
/opt/airflow/dags/aeroflux_orchestrator.py                           1           0  0.38s           2026-06-17T10:46:43
================================================================================
[2026-06-17T10:47:28.214+0000] {manager.py:893} INFO - 
================================================================================
DAG File Processing Stats

File Path                                   PID    Runtime      # DAGs    # Errors  Last Runtime    Last Run
------------------------------------------  -----  ---------  --------  ----------  --------------  -------------------
/opt/airflow/dags/aeroflux_orchestrator.py                           1           0  0.40s           2026-06-17T10:47:14
================================================================================
[2026-06-17T10:47:58.229+0000] {manager.py:893} INFO - 
================================================================================
DAG File Processing Stats

File Path                                   PID    Runtime      # DAGs    # Errors  Last Runtime    Last Run
------------------------------------------  -----  ---------  --------  ----------  --------------  -------------------
/opt/airflow/dags/aeroflux_orchestrator.py                           1           0  0.38s           2026-06-17T10:47:45
================================================================================
[2026-06-17T10:48:28.526+0000] {manager.py:893} INFO - 
================================================================================
DAG File Processing Stats

File Path                                   PID    Runtime      # DAGs    # Errors  Last Runtime    Last Run
------------------------------------------  -----  ---------  --------  ----------  --------------  -------------------
/opt/airflow/dags/aeroflux_orchestrator.py                           1           0  0.35s           2026-06-17T10:48:15
================================================================================
[2026-06-17T10:48:58.613+0000] {manager.py:893} INFO - 
================================================================================
DAG File Processing Stats

File Path                                   PID    Runtime      # DAGs    # Errors  Last Runtime    Last Run
------------------------------------------  -----  ---------  --------  ----------  --------------  -------------------
/opt/airflow/dags/aeroflux_orchestrator.py                           1           0  0.41s           2026-06-17T10:48:46
================================================================================
[2026-06-17T10:49:03.652+0000] {manager.py:759} INFO - Searching for files in /opt/airflow/dags
[2026-06-17T10:49:03.672+0000] {manager.py:762} INFO - There are 1 files in /opt/airflow/dags
[2026-06-17T10:49:29.018+0000] {manager.py:893} INFO - 
================================================================================
DAG File Processing Stats

File Path                                   PID    Runtime      # DAGs    # Errors  Last Runtime    Last Run
------------------------------------------  -----  ---------  --------  ----------  --------------  -------------------
/opt/airflow/dags/aeroflux_orchestrator.py                           1           0  0.40s           2026-06-17T10:49:17
================================================================================
[2026-06-17T10:49:59.068+0000] {manager.py:893} INFO - 
================================================================================
DAG File Processing Stats

File Path                                   PID    Runtime      # DAGs    # Errors  Last Runtime    Last Run
------------------------------------------  -----  ---------  --------  ----------  --------------  -------------------
/opt/airflow/dags/aeroflux_orchestrator.py                           1           0  0.40s           2026-06-17T10:49:47
================================================================================
[2026-06-17T10:50:29.500+0000] {manager.py:893} INFO - 
================================================================================
DAG File Processing Stats

File Path                                   PID    Runtime      # DAGs    # Errors  Last Runtime    Last Run
------------------------------------------  -----  ---------  --------  ----------  --------------  -------------------
/opt/airflow/dags/aeroflux_orchestrator.py                           1           0  0.39s           2026-06-17T10:50:18
================================================================================
[2026-06-17T10:51:00.103+0000] {manager.py:893} INFO - 
================================================================================
DAG File Processing Stats

File Path                                   PID    Runtime      # DAGs    # Errors  Last Runtime    Last Run
------------------------------------------  -----  ---------  --------  ----------  --------------  -------------------
/opt/airflow/dags/aeroflux_orchestrator.py                           1           0  0.41s           2026-06-17T10:50:49
================================================================================
[2026-06-17T10:51:30.612+0000] {manager.py:893} INFO - 
================================================================================
DAG File Processing Stats

File Path                                   PID    Runtime      # DAGs    # Errors  Last Runtime    Last Run
------------------------------------------  -----  ---------  --------  ----------  --------------  -------------------
/opt/airflow/dags/aeroflux_orchestrator.py                           1           0  0.44s           2026-06-17T10:51:19
================================================================================
[2026-06-17T10:52:01.174+0000] {manager.py:893} INFO - 
================================================================================
DAG File Processing Stats

File Path                                   PID    Runtime      # DAGs    # Errors  Last Runtime    Last Run
------------------------------------------  -----  ---------  --------  ----------  --------------  -------------------
/opt/airflow/dags/aeroflux_orchestrator.py                           1           0  0.38s           2026-06-17T10:51:50
================================================================================
[2026-06-17T10:52:31.675+0000] {manager.py:893} INFO - 
================================================================================
DAG File Processing Stats

File Path                                   PID    Runtime      # DAGs    # Errors  Last Runtime    Last Run
------------------------------------------  -----  ---------  --------  ----------  --------------  -------------------
/opt/airflow/dags/aeroflux_orchestrator.py                           1           0  0.42s           2026-06-17T10:52:20
================================================================================
[2026-06-17T10:53:02.300+0000] {manager.py:893} INFO - 
================================================================================
DAG File Processing Stats

File Path                                   PID    Runtime      # DAGs    # Errors  Last Runtime    Last Run
------------------------------------------  -----  ---------  --------  ----------  --------------  -------------------
/opt/airflow/dags/aeroflux_orchestrator.py                           1           0  0.38s           2026-06-17T10:52:51
================================================================================
[2026-06-17T10:53:32.660+0000] {manager.py:893} INFO - 
================================================================================
DAG File Processing Stats

File Path                                   PID    Runtime      # DAGs    # Errors  Last Runtime    Last Run
------------------------------------------  -----  ---------  --------  ----------  --------------  -------------------
/opt/airflow/dags/aeroflux_orchestrator.py                           1           0  0.37s           2026-06-17T10:53:21
================================================================================
[2026-06-17T10:54:02.767+0000] {manager.py:893} INFO - 
================================================================================
DAG File Processing Stats

File Path                                   PID    Runtime      # DAGs    # Errors  Last Runtime    Last Run
------------------------------------------  -----  ---------  --------  ----------  --------------  -------------------
/opt/airflow/dags/aeroflux_orchestrator.py                           1           0  0.39s           2026-06-17T10:53:52
================================================================================
[2026-06-17T10:54:03.785+0000] {manager.py:759} INFO - Searching for files in /opt/airflow/dags
[2026-06-17T10:54:03.799+0000] {manager.py:762} INFO - There are 1 files in /opt/airflow/dags
[2026-06-17T10:54:33.206+0000] {manager.py:893} INFO - 
================================================================================
DAG File Processing Stats

File Path                                   PID    Runtime      # DAGs    # Errors  Last Runtime    Last Run
------------------------------------------  -----  ---------  --------  ----------  --------------  -------------------
/opt/airflow/dags/aeroflux_orchestrator.py                           1           0  0.40s           2026-06-17T10:54:23
================================================================================
[2026-06-17T10:55:03.303+0000] {manager.py:893} INFO - 
================================================================================
DAG File Processing Stats

File Path                                   PID    Runtime      # DAGs    # Errors  Last Runtime    Last Run
------------------------------------------  -----  ---------  --------  ----------  --------------  -------------------
/opt/airflow/dags/aeroflux_orchestrator.py                           1           0  0.41s           2026-06-17T10:54:54
================================================================================
[2026-06-17T10:55:33.750+0000] {manager.py:893} INFO - 
================================================================================
DAG File Processing Stats

File Path                                   PID    Runtime      # DAGs    # Errors  Last Runtime    Last Run
------------------------------------------  -----  ---------  --------  ----------  --------------  -------------------
/opt/airflow/dags/aeroflux_orchestrator.py                           1           0  0.39s           2026-06-17T10:55:24
================================================================================
[2026-06-17T10:56:04.470+0000] {manager.py:893} INFO - 
================================================================================
DAG File Processing Stats

File Path                                   PID    Runtime      # DAGs    # Errors  Last Runtime    Last Run
------------------------------------------  -----  ---------  --------  ----------  --------------  -------------------
/opt/airflow/dags/aeroflux_orchestrator.py                           1           0  0.43s           2026-06-17T10:55:55
================================================================================
[2026-06-17T10:56:35.013+0000] {manager.py:893} INFO - 
================================================================================
DAG File Processing Stats

File Path                                   PID    Runtime      # DAGs    # Errors  Last Runtime    Last Run
------------------------------------------  -----  ---------  --------  ----------  --------------  -------------------
/opt/airflow/dags/aeroflux_orchestrator.py                           1           0  0.42s           2026-06-17T10:56:26
================================================================================
