[2026-06-17T09:18:12.500+0000] {processor.py:157} INFO - Started process (PID=37) to work on /opt/airflow/dags/aeroflux_orchestrator.py
[2026-06-17T09:18:12.502+0000] {processor.py:829} INFO - Processing file /opt/airflow/dags/aeroflux_orchestrator.py for tasks to queue
[2026-06-17T09:18:12.510+0000] {logging_mixin.py:151} INFO - [2026-06-17T09:18:12.508+0000] {dagbag.py:539} INFO - Filling up the DagBag from /opt/airflow/dags/aeroflux_orchestrator.py
[2026-06-17T09:18:12.838+0000] {processor.py:839} INFO - DAG(s) dict_keys(['aeroflux_main_pipeline']) retrieved from /opt/airflow/dags/aeroflux_orchestrator.py
[2026-06-17T09:18:12.852+0000] {logging_mixin.py:151} INFO - [2026-06-17T09:18:12.852+0000] {dag.py:2915} INFO - Sync 1 DAGs
[2026-06-17T09:18:12.868+0000] {logging_mixin.py:151} INFO - [2026-06-17T09:18:12.868+0000] {dag.py:3696} INFO - Setting next_dagrun for aeroflux_main_pipeline to 2026-06-17T08:00:00+00:00, run_after=2026-06-17T09:00:00+00:00
[2026-06-17T09:18:12.878+0000] {processor.py:179} INFO - Processing /opt/airflow/dags/aeroflux_orchestrator.py took 0.381 seconds
[2026-06-17T09:18:43.236+0000] {processor.py:157} INFO - Started process (PID=39) to work on /opt/airflow/dags/aeroflux_orchestrator.py
[2026-06-17T09:18:43.238+0000] {processor.py:829} INFO - Processing file /opt/airflow/dags/aeroflux_orchestrator.py for tasks to queue
[2026-06-17T09:18:43.239+0000] {logging_mixin.py:151} INFO - [2026-06-17T09:18:43.239+0000] {dagbag.py:539} INFO - Filling up the DagBag from /opt/airflow/dags/aeroflux_orchestrator.py
[2026-06-17T09:18:43.580+0000] {processor.py:839} INFO - DAG(s) dict_keys(['aeroflux_main_pipeline']) retrieved from /opt/airflow/dags/aeroflux_orchestrator.py
[2026-06-17T09:18:43.605+0000] {logging_mixin.py:151} INFO - [2026-06-17T09:18:43.605+0000] {dag.py:2915} INFO - Sync 1 DAGs
[2026-06-17T09:18:43.617+0000] {logging_mixin.py:151} INFO - [2026-06-17T09:18:43.617+0000] {dag.py:3696} INFO - Setting next_dagrun for aeroflux_main_pipeline to 2026-06-17T08:00:00+00:00, run_after=2026-06-17T09:00:00+00:00
[2026-06-17T09:18:43.625+0000] {processor.py:179} INFO - Processing /opt/airflow/dags/aeroflux_orchestrator.py took 0.397 seconds
[2026-06-17T09:19:13.689+0000] {processor.py:157} INFO - Started process (PID=41) to work on /opt/airflow/dags/aeroflux_orchestrator.py
[2026-06-17T09:19:13.690+0000] {processor.py:829} INFO - Processing file /opt/airflow/dags/aeroflux_orchestrator.py for tasks to queue
[2026-06-17T09:19:13.692+0000] {logging_mixin.py:151} INFO - [2026-06-17T09:19:13.691+0000] {dagbag.py:539} INFO - Filling up the DagBag from /opt/airflow/dags/aeroflux_orchestrator.py
[2026-06-17T09:19:14.121+0000] {processor.py:839} INFO - DAG(s) dict_keys(['aeroflux_main_pipeline']) retrieved from /opt/airflow/dags/aeroflux_orchestrator.py
[2026-06-17T09:19:14.148+0000] {logging_mixin.py:151} INFO - [2026-06-17T09:19:14.148+0000] {dag.py:2915} INFO - Sync 1 DAGs
[2026-06-17T09:19:14.161+0000] {logging_mixin.py:151} INFO - [2026-06-17T09:19:14.161+0000] {dag.py:3696} INFO - Setting next_dagrun for aeroflux_main_pipeline to 2026-06-17T08:00:00+00:00, run_after=2026-06-17T09:00:00+00:00
[2026-06-17T09:19:14.172+0000] {processor.py:179} INFO - Processing /opt/airflow/dags/aeroflux_orchestrator.py took 0.490 seconds
[2026-06-17T09:19:44.341+0000] {processor.py:157} INFO - Started process (PID=50) to work on /opt/airflow/dags/aeroflux_orchestrator.py
[2026-06-17T09:19:44.343+0000] {processor.py:829} INFO - Processing file /opt/airflow/dags/aeroflux_orchestrator.py for tasks to queue
[2026-06-17T09:19:44.345+0000] {logging_mixin.py:151} INFO - [2026-06-17T09:19:44.344+0000] {dagbag.py:539} INFO - Filling up the DagBag from /opt/airflow/dags/aeroflux_orchestrator.py
[2026-06-17T09:19:44.710+0000] {processor.py:839} INFO - DAG(s) dict_keys(['aeroflux_main_pipeline']) retrieved from /opt/airflow/dags/aeroflux_orchestrator.py
[2026-06-17T09:19:44.728+0000] {logging_mixin.py:151} INFO - [2026-06-17T09:19:44.728+0000] {dag.py:2915} INFO - Sync 1 DAGs
[2026-06-17T09:19:44.742+0000] {logging_mixin.py:151} INFO - [2026-06-17T09:19:44.742+0000] {dag.py:3696} INFO - Setting next_dagrun for aeroflux_main_pipeline to 2026-06-17T08:00:00+00:00, run_after=2026-06-17T09:00:00+00:00
[2026-06-17T09:19:44.753+0000] {processor.py:179} INFO - Processing /opt/airflow/dags/aeroflux_orchestrator.py took 0.419 seconds
[2026-06-17T09:20:15.173+0000] {processor.py:157} INFO - Started process (PID=52) to work on /opt/airflow/dags/aeroflux_orchestrator.py
[2026-06-17T09:20:15.174+0000] {processor.py:829} INFO - Processing file /opt/airflow/dags/aeroflux_orchestrator.py for tasks to queue
[2026-06-17T09:20:15.175+0000] {logging_mixin.py:151} INFO - [2026-06-17T09:20:15.175+0000] {dagbag.py:539} INFO - Filling up the DagBag from /opt/airflow/dags/aeroflux_orchestrator.py
[2026-06-17T09:20:15.577+0000] {processor.py:839} INFO - DAG(s) dict_keys(['aeroflux_main_pipeline']) retrieved from /opt/airflow/dags/aeroflux_orchestrator.py
[2026-06-17T09:20:15.616+0000] {logging_mixin.py:151} INFO - [2026-06-17T09:20:15.616+0000] {dag.py:2915} INFO - Sync 1 DAGs
[2026-06-17T09:20:15.633+0000] {logging_mixin.py:151} INFO - [2026-06-17T09:20:15.633+0000] {dag.py:3696} INFO - Setting next_dagrun for aeroflux_main_pipeline to 2026-06-17T08:00:00+00:00, run_after=2026-06-17T09:00:00+00:00
[2026-06-17T09:20:15.642+0000] {processor.py:179} INFO - Processing /opt/airflow/dags/aeroflux_orchestrator.py took 0.483 seconds
[2026-06-17T09:20:46.069+0000] {processor.py:157} INFO - Started process (PID=54) to work on /opt/airflow/dags/aeroflux_orchestrator.py
[2026-06-17T09:20:46.070+0000] {processor.py:829} INFO - Processing file /opt/airflow/dags/aeroflux_orchestrator.py for tasks to queue
[2026-06-17T09:20:46.072+0000] {logging_mixin.py:151} INFO - [2026-06-17T09:20:46.071+0000] {dagbag.py:539} INFO - Filling up the DagBag from /opt/airflow/dags/aeroflux_orchestrator.py
[2026-06-17T09:20:46.469+0000] {processor.py:839} INFO - DAG(s) dict_keys(['aeroflux_main_pipeline']) retrieved from /opt/airflow/dags/aeroflux_orchestrator.py
[2026-06-17T09:20:46.501+0000] {logging_mixin.py:151} INFO - [2026-06-17T09:20:46.501+0000] {dag.py:2915} INFO - Sync 1 DAGs
[2026-06-17T09:20:46.516+0000] {logging_mixin.py:151} INFO - [2026-06-17T09:20:46.516+0000] {dag.py:3696} INFO - Setting next_dagrun for aeroflux_main_pipeline to 2026-06-17T08:00:00+00:00, run_after=2026-06-17T09:00:00+00:00
[2026-06-17T09:20:46.526+0000] {processor.py:179} INFO - Processing /opt/airflow/dags/aeroflux_orchestrator.py took 0.472 seconds
[2026-06-17T09:21:16.897+0000] {processor.py:157} INFO - Started process (PID=56) to work on /opt/airflow/dags/aeroflux_orchestrator.py
[2026-06-17T09:21:16.899+0000] {processor.py:829} INFO - Processing file /opt/airflow/dags/aeroflux_orchestrator.py for tasks to queue
[2026-06-17T09:21:16.900+0000] {logging_mixin.py:151} INFO - [2026-06-17T09:21:16.900+0000] {dagbag.py:539} INFO - Filling up the DagBag from /opt/airflow/dags/aeroflux_orchestrator.py
[2026-06-17T09:21:17.281+0000] {processor.py:839} INFO - DAG(s) dict_keys(['aeroflux_main_pipeline']) retrieved from /opt/airflow/dags/aeroflux_orchestrator.py
[2026-06-17T09:21:17.300+0000] {logging_mixin.py:151} INFO - [2026-06-17T09:21:17.300+0000] {dag.py:2915} INFO - Sync 1 DAGs
[2026-06-17T09:21:17.313+0000] {logging_mixin.py:151} INFO - [2026-06-17T09:21:17.313+0000] {dag.py:3696} INFO - Setting next_dagrun for aeroflux_main_pipeline to 2026-06-17T08:00:00+00:00, run_after=2026-06-17T09:00:00+00:00
[2026-06-17T09:21:17.321+0000] {processor.py:179} INFO - Processing /opt/airflow/dags/aeroflux_orchestrator.py took 0.434 seconds
[2026-06-17T09:21:47.645+0000] {processor.py:157} INFO - Started process (PID=58) to work on /opt/airflow/dags/aeroflux_orchestrator.py
[2026-06-17T09:21:47.647+0000] {processor.py:829} INFO - Processing file /opt/airflow/dags/aeroflux_orchestrator.py for tasks to queue
[2026-06-17T09:21:47.650+0000] {logging_mixin.py:151} INFO - [2026-06-17T09:21:47.649+0000] {dagbag.py:539} INFO - Filling up the DagBag from /opt/airflow/dags/aeroflux_orchestrator.py
[2026-06-17T09:21:47.980+0000] {processor.py:839} INFO - DAG(s) dict_keys(['aeroflux_main_pipeline']) retrieved from /opt/airflow/dags/aeroflux_orchestrator.py
[2026-06-17T09:21:47.998+0000] {logging_mixin.py:151} INFO - [2026-06-17T09:21:47.998+0000] {dag.py:2915} INFO - Sync 1 DAGs
[2026-06-17T09:21:48.014+0000] {logging_mixin.py:151} INFO - [2026-06-17T09:21:48.014+0000] {dag.py:3696} INFO - Setting next_dagrun for aeroflux_main_pipeline to 2026-06-17T08:00:00+00:00, run_after=2026-06-17T09:00:00+00:00
[2026-06-17T09:21:48.022+0000] {processor.py:179} INFO - Processing /opt/airflow/dags/aeroflux_orchestrator.py took 0.384 seconds
[2026-06-17T09:22:18.094+0000] {processor.py:157} INFO - Started process (PID=60) to work on /opt/airflow/dags/aeroflux_orchestrator.py
[2026-06-17T09:22:18.095+0000] {processor.py:829} INFO - Processing file /opt/airflow/dags/aeroflux_orchestrator.py for tasks to queue
[2026-06-17T09:22:18.096+0000] {logging_mixin.py:151} INFO - [2026-06-17T09:22:18.096+0000] {dagbag.py:539} INFO - Filling up the DagBag from /opt/airflow/dags/aeroflux_orchestrator.py
[2026-06-17T09:22:18.451+0000] {processor.py:839} INFO - DAG(s) dict_keys(['aeroflux_main_pipeline']) retrieved from /opt/airflow/dags/aeroflux_orchestrator.py
[2026-06-17T09:22:18.468+0000] {logging_mixin.py:151} INFO - [2026-06-17T09:22:18.468+0000] {dag.py:2915} INFO - Sync 1 DAGs
[2026-06-17T09:22:18.478+0000] {logging_mixin.py:151} INFO - [2026-06-17T09:22:18.478+0000] {dag.py:3696} INFO - Setting next_dagrun for aeroflux_main_pipeline to 2026-06-17T08:00:00+00:00, run_after=2026-06-17T09:00:00+00:00
[2026-06-17T09:22:18.486+0000] {processor.py:179} INFO - Processing /opt/airflow/dags/aeroflux_orchestrator.py took 0.400 seconds
[2026-06-17T09:22:48.830+0000] {processor.py:157} INFO - Started process (PID=62) to work on /opt/airflow/dags/aeroflux_orchestrator.py
[2026-06-17T09:22:48.831+0000] {processor.py:829} INFO - Processing file /opt/airflow/dags/aeroflux_orchestrator.py for tasks to queue
[2026-06-17T09:22:48.833+0000] {logging_mixin.py:151} INFO - [2026-06-17T09:22:48.832+0000] {dagbag.py:539} INFO - Filling up the DagBag from /opt/airflow/dags/aeroflux_orchestrator.py
[2026-06-17T09:22:49.153+0000] {processor.py:839} INFO - DAG(s) dict_keys(['aeroflux_main_pipeline']) retrieved from /opt/airflow/dags/aeroflux_orchestrator.py
[2026-06-17T09:22:49.173+0000] {logging_mixin.py:151} INFO - [2026-06-17T09:22:49.173+0000] {dag.py:2915} INFO - Sync 1 DAGs
[2026-06-17T09:22:49.183+0000] {logging_mixin.py:151} INFO - [2026-06-17T09:22:49.183+0000] {dag.py:3696} INFO - Setting next_dagrun for aeroflux_main_pipeline to 2026-06-17T08:00:00+00:00, run_after=2026-06-17T09:00:00+00:00
[2026-06-17T09:22:49.191+0000] {processor.py:179} INFO - Processing /opt/airflow/dags/aeroflux_orchestrator.py took 0.368 seconds
[2026-06-17T09:23:19.372+0000] {processor.py:157} INFO - Started process (PID=64) to work on /opt/airflow/dags/aeroflux_orchestrator.py
[2026-06-17T09:23:19.374+0000] {processor.py:829} INFO - Processing file /opt/airflow/dags/aeroflux_orchestrator.py for tasks to queue
[2026-06-17T09:23:19.378+0000] {logging_mixin.py:151} INFO - [2026-06-17T09:23:19.375+0000] {dagbag.py:539} INFO - Filling up the DagBag from /opt/airflow/dags/aeroflux_orchestrator.py
[2026-06-17T09:23:19.673+0000] {processor.py:839} INFO - DAG(s) dict_keys(['aeroflux_main_pipeline']) retrieved from /opt/airflow/dags/aeroflux_orchestrator.py
[2026-06-17T09:23:19.733+0000] {logging_mixin.py:151} INFO - [2026-06-17T09:23:19.733+0000] {dag.py:2915} INFO - Sync 1 DAGs
[2026-06-17T09:23:19.796+0000] {logging_mixin.py:151} INFO - [2026-06-17T09:23:19.796+0000] {dag.py:3696} INFO - Setting next_dagrun for aeroflux_main_pipeline to 2026-06-17T08:00:00+00:00, run_after=2026-06-17T09:00:00+00:00
[2026-06-17T09:23:19.813+0000] {processor.py:179} INFO - Processing /opt/airflow/dags/aeroflux_orchestrator.py took 0.446 seconds
[2026-06-17T09:23:50.133+0000] {processor.py:157} INFO - Started process (PID=66) to work on /opt/airflow/dags/aeroflux_orchestrator.py
[2026-06-17T09:23:50.135+0000] {processor.py:829} INFO - Processing file /opt/airflow/dags/aeroflux_orchestrator.py for tasks to queue
[2026-06-17T09:23:50.137+0000] {logging_mixin.py:151} INFO - [2026-06-17T09:23:50.136+0000] {dagbag.py:539} INFO - Filling up the DagBag from /opt/airflow/dags/aeroflux_orchestrator.py
[2026-06-17T09:23:50.372+0000] {processor.py:839} INFO - DAG(s) dict_keys(['aeroflux_main_pipeline']) retrieved from /opt/airflow/dags/aeroflux_orchestrator.py
[2026-06-17T09:23:50.406+0000] {logging_mixin.py:151} INFO - [2026-06-17T09:23:50.406+0000] {dag.py:2915} INFO - Sync 1 DAGs
[2026-06-17T09:23:50.422+0000] {logging_mixin.py:151} INFO - [2026-06-17T09:23:50.422+0000] {dag.py:3696} INFO - Setting next_dagrun for aeroflux_main_pipeline to 2026-06-17T08:00:00+00:00, run_after=2026-06-17T09:00:00+00:00
[2026-06-17T09:23:50.437+0000] {processor.py:179} INFO - Processing /opt/airflow/dags/aeroflux_orchestrator.py took 0.316 seconds
[2026-06-17T09:24:20.761+0000] {processor.py:157} INFO - Started process (PID=68) to work on /opt/airflow/dags/aeroflux_orchestrator.py
[2026-06-17T09:24:20.764+0000] {processor.py:829} INFO - Processing file /opt/airflow/dags/aeroflux_orchestrator.py for tasks to queue
[2026-06-17T09:24:20.766+0000] {logging_mixin.py:151} INFO - [2026-06-17T09:24:20.764+0000] {dagbag.py:539} INFO - Filling up the DagBag from /opt/airflow/dags/aeroflux_orchestrator.py
[2026-06-17T09:24:20.996+0000] {processor.py:839} INFO - DAG(s) dict_keys(['aeroflux_main_pipeline']) retrieved from /opt/airflow/dags/aeroflux_orchestrator.py
[2026-06-17T09:24:21.023+0000] {logging_mixin.py:151} INFO - [2026-06-17T09:24:21.023+0000] {dag.py:2915} INFO - Sync 1 DAGs
[2026-06-17T09:24:21.035+0000] {logging_mixin.py:151} INFO - [2026-06-17T09:24:21.035+0000] {dag.py:3696} INFO - Setting next_dagrun for aeroflux_main_pipeline to 2026-06-17T08:00:00+00:00, run_after=2026-06-17T09:00:00+00:00
[2026-06-17T09:24:21.045+0000] {processor.py:179} INFO - Processing /opt/airflow/dags/aeroflux_orchestrator.py took 0.290 seconds
[2026-06-17T09:24:51.252+0000] {processor.py:157} INFO - Started process (PID=70) to work on /opt/airflow/dags/aeroflux_orchestrator.py
[2026-06-17T09:24:51.254+0000] {processor.py:829} INFO - Processing file /opt/airflow/dags/aeroflux_orchestrator.py for tasks to queue
[2026-06-17T09:24:51.255+0000] {logging_mixin.py:151} INFO - [2026-06-17T09:24:51.255+0000] {dagbag.py:539} INFO - Filling up the DagBag from /opt/airflow/dags/aeroflux_orchestrator.py
[2026-06-17T09:24:51.485+0000] {processor.py:839} INFO - DAG(s) dict_keys(['aeroflux_main_pipeline']) retrieved from /opt/airflow/dags/aeroflux_orchestrator.py
[2026-06-17T09:24:51.517+0000] {logging_mixin.py:151} INFO - [2026-06-17T09:24:51.517+0000] {dag.py:2915} INFO - Sync 1 DAGs
[2026-06-17T09:24:51.533+0000] {logging_mixin.py:151} INFO - [2026-06-17T09:24:51.533+0000] {dag.py:3696} INFO - Setting next_dagrun for aeroflux_main_pipeline to 2026-06-17T08:00:00+00:00, run_after=2026-06-17T09:00:00+00:00
[2026-06-17T09:24:51.547+0000] {processor.py:179} INFO - Processing /opt/airflow/dags/aeroflux_orchestrator.py took 0.306 seconds
[2026-06-17T09:25:21.932+0000] {processor.py:157} INFO - Started process (PID=72) to work on /opt/airflow/dags/aeroflux_orchestrator.py
[2026-06-17T09:25:21.939+0000] {processor.py:829} INFO - Processing file /opt/airflow/dags/aeroflux_orchestrator.py for tasks to queue
[2026-06-17T09:25:21.941+0000] {logging_mixin.py:151} INFO - [2026-06-17T09:25:21.941+0000] {dagbag.py:539} INFO - Filling up the DagBag from /opt/airflow/dags/aeroflux_orchestrator.py
[2026-06-17T09:25:22.163+0000] {processor.py:839} INFO - DAG(s) dict_keys(['aeroflux_main_pipeline']) retrieved from /opt/airflow/dags/aeroflux_orchestrator.py
[2026-06-17T09:25:22.190+0000] {logging_mixin.py:151} INFO - [2026-06-17T09:25:22.190+0000] {dag.py:2915} INFO - Sync 1 DAGs
[2026-06-17T09:25:22.218+0000] {logging_mixin.py:151} INFO - [2026-06-17T09:25:22.218+0000] {dag.py:3696} INFO - Setting next_dagrun for aeroflux_main_pipeline to 2026-06-17T08:00:00+00:00, run_after=2026-06-17T09:00:00+00:00
[2026-06-17T09:25:22.231+0000] {processor.py:179} INFO - Processing /opt/airflow/dags/aeroflux_orchestrator.py took 0.307 seconds
[2026-06-17T09:25:52.623+0000] {processor.py:157} INFO - Started process (PID=74) to work on /opt/airflow/dags/aeroflux_orchestrator.py
[2026-06-17T09:25:52.626+0000] {processor.py:829} INFO - Processing file /opt/airflow/dags/aeroflux_orchestrator.py for tasks to queue
[2026-06-17T09:25:52.631+0000] {logging_mixin.py:151} INFO - [2026-06-17T09:25:52.628+0000] {dagbag.py:539} INFO - Filling up the DagBag from /opt/airflow/dags/aeroflux_orchestrator.py
[2026-06-17T09:25:52.862+0000] {processor.py:839} INFO - DAG(s) dict_keys(['aeroflux_main_pipeline']) retrieved from /opt/airflow/dags/aeroflux_orchestrator.py
[2026-06-17T09:25:52.884+0000] {logging_mixin.py:151} INFO - [2026-06-17T09:25:52.884+0000] {dag.py:2915} INFO - Sync 1 DAGs
[2026-06-17T09:25:52.898+0000] {logging_mixin.py:151} INFO - [2026-06-17T09:25:52.898+0000] {dag.py:3696} INFO - Setting next_dagrun for aeroflux_main_pipeline to 2026-06-17T08:00:00+00:00, run_after=2026-06-17T09:00:00+00:00
[2026-06-17T09:25:52.907+0000] {processor.py:179} INFO - Processing /opt/airflow/dags/aeroflux_orchestrator.py took 0.295 seconds
[2026-06-17T09:26:23.002+0000] {processor.py:157} INFO - Started process (PID=76) to work on /opt/airflow/dags/aeroflux_orchestrator.py
[2026-06-17T09:26:23.003+0000] {processor.py:829} INFO - Processing file /opt/airflow/dags/aeroflux_orchestrator.py for tasks to queue
[2026-06-17T09:26:23.005+0000] {logging_mixin.py:151} INFO - [2026-06-17T09:26:23.004+0000] {dagbag.py:539} INFO - Filling up the DagBag from /opt/airflow/dags/aeroflux_orchestrator.py
[2026-06-17T09:26:23.258+0000] {processor.py:839} INFO - DAG(s) dict_keys(['aeroflux_main_pipeline']) retrieved from /opt/airflow/dags/aeroflux_orchestrator.py
[2026-06-17T09:26:23.295+0000] {logging_mixin.py:151} INFO - [2026-06-17T09:26:23.295+0000] {dag.py:2915} INFO - Sync 1 DAGs
[2026-06-17T09:26:23.311+0000] {logging_mixin.py:151} INFO - [2026-06-17T09:26:23.311+0000] {dag.py:3696} INFO - Setting next_dagrun for aeroflux_main_pipeline to 2026-06-17T08:00:00+00:00, run_after=2026-06-17T09:00:00+00:00
[2026-06-17T09:26:23.323+0000] {processor.py:179} INFO - Processing /opt/airflow/dags/aeroflux_orchestrator.py took 0.326 seconds
[2026-06-17T09:26:53.667+0000] {processor.py:157} INFO - Started process (PID=78) to work on /opt/airflow/dags/aeroflux_orchestrator.py
[2026-06-17T09:26:53.669+0000] {processor.py:829} INFO - Processing file /opt/airflow/dags/aeroflux_orchestrator.py for tasks to queue
[2026-06-17T09:26:53.670+0000] {logging_mixin.py:151} INFO - [2026-06-17T09:26:53.670+0000] {dagbag.py:539} INFO - Filling up the DagBag from /opt/airflow/dags/aeroflux_orchestrator.py
[2026-06-17T09:26:53.914+0000] {processor.py:839} INFO - DAG(s) dict_keys(['aeroflux_main_pipeline']) retrieved from /opt/airflow/dags/aeroflux_orchestrator.py
[2026-06-17T09:26:53.942+0000] {logging_mixin.py:151} INFO - [2026-06-17T09:26:53.942+0000] {dag.py:2915} INFO - Sync 1 DAGs
[2026-06-17T09:26:53.955+0000] {logging_mixin.py:151} INFO - [2026-06-17T09:26:53.955+0000] {dag.py:3696} INFO - Setting next_dagrun for aeroflux_main_pipeline to 2026-06-17T08:00:00+00:00, run_after=2026-06-17T09:00:00+00:00
[2026-06-17T09:26:53.964+0000] {processor.py:179} INFO - Processing /opt/airflow/dags/aeroflux_orchestrator.py took 0.304 seconds
[2026-06-17T09:27:24.109+0000] {processor.py:157} INFO - Started process (PID=80) to work on /opt/airflow/dags/aeroflux_orchestrator.py
[2026-06-17T09:27:24.110+0000] {processor.py:829} INFO - Processing file /opt/airflow/dags/aeroflux_orchestrator.py for tasks to queue
[2026-06-17T09:27:24.111+0000] {logging_mixin.py:151} INFO - [2026-06-17T09:27:24.111+0000] {dagbag.py:539} INFO - Filling up the DagBag from /opt/airflow/dags/aeroflux_orchestrator.py
[2026-06-17T09:27:24.355+0000] {processor.py:839} INFO - DAG(s) dict_keys(['aeroflux_main_pipeline']) retrieved from /opt/airflow/dags/aeroflux_orchestrator.py
[2026-06-17T09:27:24.382+0000] {logging_mixin.py:151} INFO - [2026-06-17T09:27:24.382+0000] {dag.py:2915} INFO - Sync 1 DAGs
[2026-06-17T09:27:24.394+0000] {logging_mixin.py:151} INFO - [2026-06-17T09:27:24.394+0000] {dag.py:3696} INFO - Setting next_dagrun for aeroflux_main_pipeline to 2026-06-17T08:00:00+00:00, run_after=2026-06-17T09:00:00+00:00
[2026-06-17T09:27:24.404+0000] {processor.py:179} INFO - Processing /opt/airflow/dags/aeroflux_orchestrator.py took 0.302 seconds
[2026-06-17T09:27:54.714+0000] {processor.py:157} INFO - Started process (PID=82) to work on /opt/airflow/dags/aeroflux_orchestrator.py
[2026-06-17T09:27:54.715+0000] {processor.py:829} INFO - Processing file /opt/airflow/dags/aeroflux_orchestrator.py for tasks to queue
[2026-06-17T09:27:54.717+0000] {logging_mixin.py:151} INFO - [2026-06-17T09:27:54.716+0000] {dagbag.py:539} INFO - Filling up the DagBag from /opt/airflow/dags/aeroflux_orchestrator.py
[2026-06-17T09:27:54.959+0000] {processor.py:839} INFO - DAG(s) dict_keys(['aeroflux_main_pipeline']) retrieved from /opt/airflow/dags/aeroflux_orchestrator.py
[2026-06-17T09:27:54.985+0000] {logging_mixin.py:151} INFO - [2026-06-17T09:27:54.985+0000] {dag.py:2915} INFO - Sync 1 DAGs
[2026-06-17T09:27:55.017+0000] {logging_mixin.py:151} INFO - [2026-06-17T09:27:55.017+0000] {dag.py:3696} INFO - Setting next_dagrun for aeroflux_main_pipeline to 2026-06-17T08:00:00+00:00, run_after=2026-06-17T09:00:00+00:00
[2026-06-17T09:27:55.032+0000] {processor.py:179} INFO - Processing /opt/airflow/dags/aeroflux_orchestrator.py took 0.326 seconds
[2026-06-17T09:28:25.129+0000] {processor.py:157} INFO - Started process (PID=84) to work on /opt/airflow/dags/aeroflux_orchestrator.py
[2026-06-17T09:28:25.132+0000] {processor.py:829} INFO - Processing file /opt/airflow/dags/aeroflux_orchestrator.py for tasks to queue
[2026-06-17T09:28:25.134+0000] {logging_mixin.py:151} INFO - [2026-06-17T09:28:25.133+0000] {dagbag.py:539} INFO - Filling up the DagBag from /opt/airflow/dags/aeroflux_orchestrator.py
[2026-06-17T09:28:25.472+0000] {processor.py:839} INFO - DAG(s) dict_keys(['aeroflux_main_pipeline']) retrieved from /opt/airflow/dags/aeroflux_orchestrator.py
[2026-06-17T09:28:25.500+0000] {logging_mixin.py:151} INFO - [2026-06-17T09:28:25.500+0000] {dag.py:2915} INFO - Sync 1 DAGs
[2026-06-17T09:28:25.520+0000] {logging_mixin.py:151} INFO - [2026-06-17T09:28:25.520+0000] {dag.py:3696} INFO - Setting next_dagrun for aeroflux_main_pipeline to 2026-06-17T08:00:00+00:00, run_after=2026-06-17T09:00:00+00:00
[2026-06-17T09:28:25.530+0000] {processor.py:179} INFO - Processing /opt/airflow/dags/aeroflux_orchestrator.py took 0.420 seconds
[2026-06-17T09:28:55.770+0000] {processor.py:157} INFO - Started process (PID=86) to work on /opt/airflow/dags/aeroflux_orchestrator.py
[2026-06-17T09:28:55.772+0000] {processor.py:829} INFO - Processing file /opt/airflow/dags/aeroflux_orchestrator.py for tasks to queue
[2026-06-17T09:28:55.775+0000] {logging_mixin.py:151} INFO - [2026-06-17T09:28:55.774+0000] {dagbag.py:539} INFO - Filling up the DagBag from /opt/airflow/dags/aeroflux_orchestrator.py
[2026-06-17T09:28:56.047+0000] {processor.py:839} INFO - DAG(s) dict_keys(['aeroflux_main_pipeline']) retrieved from /opt/airflow/dags/aeroflux_orchestrator.py
[2026-06-17T09:28:56.083+0000] {logging_mixin.py:151} INFO - [2026-06-17T09:28:56.083+0000] {dag.py:2915} INFO - Sync 1 DAGs
[2026-06-17T09:28:56.096+0000] {logging_mixin.py:151} INFO - [2026-06-17T09:28:56.096+0000] {dag.py:3696} INFO - Setting next_dagrun for aeroflux_main_pipeline to 2026-06-17T08:00:00+00:00, run_after=2026-06-17T09:00:00+00:00
[2026-06-17T09:28:56.105+0000] {processor.py:179} INFO - Processing /opt/airflow/dags/aeroflux_orchestrator.py took 0.346 seconds
[2026-06-17T09:29:26.226+0000] {processor.py:157} INFO - Started process (PID=88) to work on /opt/airflow/dags/aeroflux_orchestrator.py
[2026-06-17T09:29:26.229+0000] {processor.py:829} INFO - Processing file /opt/airflow/dags/aeroflux_orchestrator.py for tasks to queue
[2026-06-17T09:29:26.230+0000] {logging_mixin.py:151} INFO - [2026-06-17T09:29:26.229+0000] {dagbag.py:539} INFO - Filling up the DagBag from /opt/airflow/dags/aeroflux_orchestrator.py
[2026-06-17T09:29:26.478+0000] {processor.py:839} INFO - DAG(s) dict_keys(['aeroflux_main_pipeline']) retrieved from /opt/airflow/dags/aeroflux_orchestrator.py
[2026-06-17T09:29:26.503+0000] {logging_mixin.py:151} INFO - [2026-06-17T09:29:26.503+0000] {dag.py:2915} INFO - Sync 1 DAGs
[2026-06-17T09:29:26.521+0000] {logging_mixin.py:151} INFO - [2026-06-17T09:29:26.521+0000] {dag.py:3696} INFO - Setting next_dagrun for aeroflux_main_pipeline to 2026-06-17T08:00:00+00:00, run_after=2026-06-17T09:00:00+00:00
[2026-06-17T09:29:26.530+0000] {processor.py:179} INFO - Processing /opt/airflow/dags/aeroflux_orchestrator.py took 0.311 seconds
[2026-06-17T09:29:56.787+0000] {processor.py:157} INFO - Started process (PID=90) to work on /opt/airflow/dags/aeroflux_orchestrator.py
[2026-06-17T09:29:56.791+0000] {processor.py:829} INFO - Processing file /opt/airflow/dags/aeroflux_orchestrator.py for tasks to queue
[2026-06-17T09:29:56.794+0000] {logging_mixin.py:151} INFO - [2026-06-17T09:29:56.793+0000] {dagbag.py:539} INFO - Filling up the DagBag from /opt/airflow/dags/aeroflux_orchestrator.py
[2026-06-17T09:29:57.039+0000] {processor.py:839} INFO - DAG(s) dict_keys(['aeroflux_main_pipeline']) retrieved from /opt/airflow/dags/aeroflux_orchestrator.py
[2026-06-17T09:29:57.067+0000] {logging_mixin.py:151} INFO - [2026-06-17T09:29:57.067+0000] {dag.py:2915} INFO - Sync 1 DAGs
[2026-06-17T09:29:57.079+0000] {logging_mixin.py:151} INFO - [2026-06-17T09:29:57.079+0000] {dag.py:3696} INFO - Setting next_dagrun for aeroflux_main_pipeline to 2026-06-17T08:00:00+00:00, run_after=2026-06-17T09:00:00+00:00
[2026-06-17T09:29:57.093+0000] {processor.py:179} INFO - Processing /opt/airflow/dags/aeroflux_orchestrator.py took 0.314 seconds
[2026-06-17T09:30:27.201+0000] {processor.py:157} INFO - Started process (PID=92) to work on /opt/airflow/dags/aeroflux_orchestrator.py
[2026-06-17T09:30:27.205+0000] {processor.py:829} INFO - Processing file /opt/airflow/dags/aeroflux_orchestrator.py for tasks to queue
[2026-06-17T09:30:27.206+0000] {logging_mixin.py:151} INFO - [2026-06-17T09:30:27.206+0000] {dagbag.py:539} INFO - Filling up the DagBag from /opt/airflow/dags/aeroflux_orchestrator.py
[2026-06-17T09:30:27.457+0000] {processor.py:839} INFO - DAG(s) dict_keys(['aeroflux_main_pipeline']) retrieved from /opt/airflow/dags/aeroflux_orchestrator.py
[2026-06-17T09:30:27.481+0000] {logging_mixin.py:151} INFO - [2026-06-17T09:30:27.481+0000] {dag.py:2915} INFO - Sync 1 DAGs
[2026-06-17T09:30:27.498+0000] {logging_mixin.py:151} INFO - [2026-06-17T09:30:27.498+0000] {dag.py:3696} INFO - Setting next_dagrun for aeroflux_main_pipeline to 2026-06-17T08:00:00+00:00, run_after=2026-06-17T09:00:00+00:00
[2026-06-17T09:30:27.507+0000] {processor.py:179} INFO - Processing /opt/airflow/dags/aeroflux_orchestrator.py took 0.319 seconds
[2026-06-17T09:30:57.864+0000] {processor.py:157} INFO - Started process (PID=94) to work on /opt/airflow/dags/aeroflux_orchestrator.py
[2026-06-17T09:30:57.866+0000] {processor.py:829} INFO - Processing file /opt/airflow/dags/aeroflux_orchestrator.py for tasks to queue
[2026-06-17T09:30:57.867+0000] {logging_mixin.py:151} INFO - [2026-06-17T09:30:57.867+0000] {dagbag.py:539} INFO - Filling up the DagBag from /opt/airflow/dags/aeroflux_orchestrator.py
[2026-06-17T09:30:58.125+0000] {processor.py:839} INFO - DAG(s) dict_keys(['aeroflux_main_pipeline']) retrieved from /opt/airflow/dags/aeroflux_orchestrator.py
[2026-06-17T09:30:58.151+0000] {logging_mixin.py:151} INFO - [2026-06-17T09:30:58.151+0000] {dag.py:2915} INFO - Sync 1 DAGs
[2026-06-17T09:30:58.165+0000] {logging_mixin.py:151} INFO - [2026-06-17T09:30:58.165+0000] {dag.py:3696} INFO - Setting next_dagrun for aeroflux_main_pipeline to 2026-06-17T08:00:00+00:00, run_after=2026-06-17T09:00:00+00:00
[2026-06-17T09:30:58.176+0000] {processor.py:179} INFO - Processing /opt/airflow/dags/aeroflux_orchestrator.py took 0.319 seconds
[2026-06-17T09:31:28.484+0000] {processor.py:157} INFO - Started process (PID=96) to work on /opt/airflow/dags/aeroflux_orchestrator.py
[2026-06-17T09:31:28.486+0000] {processor.py:829} INFO - Processing file /opt/airflow/dags/aeroflux_orchestrator.py for tasks to queue
[2026-06-17T09:31:28.487+0000] {logging_mixin.py:151} INFO - [2026-06-17T09:31:28.486+0000] {dagbag.py:539} INFO - Filling up the DagBag from /opt/airflow/dags/aeroflux_orchestrator.py
[2026-06-17T09:31:28.736+0000] {processor.py:839} INFO - DAG(s) dict_keys(['aeroflux_main_pipeline']) retrieved from /opt/airflow/dags/aeroflux_orchestrator.py
[2026-06-17T09:31:28.763+0000] {logging_mixin.py:151} INFO - [2026-06-17T09:31:28.763+0000] {dag.py:2915} INFO - Sync 1 DAGs
[2026-06-17T09:31:28.781+0000] {logging_mixin.py:151} INFO - [2026-06-17T09:31:28.781+0000] {dag.py:3696} INFO - Setting next_dagrun for aeroflux_main_pipeline to 2026-06-17T08:00:00+00:00, run_after=2026-06-17T09:00:00+00:00
[2026-06-17T09:31:28.790+0000] {processor.py:179} INFO - Processing /opt/airflow/dags/aeroflux_orchestrator.py took 0.315 seconds
[2026-06-17T09:31:58.872+0000] {processor.py:157} INFO - Started process (PID=98) to work on /opt/airflow/dags/aeroflux_orchestrator.py
[2026-06-17T09:31:58.875+0000] {processor.py:829} INFO - Processing file /opt/airflow/dags/aeroflux_orchestrator.py for tasks to queue
[2026-06-17T09:31:58.877+0000] {logging_mixin.py:151} INFO - [2026-06-17T09:31:58.876+0000] {dagbag.py:539} INFO - Filling up the DagBag from /opt/airflow/dags/aeroflux_orchestrator.py
[2026-06-17T09:31:59.150+0000] {processor.py:839} INFO - DAG(s) dict_keys(['aeroflux_main_pipeline']) retrieved from /opt/airflow/dags/aeroflux_orchestrator.py
[2026-06-17T09:31:59.182+0000] {logging_mixin.py:151} INFO - [2026-06-17T09:31:59.182+0000] {dag.py:2915} INFO - Sync 1 DAGs
[2026-06-17T09:31:59.198+0000] {logging_mixin.py:151} INFO - [2026-06-17T09:31:59.198+0000] {dag.py:3696} INFO - Setting next_dagrun for aeroflux_main_pipeline to 2026-06-17T08:00:00+00:00, run_after=2026-06-17T09:00:00+00:00
[2026-06-17T09:31:59.207+0000] {processor.py:179} INFO - Processing /opt/airflow/dags/aeroflux_orchestrator.py took 0.350 seconds
[2026-06-17T09:32:29.730+0000] {processor.py:157} INFO - Started process (PID=100) to work on /opt/airflow/dags/aeroflux_orchestrator.py
[2026-06-17T09:32:29.734+0000] {processor.py:829} INFO - Processing file /opt/airflow/dags/aeroflux_orchestrator.py for tasks to queue
[2026-06-17T09:32:29.735+0000] {logging_mixin.py:151} INFO - [2026-06-17T09:32:29.734+0000] {dagbag.py:539} INFO - Filling up the DagBag from /opt/airflow/dags/aeroflux_orchestrator.py
[2026-06-17T09:32:29.988+0000] {processor.py:839} INFO - DAG(s) dict_keys(['aeroflux_main_pipeline']) retrieved from /opt/airflow/dags/aeroflux_orchestrator.py
[2026-06-17T09:32:30.020+0000] {logging_mixin.py:151} INFO - [2026-06-17T09:32:30.019+0000] {dag.py:2915} INFO - Sync 1 DAGs
[2026-06-17T09:32:30.034+0000] {logging_mixin.py:151} INFO - [2026-06-17T09:32:30.033+0000] {dag.py:3696} INFO - Setting next_dagrun for aeroflux_main_pipeline to 2026-06-17T08:00:00+00:00, run_after=2026-06-17T09:00:00+00:00
[2026-06-17T09:32:30.046+0000] {processor.py:179} INFO - Processing /opt/airflow/dags/aeroflux_orchestrator.py took 0.327 seconds
[2026-06-17T09:33:00.131+0000] {processor.py:157} INFO - Started process (PID=102) to work on /opt/airflow/dags/aeroflux_orchestrator.py
[2026-06-17T09:33:00.132+0000] {processor.py:829} INFO - Processing file /opt/airflow/dags/aeroflux_orchestrator.py for tasks to queue
[2026-06-17T09:33:00.134+0000] {logging_mixin.py:151} INFO - [2026-06-17T09:33:00.133+0000] {dagbag.py:539} INFO - Filling up the DagBag from /opt/airflow/dags/aeroflux_orchestrator.py
[2026-06-17T09:33:00.377+0000] {processor.py:839} INFO - DAG(s) dict_keys(['aeroflux_main_pipeline']) retrieved from /opt/airflow/dags/aeroflux_orchestrator.py
[2026-06-17T09:33:00.412+0000] {logging_mixin.py:151} INFO - [2026-06-17T09:33:00.412+0000] {dag.py:2915} INFO - Sync 1 DAGs
[2026-06-17T09:33:00.428+0000] {logging_mixin.py:151} INFO - [2026-06-17T09:33:00.428+0000] {dag.py:3696} INFO - Setting next_dagrun for aeroflux_main_pipeline to 2026-06-17T08:00:00+00:00, run_after=2026-06-17T09:00:00+00:00
[2026-06-17T09:33:00.436+0000] {processor.py:179} INFO - Processing /opt/airflow/dags/aeroflux_orchestrator.py took 0.316 seconds
[2026-06-17T09:33:30.853+0000] {processor.py:157} INFO - Started process (PID=104) to work on /opt/airflow/dags/aeroflux_orchestrator.py
[2026-06-17T09:33:30.858+0000] {processor.py:829} INFO - Processing file /opt/airflow/dags/aeroflux_orchestrator.py for tasks to queue
[2026-06-17T09:33:30.863+0000] {logging_mixin.py:151} INFO - [2026-06-17T09:33:30.861+0000] {dagbag.py:539} INFO - Filling up the DagBag from /opt/airflow/dags/aeroflux_orchestrator.py
[2026-06-17T09:33:31.104+0000] {processor.py:839} INFO - DAG(s) dict_keys(['aeroflux_main_pipeline']) retrieved from /opt/airflow/dags/aeroflux_orchestrator.py
[2026-06-17T09:33:31.135+0000] {logging_mixin.py:151} INFO - [2026-06-17T09:33:31.135+0000] {dag.py:2915} INFO - Sync 1 DAGs
[2026-06-17T09:33:31.154+0000] {logging_mixin.py:151} INFO - [2026-06-17T09:33:31.154+0000] {dag.py:3696} INFO - Setting next_dagrun for aeroflux_main_pipeline to 2026-06-17T08:00:00+00:00, run_after=2026-06-17T09:00:00+00:00
[2026-06-17T09:33:31.164+0000] {processor.py:179} INFO - Processing /opt/airflow/dags/aeroflux_orchestrator.py took 0.323 seconds
[2026-06-17T09:34:01.541+0000] {processor.py:157} INFO - Started process (PID=106) to work on /opt/airflow/dags/aeroflux_orchestrator.py
[2026-06-17T09:34:01.543+0000] {processor.py:829} INFO - Processing file /opt/airflow/dags/aeroflux_orchestrator.py for tasks to queue
[2026-06-17T09:34:01.544+0000] {logging_mixin.py:151} INFO - [2026-06-17T09:34:01.544+0000] {dagbag.py:539} INFO - Filling up the DagBag from /opt/airflow/dags/aeroflux_orchestrator.py
[2026-06-17T09:34:01.803+0000] {processor.py:839} INFO - DAG(s) dict_keys(['aeroflux_main_pipeline']) retrieved from /opt/airflow/dags/aeroflux_orchestrator.py
[2026-06-17T09:34:01.831+0000] {logging_mixin.py:151} INFO - [2026-06-17T09:34:01.831+0000] {dag.py:2915} INFO - Sync 1 DAGs
[2026-06-17T09:34:01.857+0000] {logging_mixin.py:151} INFO - [2026-06-17T09:34:01.857+0000] {dag.py:3696} INFO - Setting next_dagrun for aeroflux_main_pipeline to 2026-06-17T08:00:00+00:00, run_after=2026-06-17T09:00:00+00:00
[2026-06-17T09:34:01.888+0000] {processor.py:179} INFO - Processing /opt/airflow/dags/aeroflux_orchestrator.py took 0.359 seconds
[2026-06-17T09:34:32.337+0000] {processor.py:157} INFO - Started process (PID=108) to work on /opt/airflow/dags/aeroflux_orchestrator.py
[2026-06-17T09:34:32.339+0000] {processor.py:829} INFO - Processing file /opt/airflow/dags/aeroflux_orchestrator.py for tasks to queue
[2026-06-17T09:34:32.340+0000] {logging_mixin.py:151} INFO - [2026-06-17T09:34:32.340+0000] {dagbag.py:539} INFO - Filling up the DagBag from /opt/airflow/dags/aeroflux_orchestrator.py
[2026-06-17T09:34:32.604+0000] {processor.py:839} INFO - DAG(s) dict_keys(['aeroflux_main_pipeline']) retrieved from /opt/airflow/dags/aeroflux_orchestrator.py
[2026-06-17T09:34:32.644+0000] {logging_mixin.py:151} INFO - [2026-06-17T09:34:32.644+0000] {dag.py:2915} INFO - Sync 1 DAGs
[2026-06-17T09:34:32.660+0000] {logging_mixin.py:151} INFO - [2026-06-17T09:34:32.660+0000] {dag.py:3696} INFO - Setting next_dagrun for aeroflux_main_pipeline to 2026-06-17T08:00:00+00:00, run_after=2026-06-17T09:00:00+00:00
[2026-06-17T09:34:32.673+0000] {processor.py:179} INFO - Processing /opt/airflow/dags/aeroflux_orchestrator.py took 0.350 seconds
[2026-06-17T09:35:02.859+0000] {processor.py:157} INFO - Started process (PID=120) to work on /opt/airflow/dags/aeroflux_orchestrator.py
[2026-06-17T09:35:02.861+0000] {processor.py:829} INFO - Processing file /opt/airflow/dags/aeroflux_orchestrator.py for tasks to queue
[2026-06-17T09:35:02.863+0000] {logging_mixin.py:151} INFO - [2026-06-17T09:35:02.862+0000] {dagbag.py:539} INFO - Filling up the DagBag from /opt/airflow/dags/aeroflux_orchestrator.py
[2026-06-17T09:35:03.102+0000] {processor.py:839} INFO - DAG(s) dict_keys(['aeroflux_main_pipeline']) retrieved from /opt/airflow/dags/aeroflux_orchestrator.py
[2026-06-17T09:35:03.133+0000] {logging_mixin.py:151} INFO - [2026-06-17T09:35:03.133+0000] {dag.py:2915} INFO - Sync 1 DAGs
[2026-06-17T09:35:03.152+0000] {logging_mixin.py:151} INFO - [2026-06-17T09:35:03.152+0000] {dag.py:3696} INFO - Setting next_dagrun for aeroflux_main_pipeline to 2026-06-17T09:00:00+00:00, run_after=2026-06-17T10:00:00+00:00
[2026-06-17T09:35:03.161+0000] {processor.py:179} INFO - Processing /opt/airflow/dags/aeroflux_orchestrator.py took 0.312 seconds
[2026-06-17T09:35:33.368+0000] {processor.py:157} INFO - Started process (PID=132) to work on /opt/airflow/dags/aeroflux_orchestrator.py
[2026-06-17T09:35:33.370+0000] {processor.py:829} INFO - Processing file /opt/airflow/dags/aeroflux_orchestrator.py for tasks to queue
[2026-06-17T09:35:33.372+0000] {logging_mixin.py:151} INFO - [2026-06-17T09:35:33.371+0000] {dagbag.py:539} INFO - Filling up the DagBag from /opt/airflow/dags/aeroflux_orchestrator.py
[2026-06-17T09:35:33.590+0000] {processor.py:839} INFO - DAG(s) dict_keys(['aeroflux_main_pipeline']) retrieved from /opt/airflow/dags/aeroflux_orchestrator.py
[2026-06-17T09:35:33.612+0000] {logging_mixin.py:151} INFO - [2026-06-17T09:35:33.612+0000] {dag.py:2915} INFO - Sync 1 DAGs
[2026-06-17T09:35:33.626+0000] {logging_mixin.py:151} INFO - [2026-06-17T09:35:33.626+0000] {dag.py:3696} INFO - Setting next_dagrun for aeroflux_main_pipeline to 2026-06-17T09:00:00+00:00, run_after=2026-06-17T10:00:00+00:00
[2026-06-17T09:35:33.640+0000] {processor.py:179} INFO - Processing /opt/airflow/dags/aeroflux_orchestrator.py took 0.281 seconds
[2026-06-17T09:36:03.794+0000] {processor.py:157} INFO - Started process (PID=134) to work on /opt/airflow/dags/aeroflux_orchestrator.py
[2026-06-17T09:36:03.797+0000] {processor.py:829} INFO - Processing file /opt/airflow/dags/aeroflux_orchestrator.py for tasks to queue
[2026-06-17T09:36:03.799+0000] {logging_mixin.py:151} INFO - [2026-06-17T09:36:03.798+0000] {dagbag.py:539} INFO - Filling up the DagBag from /opt/airflow/dags/aeroflux_orchestrator.py
[2026-06-17T09:36:04.069+0000] {processor.py:839} INFO - DAG(s) dict_keys(['aeroflux_main_pipeline']) retrieved from /opt/airflow/dags/aeroflux_orchestrator.py
[2026-06-17T09:36:04.110+0000] {logging_mixin.py:151} INFO - [2026-06-17T09:36:04.110+0000] {dag.py:2915} INFO - Sync 1 DAGs
[2026-06-17T09:36:04.136+0000] {logging_mixin.py:151} INFO - [2026-06-17T09:36:04.136+0000] {dag.py:3696} INFO - Setting next_dagrun for aeroflux_main_pipeline to 2026-06-17T09:00:00+00:00, run_after=2026-06-17T10:00:00+00:00
[2026-06-17T09:36:04.148+0000] {processor.py:179} INFO - Processing /opt/airflow/dags/aeroflux_orchestrator.py took 0.361 seconds
[2026-06-17T09:36:34.350+0000] {processor.py:157} INFO - Started process (PID=136) to work on /opt/airflow/dags/aeroflux_orchestrator.py
[2026-06-17T09:36:34.352+0000] {processor.py:829} INFO - Processing file /opt/airflow/dags/aeroflux_orchestrator.py for tasks to queue
[2026-06-17T09:36:34.354+0000] {logging_mixin.py:151} INFO - [2026-06-17T09:36:34.353+0000] {dagbag.py:539} INFO - Filling up the DagBag from /opt/airflow/dags/aeroflux_orchestrator.py
[2026-06-17T09:36:34.625+0000] {processor.py:839} INFO - DAG(s) dict_keys(['aeroflux_main_pipeline']) retrieved from /opt/airflow/dags/aeroflux_orchestrator.py
[2026-06-17T09:36:34.659+0000] {logging_mixin.py:151} INFO - [2026-06-17T09:36:34.659+0000] {dag.py:2915} INFO - Sync 1 DAGs
[2026-06-17T09:36:34.673+0000] {logging_mixin.py:151} INFO - [2026-06-17T09:36:34.673+0000] {dag.py:3696} INFO - Setting next_dagrun for aeroflux_main_pipeline to 2026-06-17T09:00:00+00:00, run_after=2026-06-17T10:00:00+00:00
[2026-06-17T09:36:34.683+0000] {processor.py:179} INFO - Processing /opt/airflow/dags/aeroflux_orchestrator.py took 0.340 seconds
[2026-06-17T09:37:04.833+0000] {processor.py:157} INFO - Started process (PID=148) to work on /opt/airflow/dags/aeroflux_orchestrator.py
[2026-06-17T09:37:04.835+0000] {processor.py:829} INFO - Processing file /opt/airflow/dags/aeroflux_orchestrator.py for tasks to queue
[2026-06-17T09:37:04.837+0000] {logging_mixin.py:151} INFO - [2026-06-17T09:37:04.836+0000] {dagbag.py:539} INFO - Filling up the DagBag from /opt/airflow/dags/aeroflux_orchestrator.py
[2026-06-17T09:37:05.050+0000] {processor.py:839} INFO - DAG(s) dict_keys(['aeroflux_main_pipeline']) retrieved from /opt/airflow/dags/aeroflux_orchestrator.py
[2026-06-17T09:37:05.072+0000] {logging_mixin.py:151} INFO - [2026-06-17T09:37:05.072+0000] {dag.py:2915} INFO - Sync 1 DAGs
[2026-06-17T09:37:05.086+0000] {logging_mixin.py:151} INFO - [2026-06-17T09:37:05.086+0000] {dag.py:3696} INFO - Setting next_dagrun for aeroflux_main_pipeline to 2026-06-17T09:00:00+00:00, run_after=2026-06-17T10:00:00+00:00
[2026-06-17T09:37:05.096+0000] {processor.py:179} INFO - Processing /opt/airflow/dags/aeroflux_orchestrator.py took 0.273 seconds
[2026-06-17T09:37:35.441+0000] {processor.py:157} INFO - Started process (PID=160) to work on /opt/airflow/dags/aeroflux_orchestrator.py
[2026-06-17T09:37:35.442+0000] {processor.py:829} INFO - Processing file /opt/airflow/dags/aeroflux_orchestrator.py for tasks to queue
[2026-06-17T09:37:35.444+0000] {logging_mixin.py:151} INFO - [2026-06-17T09:37:35.443+0000] {dagbag.py:539} INFO - Filling up the DagBag from /opt/airflow/dags/aeroflux_orchestrator.py
[2026-06-17T09:37:35.681+0000] {processor.py:839} INFO - DAG(s) dict_keys(['aeroflux_main_pipeline']) retrieved from /opt/airflow/dags/aeroflux_orchestrator.py
[2026-06-17T09:37:35.713+0000] {logging_mixin.py:151} INFO - [2026-06-17T09:37:35.712+0000] {dag.py:2915} INFO - Sync 1 DAGs
[2026-06-17T09:37:35.738+0000] {logging_mixin.py:151} INFO - [2026-06-17T09:37:35.737+0000] {dag.py:3696} INFO - Setting next_dagrun for aeroflux_main_pipeline to 2026-06-17T09:00:00+00:00, run_after=2026-06-17T10:00:00+00:00
[2026-06-17T09:37:35.749+0000] {processor.py:179} INFO - Processing /opt/airflow/dags/aeroflux_orchestrator.py took 0.318 seconds
[2026-06-17T09:38:05.988+0000] {processor.py:157} INFO - Started process (PID=168) to work on /opt/airflow/dags/aeroflux_orchestrator.py
[2026-06-17T09:38:05.990+0000] {processor.py:829} INFO - Processing file /opt/airflow/dags/aeroflux_orchestrator.py for tasks to queue
[2026-06-17T09:38:05.991+0000] {logging_mixin.py:151} INFO - [2026-06-17T09:38:05.991+0000] {dagbag.py:539} INFO - Filling up the DagBag from /opt/airflow/dags/aeroflux_orchestrator.py
[2026-06-17T09:38:06.228+0000] {processor.py:839} INFO - DAG(s) dict_keys(['aeroflux_main_pipeline']) retrieved from /opt/airflow/dags/aeroflux_orchestrator.py
[2026-06-17T09:38:06.255+0000] {logging_mixin.py:151} INFO - [2026-06-17T09:38:06.255+0000] {dag.py:2915} INFO - Sync 1 DAGs
[2026-06-17T09:38:06.276+0000] {logging_mixin.py:151} INFO - [2026-06-17T09:38:06.276+0000] {dag.py:3696} INFO - Setting next_dagrun for aeroflux_main_pipeline to 2026-06-17T09:00:00+00:00, run_after=2026-06-17T10:00:00+00:00
[2026-06-17T09:38:06.287+0000] {processor.py:179} INFO - Processing /opt/airflow/dags/aeroflux_orchestrator.py took 0.314 seconds
[2026-06-17T09:38:36.440+0000] {processor.py:157} INFO - Started process (PID=180) to work on /opt/airflow/dags/aeroflux_orchestrator.py
[2026-06-17T09:38:36.442+0000] {processor.py:829} INFO - Processing file /opt/airflow/dags/aeroflux_orchestrator.py for tasks to queue
[2026-06-17T09:38:36.443+0000] {logging_mixin.py:151} INFO - [2026-06-17T09:38:36.443+0000] {dagbag.py:539} INFO - Filling up the DagBag from /opt/airflow/dags/aeroflux_orchestrator.py
[2026-06-17T09:38:36.666+0000] {processor.py:839} INFO - DAG(s) dict_keys(['aeroflux_main_pipeline']) retrieved from /opt/airflow/dags/aeroflux_orchestrator.py
[2026-06-17T09:38:36.695+0000] {logging_mixin.py:151} INFO - [2026-06-17T09:38:36.695+0000] {dag.py:2915} INFO - Sync 1 DAGs
[2026-06-17T09:38:36.715+0000] {logging_mixin.py:151} INFO - [2026-06-17T09:38:36.715+0000] {dag.py:3696} INFO - Setting next_dagrun for aeroflux_main_pipeline to 2026-06-17T09:00:00+00:00, run_after=2026-06-17T10:00:00+00:00
[2026-06-17T09:38:36.725+0000] {processor.py:179} INFO - Processing /opt/airflow/dags/aeroflux_orchestrator.py took 0.293 seconds
[2026-06-17T09:39:06.966+0000] {processor.py:157} INFO - Started process (PID=182) to work on /opt/airflow/dags/aeroflux_orchestrator.py
[2026-06-17T09:39:06.972+0000] {processor.py:829} INFO - Processing file /opt/airflow/dags/aeroflux_orchestrator.py for tasks to queue
[2026-06-17T09:39:06.975+0000] {logging_mixin.py:151} INFO - [2026-06-17T09:39:06.973+0000] {dagbag.py:539} INFO - Filling up the DagBag from /opt/airflow/dags/aeroflux_orchestrator.py
[2026-06-17T09:39:07.225+0000] {processor.py:839} INFO - DAG(s) dict_keys(['aeroflux_main_pipeline']) retrieved from /opt/airflow/dags/aeroflux_orchestrator.py
[2026-06-17T09:39:07.257+0000] {logging_mixin.py:151} INFO - [2026-06-17T09:39:07.257+0000] {dag.py:2915} INFO - Sync 1 DAGs
[2026-06-17T09:39:07.274+0000] {logging_mixin.py:151} INFO - [2026-06-17T09:39:07.274+0000] {dag.py:3696} INFO - Setting next_dagrun for aeroflux_main_pipeline to 2026-06-17T09:00:00+00:00, run_after=2026-06-17T10:00:00+00:00
[2026-06-17T09:39:07.284+0000] {processor.py:179} INFO - Processing /opt/airflow/dags/aeroflux_orchestrator.py took 0.327 seconds
[2026-06-17T09:39:37.445+0000] {processor.py:157} INFO - Started process (PID=184) to work on /opt/airflow/dags/aeroflux_orchestrator.py
[2026-06-17T09:39:37.446+0000] {processor.py:829} INFO - Processing file /opt/airflow/dags/aeroflux_orchestrator.py for tasks to queue
[2026-06-17T09:39:37.447+0000] {logging_mixin.py:151} INFO - [2026-06-17T09:39:37.447+0000] {dagbag.py:539} INFO - Filling up the DagBag from /opt/airflow/dags/aeroflux_orchestrator.py
[2026-06-17T09:39:37.700+0000] {processor.py:839} INFO - DAG(s) dict_keys(['aeroflux_main_pipeline']) retrieved from /opt/airflow/dags/aeroflux_orchestrator.py
[2026-06-17T09:39:37.731+0000] {logging_mixin.py:151} INFO - [2026-06-17T09:39:37.730+0000] {dag.py:2915} INFO - Sync 1 DAGs
[2026-06-17T09:39:37.746+0000] {logging_mixin.py:151} INFO - [2026-06-17T09:39:37.746+0000] {dag.py:3696} INFO - Setting next_dagrun for aeroflux_main_pipeline to 2026-06-17T09:00:00+00:00, run_after=2026-06-17T10:00:00+00:00
[2026-06-17T09:39:37.760+0000] {processor.py:179} INFO - Processing /opt/airflow/dags/aeroflux_orchestrator.py took 0.323 seconds
[2026-06-17T09:40:08.024+0000] {processor.py:157} INFO - Started process (PID=186) to work on /opt/airflow/dags/aeroflux_orchestrator.py
[2026-06-17T09:40:08.026+0000] {processor.py:829} INFO - Processing file /opt/airflow/dags/aeroflux_orchestrator.py for tasks to queue
[2026-06-17T09:40:08.028+0000] {logging_mixin.py:151} INFO - [2026-06-17T09:40:08.027+0000] {dagbag.py:539} INFO - Filling up the DagBag from /opt/airflow/dags/aeroflux_orchestrator.py
[2026-06-17T09:40:08.285+0000] {processor.py:839} INFO - DAG(s) dict_keys(['aeroflux_main_pipeline']) retrieved from /opt/airflow/dags/aeroflux_orchestrator.py
[2026-06-17T09:40:08.318+0000] {logging_mixin.py:151} INFO - [2026-06-17T09:40:08.318+0000] {dag.py:2915} INFO - Sync 1 DAGs
[2026-06-17T09:40:08.337+0000] {logging_mixin.py:151} INFO - [2026-06-17T09:40:08.337+0000] {dag.py:3696} INFO - Setting next_dagrun for aeroflux_main_pipeline to 2026-06-17T09:00:00+00:00, run_after=2026-06-17T10:00:00+00:00
[2026-06-17T09:40:08.353+0000] {processor.py:179} INFO - Processing /opt/airflow/dags/aeroflux_orchestrator.py took 0.337 seconds
[2026-06-17T09:40:38.483+0000] {processor.py:157} INFO - Started process (PID=198) to work on /opt/airflow/dags/aeroflux_orchestrator.py
[2026-06-17T09:40:38.485+0000] {processor.py:829} INFO - Processing file /opt/airflow/dags/aeroflux_orchestrator.py for tasks to queue
[2026-06-17T09:40:38.486+0000] {logging_mixin.py:151} INFO - [2026-06-17T09:40:38.486+0000] {dagbag.py:539} INFO - Filling up the DagBag from /opt/airflow/dags/aeroflux_orchestrator.py
[2026-06-17T09:40:38.728+0000] {processor.py:839} INFO - DAG(s) dict_keys(['aeroflux_main_pipeline']) retrieved from /opt/airflow/dags/aeroflux_orchestrator.py
[2026-06-17T09:40:38.787+0000] {logging_mixin.py:151} INFO - [2026-06-17T09:40:38.786+0000] {dag.py:2915} INFO - Sync 1 DAGs
[2026-06-17T09:40:38.811+0000] {logging_mixin.py:151} INFO - [2026-06-17T09:40:38.810+0000] {dag.py:3696} INFO - Setting next_dagrun for aeroflux_main_pipeline to 2026-06-17T09:00:00+00:00, run_after=2026-06-17T10:00:00+00:00
[2026-06-17T09:40:38.822+0000] {processor.py:179} INFO - Processing /opt/airflow/dags/aeroflux_orchestrator.py took 0.353 seconds
[2026-06-17T09:41:09.110+0000] {processor.py:157} INFO - Started process (PID=200) to work on /opt/airflow/dags/aeroflux_orchestrator.py
[2026-06-17T09:41:09.112+0000] {processor.py:829} INFO - Processing file /opt/airflow/dags/aeroflux_orchestrator.py for tasks to queue
[2026-06-17T09:41:09.114+0000] {logging_mixin.py:151} INFO - [2026-06-17T09:41:09.113+0000] {dagbag.py:539} INFO - Filling up the DagBag from /opt/airflow/dags/aeroflux_orchestrator.py
[2026-06-17T09:41:09.426+0000] {processor.py:839} INFO - DAG(s) dict_keys(['aeroflux_main_pipeline']) retrieved from /opt/airflow/dags/aeroflux_orchestrator.py
[2026-06-17T09:41:09.461+0000] {logging_mixin.py:151} INFO - [2026-06-17T09:41:09.461+0000] {dag.py:2915} INFO - Sync 1 DAGs
[2026-06-17T09:41:09.482+0000] {logging_mixin.py:151} INFO - [2026-06-17T09:41:09.482+0000] {dag.py:3696} INFO - Setting next_dagrun for aeroflux_main_pipeline to 2026-06-17T09:00:00+00:00, run_after=2026-06-17T10:00:00+00:00
[2026-06-17T09:41:09.496+0000] {processor.py:179} INFO - Processing /opt/airflow/dags/aeroflux_orchestrator.py took 0.393 seconds
[2026-06-17T09:41:39.793+0000] {processor.py:157} INFO - Started process (PID=202) to work on /opt/airflow/dags/aeroflux_orchestrator.py
[2026-06-17T09:41:39.795+0000] {processor.py:829} INFO - Processing file /opt/airflow/dags/aeroflux_orchestrator.py for tasks to queue
[2026-06-17T09:41:39.797+0000] {logging_mixin.py:151} INFO - [2026-06-17T09:41:39.796+0000] {dagbag.py:539} INFO - Filling up the DagBag from /opt/airflow/dags/aeroflux_orchestrator.py
[2026-06-17T09:41:40.047+0000] {processor.py:839} INFO - DAG(s) dict_keys(['aeroflux_main_pipeline']) retrieved from /opt/airflow/dags/aeroflux_orchestrator.py
[2026-06-17T09:41:40.074+0000] {logging_mixin.py:151} INFO - [2026-06-17T09:41:40.074+0000] {dag.py:2915} INFO - Sync 1 DAGs
[2026-06-17T09:41:40.092+0000] {logging_mixin.py:151} INFO - [2026-06-17T09:41:40.092+0000] {dag.py:3696} INFO - Setting next_dagrun for aeroflux_main_pipeline to 2026-06-17T09:00:00+00:00, run_after=2026-06-17T10:00:00+00:00
[2026-06-17T09:41:40.104+0000] {processor.py:179} INFO - Processing /opt/airflow/dags/aeroflux_orchestrator.py took 0.320 seconds
[2026-06-17T09:42:10.223+0000] {processor.py:157} INFO - Started process (PID=204) to work on /opt/airflow/dags/aeroflux_orchestrator.py
[2026-06-17T09:42:10.225+0000] {processor.py:829} INFO - Processing file /opt/airflow/dags/aeroflux_orchestrator.py for tasks to queue
[2026-06-17T09:42:10.227+0000] {logging_mixin.py:151} INFO - [2026-06-17T09:42:10.226+0000] {dagbag.py:539} INFO - Filling up the DagBag from /opt/airflow/dags/aeroflux_orchestrator.py
[2026-06-17T09:42:10.491+0000] {processor.py:839} INFO - DAG(s) dict_keys(['aeroflux_main_pipeline']) retrieved from /opt/airflow/dags/aeroflux_orchestrator.py
[2026-06-17T09:42:10.527+0000] {logging_mixin.py:151} INFO - [2026-06-17T09:42:10.527+0000] {dag.py:2915} INFO - Sync 1 DAGs
[2026-06-17T09:42:10.547+0000] {logging_mixin.py:151} INFO - [2026-06-17T09:42:10.547+0000] {dag.py:3696} INFO - Setting next_dagrun for aeroflux_main_pipeline to 2026-06-17T09:00:00+00:00, run_after=2026-06-17T10:00:00+00:00
[2026-06-17T09:42:10.556+0000] {processor.py:179} INFO - Processing /opt/airflow/dags/aeroflux_orchestrator.py took 0.342 seconds
[2026-06-17T09:42:40.855+0000] {processor.py:157} INFO - Started process (PID=206) to work on /opt/airflow/dags/aeroflux_orchestrator.py
[2026-06-17T09:42:40.857+0000] {processor.py:829} INFO - Processing file /opt/airflow/dags/aeroflux_orchestrator.py for tasks to queue
[2026-06-17T09:42:40.863+0000] {logging_mixin.py:151} INFO - [2026-06-17T09:42:40.859+0000] {dagbag.py:539} INFO - Filling up the DagBag from /opt/airflow/dags/aeroflux_orchestrator.py
[2026-06-17T09:42:41.137+0000] {processor.py:839} INFO - DAG(s) dict_keys(['aeroflux_main_pipeline']) retrieved from /opt/airflow/dags/aeroflux_orchestrator.py
[2026-06-17T09:42:41.172+0000] {logging_mixin.py:151} INFO - [2026-06-17T09:42:41.172+0000] {dag.py:2915} INFO - Sync 1 DAGs
[2026-06-17T09:42:41.187+0000] {logging_mixin.py:151} INFO - [2026-06-17T09:42:41.187+0000] {dag.py:3696} INFO - Setting next_dagrun for aeroflux_main_pipeline to 2026-06-17T09:00:00+00:00, run_after=2026-06-17T10:00:00+00:00
[2026-06-17T09:42:41.202+0000] {processor.py:179} INFO - Processing /opt/airflow/dags/aeroflux_orchestrator.py took 0.356 seconds
[2026-06-17T09:43:11.454+0000] {processor.py:157} INFO - Started process (PID=208) to work on /opt/airflow/dags/aeroflux_orchestrator.py
[2026-06-17T09:43:11.456+0000] {processor.py:829} INFO - Processing file /opt/airflow/dags/aeroflux_orchestrator.py for tasks to queue
[2026-06-17T09:43:11.458+0000] {logging_mixin.py:151} INFO - [2026-06-17T09:43:11.457+0000] {dagbag.py:539} INFO - Filling up the DagBag from /opt/airflow/dags/aeroflux_orchestrator.py
[2026-06-17T09:43:11.733+0000] {processor.py:839} INFO - DAG(s) dict_keys(['aeroflux_main_pipeline']) retrieved from /opt/airflow/dags/aeroflux_orchestrator.py
[2026-06-17T09:43:11.767+0000] {logging_mixin.py:151} INFO - [2026-06-17T09:43:11.767+0000] {dag.py:2915} INFO - Sync 1 DAGs
[2026-06-17T09:43:11.789+0000] {logging_mixin.py:151} INFO - [2026-06-17T09:43:11.789+0000] {dag.py:3696} INFO - Setting next_dagrun for aeroflux_main_pipeline to 2026-06-17T09:00:00+00:00, run_after=2026-06-17T10:00:00+00:00
[2026-06-17T09:43:11.799+0000] {processor.py:179} INFO - Processing /opt/airflow/dags/aeroflux_orchestrator.py took 0.358 seconds
[2026-06-17T09:43:42.013+0000] {processor.py:157} INFO - Started process (PID=210) to work on /opt/airflow/dags/aeroflux_orchestrator.py
[2026-06-17T09:43:42.015+0000] {processor.py:829} INFO - Processing file /opt/airflow/dags/aeroflux_orchestrator.py for tasks to queue
[2026-06-17T09:43:42.017+0000] {logging_mixin.py:151} INFO - [2026-06-17T09:43:42.016+0000] {dagbag.py:539} INFO - Filling up the DagBag from /opt/airflow/dags/aeroflux_orchestrator.py
[2026-06-17T09:43:42.295+0000] {processor.py:839} INFO - DAG(s) dict_keys(['aeroflux_main_pipeline']) retrieved from /opt/airflow/dags/aeroflux_orchestrator.py
[2026-06-17T09:43:42.323+0000] {logging_mixin.py:151} INFO - [2026-06-17T09:43:42.323+0000] {dag.py:2915} INFO - Sync 1 DAGs
[2026-06-17T09:43:42.339+0000] {logging_mixin.py:151} INFO - [2026-06-17T09:43:42.339+0000] {dag.py:3696} INFO - Setting next_dagrun for aeroflux_main_pipeline to 2026-06-17T09:00:00+00:00, run_after=2026-06-17T10:00:00+00:00
[2026-06-17T09:43:42.348+0000] {processor.py:179} INFO - Processing /opt/airflow/dags/aeroflux_orchestrator.py took 0.346 seconds
[2026-06-17T09:44:12.442+0000] {processor.py:157} INFO - Started process (PID=212) to work on /opt/airflow/dags/aeroflux_orchestrator.py
[2026-06-17T09:44:12.444+0000] {processor.py:829} INFO - Processing file /opt/airflow/dags/aeroflux_orchestrator.py for tasks to queue
[2026-06-17T09:44:12.446+0000] {logging_mixin.py:151} INFO - [2026-06-17T09:44:12.445+0000] {dagbag.py:539} INFO - Filling up the DagBag from /opt/airflow/dags/aeroflux_orchestrator.py
[2026-06-17T09:44:12.710+0000] {processor.py:839} INFO - DAG(s) dict_keys(['aeroflux_main_pipeline']) retrieved from /opt/airflow/dags/aeroflux_orchestrator.py
[2026-06-17T09:44:12.749+0000] {logging_mixin.py:151} INFO - [2026-06-17T09:44:12.749+0000] {dag.py:2915} INFO - Sync 1 DAGs
[2026-06-17T09:44:12.766+0000] {logging_mixin.py:151} INFO - [2026-06-17T09:44:12.765+0000] {dag.py:3696} INFO - Setting next_dagrun for aeroflux_main_pipeline to 2026-06-17T09:00:00+00:00, run_after=2026-06-17T10:00:00+00:00
[2026-06-17T09:44:12.776+0000] {processor.py:179} INFO - Processing /opt/airflow/dags/aeroflux_orchestrator.py took 0.341 seconds
[2026-06-17T09:44:43.104+0000] {processor.py:157} INFO - Started process (PID=214) to work on /opt/airflow/dags/aeroflux_orchestrator.py
[2026-06-17T09:44:43.106+0000] {processor.py:829} INFO - Processing file /opt/airflow/dags/aeroflux_orchestrator.py for tasks to queue
[2026-06-17T09:44:43.108+0000] {logging_mixin.py:151} INFO - [2026-06-17T09:44:43.108+0000] {dagbag.py:539} INFO - Filling up the DagBag from /opt/airflow/dags/aeroflux_orchestrator.py
[2026-06-17T09:44:43.475+0000] {processor.py:839} INFO - DAG(s) dict_keys(['aeroflux_main_pipeline']) retrieved from /opt/airflow/dags/aeroflux_orchestrator.py
[2026-06-17T09:44:43.521+0000] {logging_mixin.py:151} INFO - [2026-06-17T09:44:43.521+0000] {dag.py:2915} INFO - Sync 1 DAGs
[2026-06-17T09:44:43.536+0000] {logging_mixin.py:151} INFO - [2026-06-17T09:44:43.536+0000] {dag.py:3696} INFO - Setting next_dagrun for aeroflux_main_pipeline to 2026-06-17T09:00:00+00:00, run_after=2026-06-17T10:00:00+00:00
[2026-06-17T09:44:43.548+0000] {processor.py:179} INFO - Processing /opt/airflow/dags/aeroflux_orchestrator.py took 0.451 seconds
[2026-06-17T09:45:13.955+0000] {processor.py:157} INFO - Started process (PID=216) to work on /opt/airflow/dags/aeroflux_orchestrator.py
[2026-06-17T09:45:13.957+0000] {processor.py:829} INFO - Processing file /opt/airflow/dags/aeroflux_orchestrator.py for tasks to queue
[2026-06-17T09:45:13.959+0000] {logging_mixin.py:151} INFO - [2026-06-17T09:45:13.958+0000] {dagbag.py:539} INFO - Filling up the DagBag from /opt/airflow/dags/aeroflux_orchestrator.py
[2026-06-17T09:45:14.204+0000] {processor.py:839} INFO - DAG(s) dict_keys(['aeroflux_main_pipeline']) retrieved from /opt/airflow/dags/aeroflux_orchestrator.py
[2026-06-17T09:45:14.238+0000] {logging_mixin.py:151} INFO - [2026-06-17T09:45:14.238+0000] {dag.py:2915} INFO - Sync 1 DAGs
[2026-06-17T09:45:14.254+0000] {logging_mixin.py:151} INFO - [2026-06-17T09:45:14.254+0000] {dag.py:3696} INFO - Setting next_dagrun for aeroflux_main_pipeline to 2026-06-17T09:00:00+00:00, run_after=2026-06-17T10:00:00+00:00
[2026-06-17T09:45:14.267+0000] {processor.py:179} INFO - Processing /opt/airflow/dags/aeroflux_orchestrator.py took 0.320 seconds
[2026-06-17T09:45:44.535+0000] {processor.py:157} INFO - Started process (PID=219) to work on /opt/airflow/dags/aeroflux_orchestrator.py
[2026-06-17T09:45:44.538+0000] {processor.py:829} INFO - Processing file /opt/airflow/dags/aeroflux_orchestrator.py for tasks to queue
[2026-06-17T09:45:44.540+0000] {logging_mixin.py:151} INFO - [2026-06-17T09:45:44.540+0000] {dagbag.py:539} INFO - Filling up the DagBag from /opt/airflow/dags/aeroflux_orchestrator.py
[2026-06-17T09:45:44.834+0000] {processor.py:839} INFO - DAG(s) dict_keys(['aeroflux_main_pipeline']) retrieved from /opt/airflow/dags/aeroflux_orchestrator.py
[2026-06-17T09:45:44.865+0000] {logging_mixin.py:151} INFO - [2026-06-17T09:45:44.865+0000] {dag.py:2915} INFO - Sync 1 DAGs
[2026-06-17T09:45:44.884+0000] {logging_mixin.py:151} INFO - [2026-06-17T09:45:44.883+0000] {dag.py:3696} INFO - Setting next_dagrun for aeroflux_main_pipeline to 2026-06-17T09:00:00+00:00, run_after=2026-06-17T10:00:00+00:00
[2026-06-17T09:45:44.894+0000] {processor.py:179} INFO - Processing /opt/airflow/dags/aeroflux_orchestrator.py took 0.366 seconds
[2026-06-17T09:46:14.986+0000] {processor.py:157} INFO - Started process (PID=241) to work on /opt/airflow/dags/aeroflux_orchestrator.py
[2026-06-17T09:46:14.989+0000] {processor.py:829} INFO - Processing file /opt/airflow/dags/aeroflux_orchestrator.py for tasks to queue
[2026-06-17T09:46:14.991+0000] {logging_mixin.py:151} INFO - [2026-06-17T09:46:14.990+0000] {dagbag.py:539} INFO - Filling up the DagBag from /opt/airflow/dags/aeroflux_orchestrator.py
[2026-06-17T09:46:15.245+0000] {processor.py:839} INFO - DAG(s) dict_keys(['aeroflux_main_pipeline']) retrieved from /opt/airflow/dags/aeroflux_orchestrator.py
[2026-06-17T09:46:15.292+0000] {logging_mixin.py:151} INFO - [2026-06-17T09:46:15.292+0000] {dag.py:2915} INFO - Sync 1 DAGs
[2026-06-17T09:46:15.328+0000] {logging_mixin.py:151} INFO - [2026-06-17T09:46:15.328+0000] {dag.py:3696} INFO - Setting next_dagrun for aeroflux_main_pipeline to 2026-06-17T09:00:00+00:00, run_after=2026-06-17T10:00:00+00:00
[2026-06-17T09:46:15.344+0000] {processor.py:179} INFO - Processing /opt/airflow/dags/aeroflux_orchestrator.py took 0.372 seconds
[2026-06-17T09:46:45.499+0000] {processor.py:157} INFO - Started process (PID=243) to work on /opt/airflow/dags/aeroflux_orchestrator.py
[2026-06-17T09:46:45.501+0000] {processor.py:829} INFO - Processing file /opt/airflow/dags/aeroflux_orchestrator.py for tasks to queue
[2026-06-17T09:46:45.502+0000] {logging_mixin.py:151} INFO - [2026-06-17T09:46:45.501+0000] {dagbag.py:539} INFO - Filling up the DagBag from /opt/airflow/dags/aeroflux_orchestrator.py
[2026-06-17T09:46:45.778+0000] {processor.py:839} INFO - DAG(s) dict_keys(['aeroflux_main_pipeline']) retrieved from /opt/airflow/dags/aeroflux_orchestrator.py
[2026-06-17T09:46:45.810+0000] {logging_mixin.py:151} INFO - [2026-06-17T09:46:45.810+0000] {dag.py:2915} INFO - Sync 1 DAGs
[2026-06-17T09:46:45.825+0000] {logging_mixin.py:151} INFO - [2026-06-17T09:46:45.824+0000] {dag.py:3696} INFO - Setting next_dagrun for aeroflux_main_pipeline to 2026-06-17T09:00:00+00:00, run_after=2026-06-17T10:00:00+00:00
[2026-06-17T09:46:45.833+0000] {processor.py:179} INFO - Processing /opt/airflow/dags/aeroflux_orchestrator.py took 0.343 seconds
[2026-06-17T09:47:16.078+0000] {processor.py:157} INFO - Started process (PID=245) to work on /opt/airflow/dags/aeroflux_orchestrator.py
[2026-06-17T09:47:16.081+0000] {processor.py:829} INFO - Processing file /opt/airflow/dags/aeroflux_orchestrator.py for tasks to queue
[2026-06-17T09:47:16.082+0000] {logging_mixin.py:151} INFO - [2026-06-17T09:47:16.082+0000] {dagbag.py:539} INFO - Filling up the DagBag from /opt/airflow/dags/aeroflux_orchestrator.py
[2026-06-17T09:47:16.340+0000] {processor.py:839} INFO - DAG(s) dict_keys(['aeroflux_main_pipeline']) retrieved from /opt/airflow/dags/aeroflux_orchestrator.py
[2026-06-17T09:47:16.372+0000] {logging_mixin.py:151} INFO - [2026-06-17T09:47:16.371+0000] {dag.py:2915} INFO - Sync 1 DAGs
[2026-06-17T09:47:16.393+0000] {logging_mixin.py:151} INFO - [2026-06-17T09:47:16.393+0000] {dag.py:3696} INFO - Setting next_dagrun for aeroflux_main_pipeline to 2026-06-17T09:00:00+00:00, run_after=2026-06-17T10:00:00+00:00
[2026-06-17T09:47:16.402+0000] {processor.py:179} INFO - Processing /opt/airflow/dags/aeroflux_orchestrator.py took 0.338 seconds
[2026-06-17T09:47:46.594+0000] {processor.py:157} INFO - Started process (PID=247) to work on /opt/airflow/dags/aeroflux_orchestrator.py
[2026-06-17T09:47:46.595+0000] {processor.py:829} INFO - Processing file /opt/airflow/dags/aeroflux_orchestrator.py for tasks to queue
[2026-06-17T09:47:46.598+0000] {logging_mixin.py:151} INFO - [2026-06-17T09:47:46.596+0000] {dagbag.py:539} INFO - Filling up the DagBag from /opt/airflow/dags/aeroflux_orchestrator.py
[2026-06-17T09:47:46.873+0000] {processor.py:839} INFO - DAG(s) dict_keys(['aeroflux_main_pipeline']) retrieved from /opt/airflow/dags/aeroflux_orchestrator.py
[2026-06-17T09:47:46.907+0000] {logging_mixin.py:151} INFO - [2026-06-17T09:47:46.907+0000] {dag.py:2915} INFO - Sync 1 DAGs
[2026-06-17T09:47:46.928+0000] {logging_mixin.py:151} INFO - [2026-06-17T09:47:46.928+0000] {dag.py:3696} INFO - Setting next_dagrun for aeroflux_main_pipeline to 2026-06-17T09:00:00+00:00, run_after=2026-06-17T10:00:00+00:00
[2026-06-17T09:47:46.942+0000] {processor.py:179} INFO - Processing /opt/airflow/dags/aeroflux_orchestrator.py took 0.356 seconds
[2026-06-17T09:48:17.251+0000] {processor.py:157} INFO - Started process (PID=260) to work on /opt/airflow/dags/aeroflux_orchestrator.py
[2026-06-17T09:48:17.254+0000] {processor.py:829} INFO - Processing file /opt/airflow/dags/aeroflux_orchestrator.py for tasks to queue
[2026-06-17T09:48:17.255+0000] {logging_mixin.py:151} INFO - [2026-06-17T09:48:17.255+0000] {dagbag.py:539} INFO - Filling up the DagBag from /opt/airflow/dags/aeroflux_orchestrator.py
[2026-06-17T09:48:17.531+0000] {processor.py:839} INFO - DAG(s) dict_keys(['aeroflux_main_pipeline']) retrieved from /opt/airflow/dags/aeroflux_orchestrator.py
[2026-06-17T09:48:17.579+0000] {logging_mixin.py:151} INFO - [2026-06-17T09:48:17.579+0000] {dag.py:2915} INFO - Sync 1 DAGs
[2026-06-17T09:48:17.596+0000] {logging_mixin.py:151} INFO - [2026-06-17T09:48:17.595+0000] {dag.py:3696} INFO - Setting next_dagrun for aeroflux_main_pipeline to 2026-06-17T09:00:00+00:00, run_after=2026-06-17T10:00:00+00:00
[2026-06-17T09:48:17.605+0000] {processor.py:179} INFO - Processing /opt/airflow/dags/aeroflux_orchestrator.py took 0.364 seconds
[2026-06-17T09:48:48.008+0000] {processor.py:157} INFO - Started process (PID=262) to work on /opt/airflow/dags/aeroflux_orchestrator.py
[2026-06-17T09:48:48.010+0000] {processor.py:829} INFO - Processing file /opt/airflow/dags/aeroflux_orchestrator.py for tasks to queue
[2026-06-17T09:48:48.011+0000] {logging_mixin.py:151} INFO - [2026-06-17T09:48:48.011+0000] {dagbag.py:539} INFO - Filling up the DagBag from /opt/airflow/dags/aeroflux_orchestrator.py
[2026-06-17T09:48:48.280+0000] {processor.py:839} INFO - DAG(s) dict_keys(['aeroflux_main_pipeline']) retrieved from /opt/airflow/dags/aeroflux_orchestrator.py
[2026-06-17T09:48:48.316+0000] {logging_mixin.py:151} INFO - [2026-06-17T09:48:48.316+0000] {dag.py:2915} INFO - Sync 1 DAGs
[2026-06-17T09:48:48.335+0000] {logging_mixin.py:151} INFO - [2026-06-17T09:48:48.334+0000] {dag.py:3696} INFO - Setting next_dagrun for aeroflux_main_pipeline to 2026-06-17T09:00:00+00:00, run_after=2026-06-17T10:00:00+00:00
[2026-06-17T09:48:48.344+0000] {processor.py:179} INFO - Processing /opt/airflow/dags/aeroflux_orchestrator.py took 0.349 seconds
[2026-06-17T09:49:18.724+0000] {processor.py:157} INFO - Started process (PID=264) to work on /opt/airflow/dags/aeroflux_orchestrator.py
[2026-06-17T09:49:18.728+0000] {processor.py:829} INFO - Processing file /opt/airflow/dags/aeroflux_orchestrator.py for tasks to queue
[2026-06-17T09:49:18.731+0000] {logging_mixin.py:151} INFO - [2026-06-17T09:49:18.730+0000] {dagbag.py:539} INFO - Filling up the DagBag from /opt/airflow/dags/aeroflux_orchestrator.py
[2026-06-17T09:49:19.011+0000] {processor.py:839} INFO - DAG(s) dict_keys(['aeroflux_main_pipeline']) retrieved from /opt/airflow/dags/aeroflux_orchestrator.py
[2026-06-17T09:49:19.044+0000] {logging_mixin.py:151} INFO - [2026-06-17T09:49:19.044+0000] {dag.py:2915} INFO - Sync 1 DAGs
[2026-06-17T09:49:19.059+0000] {logging_mixin.py:151} INFO - [2026-06-17T09:49:19.059+0000] {dag.py:3696} INFO - Setting next_dagrun for aeroflux_main_pipeline to 2026-06-17T09:00:00+00:00, run_after=2026-06-17T10:00:00+00:00
[2026-06-17T09:49:19.068+0000] {processor.py:179} INFO - Processing /opt/airflow/dags/aeroflux_orchestrator.py took 0.352 seconds
[2026-06-17T09:49:49.279+0000] {processor.py:157} INFO - Started process (PID=266) to work on /opt/airflow/dags/aeroflux_orchestrator.py
[2026-06-17T09:49:49.281+0000] {processor.py:829} INFO - Processing file /opt/airflow/dags/aeroflux_orchestrator.py for tasks to queue
[2026-06-17T09:49:49.285+0000] {logging_mixin.py:151} INFO - [2026-06-17T09:49:49.282+0000] {dagbag.py:539} INFO - Filling up the DagBag from /opt/airflow/dags/aeroflux_orchestrator.py
[2026-06-17T09:49:49.577+0000] {processor.py:839} INFO - DAG(s) dict_keys(['aeroflux_main_pipeline']) retrieved from /opt/airflow/dags/aeroflux_orchestrator.py
[2026-06-17T09:49:49.612+0000] {logging_mixin.py:151} INFO - [2026-06-17T09:49:49.612+0000] {dag.py:2915} INFO - Sync 1 DAGs
[2026-06-17T09:49:49.629+0000] {logging_mixin.py:151} INFO - [2026-06-17T09:49:49.629+0000] {dag.py:3696} INFO - Setting next_dagrun for aeroflux_main_pipeline to 2026-06-17T09:00:00+00:00, run_after=2026-06-17T10:00:00+00:00
[2026-06-17T09:49:49.638+0000] {processor.py:179} INFO - Processing /opt/airflow/dags/aeroflux_orchestrator.py took 0.367 seconds
[2026-06-17T09:50:19.747+0000] {processor.py:157} INFO - Started process (PID=268) to work on /opt/airflow/dags/aeroflux_orchestrator.py
[2026-06-17T09:50:19.755+0000] {processor.py:829} INFO - Processing file /opt/airflow/dags/aeroflux_orchestrator.py for tasks to queue
[2026-06-17T09:50:19.758+0000] {logging_mixin.py:151} INFO - [2026-06-17T09:50:19.757+0000] {dagbag.py:539} INFO - Filling up the DagBag from /opt/airflow/dags/aeroflux_orchestrator.py
[2026-06-17T09:50:20.052+0000] {processor.py:839} INFO - DAG(s) dict_keys(['aeroflux_main_pipeline']) retrieved from /opt/airflow/dags/aeroflux_orchestrator.py
[2026-06-17T09:50:20.084+0000] {logging_mixin.py:151} INFO - [2026-06-17T09:50:20.083+0000] {dag.py:2915} INFO - Sync 1 DAGs
[2026-06-17T09:50:20.104+0000] {logging_mixin.py:151} INFO - [2026-06-17T09:50:20.104+0000] {dag.py:3696} INFO - Setting next_dagrun for aeroflux_main_pipeline to 2026-06-17T09:00:00+00:00, run_after=2026-06-17T10:00:00+00:00
[2026-06-17T09:50:20.115+0000] {processor.py:179} INFO - Processing /opt/airflow/dags/aeroflux_orchestrator.py took 0.399 seconds
[2026-06-17T09:50:50.402+0000] {processor.py:157} INFO - Started process (PID=270) to work on /opt/airflow/dags/aeroflux_orchestrator.py
[2026-06-17T09:50:50.405+0000] {processor.py:829} INFO - Processing file /opt/airflow/dags/aeroflux_orchestrator.py for tasks to queue
[2026-06-17T09:50:50.407+0000] {logging_mixin.py:151} INFO - [2026-06-17T09:50:50.406+0000] {dagbag.py:539} INFO - Filling up the DagBag from /opt/airflow/dags/aeroflux_orchestrator.py
[2026-06-17T09:50:50.675+0000] {processor.py:839} INFO - DAG(s) dict_keys(['aeroflux_main_pipeline']) retrieved from /opt/airflow/dags/aeroflux_orchestrator.py
[2026-06-17T09:50:50.701+0000] {logging_mixin.py:151} INFO - [2026-06-17T09:50:50.701+0000] {dag.py:2915} INFO - Sync 1 DAGs
[2026-06-17T09:50:50.718+0000] {logging_mixin.py:151} INFO - [2026-06-17T09:50:50.718+0000] {dag.py:3696} INFO - Setting next_dagrun for aeroflux_main_pipeline to 2026-06-17T09:00:00+00:00, run_after=2026-06-17T10:00:00+00:00
[2026-06-17T09:50:50.728+0000] {processor.py:179} INFO - Processing /opt/airflow/dags/aeroflux_orchestrator.py took 0.335 seconds
[2026-06-17T09:51:20.836+0000] {processor.py:157} INFO - Started process (PID=272) to work on /opt/airflow/dags/aeroflux_orchestrator.py
[2026-06-17T09:51:20.838+0000] {processor.py:829} INFO - Processing file /opt/airflow/dags/aeroflux_orchestrator.py for tasks to queue
[2026-06-17T09:51:20.839+0000] {logging_mixin.py:151} INFO - [2026-06-17T09:51:20.839+0000] {dagbag.py:539} INFO - Filling up the DagBag from /opt/airflow/dags/aeroflux_orchestrator.py
[2026-06-17T09:51:21.115+0000] {processor.py:839} INFO - DAG(s) dict_keys(['aeroflux_main_pipeline']) retrieved from /opt/airflow/dags/aeroflux_orchestrator.py
[2026-06-17T09:51:21.147+0000] {logging_mixin.py:151} INFO - [2026-06-17T09:51:21.147+0000] {dag.py:2915} INFO - Sync 1 DAGs
[2026-06-17T09:51:21.168+0000] {logging_mixin.py:151} INFO - [2026-06-17T09:51:21.168+0000] {dag.py:3696} INFO - Setting next_dagrun for aeroflux_main_pipeline to 2026-06-17T09:00:00+00:00, run_after=2026-06-17T10:00:00+00:00
[2026-06-17T09:51:21.179+0000] {processor.py:179} INFO - Processing /opt/airflow/dags/aeroflux_orchestrator.py took 0.354 seconds
[2026-06-17T09:51:51.447+0000] {processor.py:157} INFO - Started process (PID=274) to work on /opt/airflow/dags/aeroflux_orchestrator.py
[2026-06-17T09:51:51.450+0000] {processor.py:829} INFO - Processing file /opt/airflow/dags/aeroflux_orchestrator.py for tasks to queue
[2026-06-17T09:51:51.453+0000] {logging_mixin.py:151} INFO - [2026-06-17T09:51:51.453+0000] {dagbag.py:539} INFO - Filling up the DagBag from /opt/airflow/dags/aeroflux_orchestrator.py
[2026-06-17T09:51:51.723+0000] {processor.py:839} INFO - DAG(s) dict_keys(['aeroflux_main_pipeline']) retrieved from /opt/airflow/dags/aeroflux_orchestrator.py
[2026-06-17T09:51:51.748+0000] {logging_mixin.py:151} INFO - [2026-06-17T09:51:51.748+0000] {dag.py:2915} INFO - Sync 1 DAGs
[2026-06-17T09:51:51.763+0000] {logging_mixin.py:151} INFO - [2026-06-17T09:51:51.762+0000] {dag.py:3696} INFO - Setting next_dagrun for aeroflux_main_pipeline to 2026-06-17T09:00:00+00:00, run_after=2026-06-17T10:00:00+00:00
[2026-06-17T09:51:51.771+0000] {processor.py:179} INFO - Processing /opt/airflow/dags/aeroflux_orchestrator.py took 0.333 seconds
[2026-06-17T09:52:22.070+0000] {processor.py:157} INFO - Started process (PID=276) to work on /opt/airflow/dags/aeroflux_orchestrator.py
[2026-06-17T09:52:22.072+0000] {processor.py:829} INFO - Processing file /opt/airflow/dags/aeroflux_orchestrator.py for tasks to queue
[2026-06-17T09:52:22.074+0000] {logging_mixin.py:151} INFO - [2026-06-17T09:52:22.073+0000] {dagbag.py:539} INFO - Filling up the DagBag from /opt/airflow/dags/aeroflux_orchestrator.py
[2026-06-17T09:52:22.325+0000] {processor.py:839} INFO - DAG(s) dict_keys(['aeroflux_main_pipeline']) retrieved from /opt/airflow/dags/aeroflux_orchestrator.py
[2026-06-17T09:52:22.365+0000] {logging_mixin.py:151} INFO - [2026-06-17T09:52:22.365+0000] {dag.py:2915} INFO - Sync 1 DAGs
[2026-06-17T09:52:22.382+0000] {logging_mixin.py:151} INFO - [2026-06-17T09:52:22.382+0000] {dag.py:3696} INFO - Setting next_dagrun for aeroflux_main_pipeline to 2026-06-17T09:00:00+00:00, run_after=2026-06-17T10:00:00+00:00
[2026-06-17T09:52:22.393+0000] {processor.py:179} INFO - Processing /opt/airflow/dags/aeroflux_orchestrator.py took 0.333 seconds
[2026-06-17T09:52:52.820+0000] {processor.py:157} INFO - Started process (PID=278) to work on /opt/airflow/dags/aeroflux_orchestrator.py
[2026-06-17T09:52:52.822+0000] {processor.py:829} INFO - Processing file /opt/airflow/dags/aeroflux_orchestrator.py for tasks to queue
[2026-06-17T09:52:52.824+0000] {logging_mixin.py:151} INFO - [2026-06-17T09:52:52.823+0000] {dagbag.py:539} INFO - Filling up the DagBag from /opt/airflow/dags/aeroflux_orchestrator.py
[2026-06-17T09:52:53.086+0000] {processor.py:839} INFO - DAG(s) dict_keys(['aeroflux_main_pipeline']) retrieved from /opt/airflow/dags/aeroflux_orchestrator.py
[2026-06-17T09:52:53.123+0000] {logging_mixin.py:151} INFO - [2026-06-17T09:52:53.122+0000] {dag.py:2915} INFO - Sync 1 DAGs
[2026-06-17T09:52:53.137+0000] {logging_mixin.py:151} INFO - [2026-06-17T09:52:53.137+0000] {dag.py:3696} INFO - Setting next_dagrun for aeroflux_main_pipeline to 2026-06-17T09:00:00+00:00, run_after=2026-06-17T10:00:00+00:00
[2026-06-17T09:52:53.146+0000] {processor.py:179} INFO - Processing /opt/airflow/dags/aeroflux_orchestrator.py took 0.338 seconds
[2026-06-17T09:53:23.227+0000] {processor.py:157} INFO - Started process (PID=280) to work on /opt/airflow/dags/aeroflux_orchestrator.py
[2026-06-17T09:53:23.229+0000] {processor.py:829} INFO - Processing file /opt/airflow/dags/aeroflux_orchestrator.py for tasks to queue
[2026-06-17T09:53:23.233+0000] {logging_mixin.py:151} INFO - [2026-06-17T09:53:23.231+0000] {dagbag.py:539} INFO - Filling up the DagBag from /opt/airflow/dags/aeroflux_orchestrator.py
[2026-06-17T09:53:23.508+0000] {processor.py:839} INFO - DAG(s) dict_keys(['aeroflux_main_pipeline']) retrieved from /opt/airflow/dags/aeroflux_orchestrator.py
[2026-06-17T09:53:23.582+0000] {logging_mixin.py:151} INFO - [2026-06-17T09:53:23.581+0000] {dag.py:2915} INFO - Sync 1 DAGs
[2026-06-17T09:53:23.609+0000] {logging_mixin.py:151} INFO - [2026-06-17T09:53:23.609+0000] {dag.py:3696} INFO - Setting next_dagrun for aeroflux_main_pipeline to 2026-06-17T09:00:00+00:00, run_after=2026-06-17T10:00:00+00:00
[2026-06-17T09:53:23.628+0000] {processor.py:179} INFO - Processing /opt/airflow/dags/aeroflux_orchestrator.py took 0.410 seconds
[2026-06-17T09:53:53.912+0000] {processor.py:157} INFO - Started process (PID=282) to work on /opt/airflow/dags/aeroflux_orchestrator.py
[2026-06-17T09:53:53.915+0000] {processor.py:829} INFO - Processing file /opt/airflow/dags/aeroflux_orchestrator.py for tasks to queue
[2026-06-17T09:53:53.917+0000] {logging_mixin.py:151} INFO - [2026-06-17T09:53:53.916+0000] {dagbag.py:539} INFO - Filling up the DagBag from /opt/airflow/dags/aeroflux_orchestrator.py
[2026-06-17T09:53:54.187+0000] {processor.py:839} INFO - DAG(s) dict_keys(['aeroflux_main_pipeline']) retrieved from /opt/airflow/dags/aeroflux_orchestrator.py
[2026-06-17T09:53:54.218+0000] {logging_mixin.py:151} INFO - [2026-06-17T09:53:54.218+0000] {dag.py:2915} INFO - Sync 1 DAGs
[2026-06-17T09:53:54.240+0000] {logging_mixin.py:151} INFO - [2026-06-17T09:53:54.240+0000] {dag.py:3696} INFO - Setting next_dagrun for aeroflux_main_pipeline to 2026-06-17T09:00:00+00:00, run_after=2026-06-17T10:00:00+00:00
[2026-06-17T09:53:54.253+0000] {processor.py:179} INFO - Processing /opt/airflow/dags/aeroflux_orchestrator.py took 0.352 seconds
[2026-06-17T09:54:24.581+0000] {processor.py:157} INFO - Started process (PID=284) to work on /opt/airflow/dags/aeroflux_orchestrator.py
[2026-06-17T09:54:24.585+0000] {processor.py:829} INFO - Processing file /opt/airflow/dags/aeroflux_orchestrator.py for tasks to queue
[2026-06-17T09:54:24.586+0000] {logging_mixin.py:151} INFO - [2026-06-17T09:54:24.586+0000] {dagbag.py:539} INFO - Filling up the DagBag from /opt/airflow/dags/aeroflux_orchestrator.py
[2026-06-17T09:54:24.865+0000] {processor.py:839} INFO - DAG(s) dict_keys(['aeroflux_main_pipeline']) retrieved from /opt/airflow/dags/aeroflux_orchestrator.py
[2026-06-17T09:54:24.901+0000] {logging_mixin.py:151} INFO - [2026-06-17T09:54:24.901+0000] {dag.py:2915} INFO - Sync 1 DAGs
[2026-06-17T09:54:24.918+0000] {logging_mixin.py:151} INFO - [2026-06-17T09:54:24.918+0000] {dag.py:3696} INFO - Setting next_dagrun for aeroflux_main_pipeline to 2026-06-17T09:00:00+00:00, run_after=2026-06-17T10:00:00+00:00
[2026-06-17T09:54:24.928+0000] {processor.py:179} INFO - Processing /opt/airflow/dags/aeroflux_orchestrator.py took 0.355 seconds
[2026-06-17T09:54:55.253+0000] {processor.py:157} INFO - Started process (PID=293) to work on /opt/airflow/dags/aeroflux_orchestrator.py
[2026-06-17T09:54:55.257+0000] {processor.py:829} INFO - Processing file /opt/airflow/dags/aeroflux_orchestrator.py for tasks to queue
[2026-06-17T09:54:55.259+0000] {logging_mixin.py:151} INFO - [2026-06-17T09:54:55.258+0000] {dagbag.py:539} INFO - Filling up the DagBag from /opt/airflow/dags/aeroflux_orchestrator.py
[2026-06-17T09:54:55.562+0000] {processor.py:839} INFO - DAG(s) dict_keys(['aeroflux_main_pipeline']) retrieved from /opt/airflow/dags/aeroflux_orchestrator.py
[2026-06-17T09:54:55.597+0000] {logging_mixin.py:151} INFO - [2026-06-17T09:54:55.597+0000] {dag.py:2915} INFO - Sync 1 DAGs
[2026-06-17T09:54:55.618+0000] {logging_mixin.py:151} INFO - [2026-06-17T09:54:55.618+0000] {dag.py:3696} INFO - Setting next_dagrun for aeroflux_main_pipeline to 2026-06-17T09:00:00+00:00, run_after=2026-06-17T10:00:00+00:00
[2026-06-17T09:54:55.629+0000] {processor.py:179} INFO - Processing /opt/airflow/dags/aeroflux_orchestrator.py took 0.390 seconds
[2026-06-17T09:55:25.870+0000] {processor.py:157} INFO - Started process (PID=295) to work on /opt/airflow/dags/aeroflux_orchestrator.py
[2026-06-17T09:55:25.872+0000] {processor.py:829} INFO - Processing file /opt/airflow/dags/aeroflux_orchestrator.py for tasks to queue
[2026-06-17T09:55:25.874+0000] {logging_mixin.py:151} INFO - [2026-06-17T09:55:25.873+0000] {dagbag.py:539} INFO - Filling up the DagBag from /opt/airflow/dags/aeroflux_orchestrator.py
[2026-06-17T09:55:26.142+0000] {processor.py:839} INFO - DAG(s) dict_keys(['aeroflux_main_pipeline']) retrieved from /opt/airflow/dags/aeroflux_orchestrator.py
[2026-06-17T09:55:26.177+0000] {logging_mixin.py:151} INFO - [2026-06-17T09:55:26.176+0000] {dag.py:2915} INFO - Sync 1 DAGs
[2026-06-17T09:55:26.197+0000] {logging_mixin.py:151} INFO - [2026-06-17T09:55:26.197+0000] {dag.py:3696} INFO - Setting next_dagrun for aeroflux_main_pipeline to 2026-06-17T09:00:00+00:00, run_after=2026-06-17T10:00:00+00:00
[2026-06-17T09:55:26.207+0000] {processor.py:179} INFO - Processing /opt/airflow/dags/aeroflux_orchestrator.py took 0.344 seconds
[2026-06-17T09:55:56.340+0000] {processor.py:157} INFO - Started process (PID=297) to work on /opt/airflow/dags/aeroflux_orchestrator.py
[2026-06-17T09:55:56.343+0000] {processor.py:829} INFO - Processing file /opt/airflow/dags/aeroflux_orchestrator.py for tasks to queue
[2026-06-17T09:55:56.344+0000] {logging_mixin.py:151} INFO - [2026-06-17T09:55:56.343+0000] {dagbag.py:539} INFO - Filling up the DagBag from /opt/airflow/dags/aeroflux_orchestrator.py
[2026-06-17T09:55:56.611+0000] {processor.py:839} INFO - DAG(s) dict_keys(['aeroflux_main_pipeline']) retrieved from /opt/airflow/dags/aeroflux_orchestrator.py
[2026-06-17T09:55:56.644+0000] {logging_mixin.py:151} INFO - [2026-06-17T09:55:56.644+0000] {dag.py:2915} INFO - Sync 1 DAGs
[2026-06-17T09:55:56.657+0000] {logging_mixin.py:151} INFO - [2026-06-17T09:55:56.657+0000] {dag.py:3696} INFO - Setting next_dagrun for aeroflux_main_pipeline to 2026-06-17T09:00:00+00:00, run_after=2026-06-17T10:00:00+00:00
[2026-06-17T09:55:56.666+0000] {processor.py:179} INFO - Processing /opt/airflow/dags/aeroflux_orchestrator.py took 0.335 seconds
[2026-06-17T09:56:27.045+0000] {processor.py:157} INFO - Started process (PID=320) to work on /opt/airflow/dags/aeroflux_orchestrator.py
[2026-06-17T09:56:27.047+0000] {processor.py:829} INFO - Processing file /opt/airflow/dags/aeroflux_orchestrator.py for tasks to queue
[2026-06-17T09:56:27.049+0000] {logging_mixin.py:151} INFO - [2026-06-17T09:56:27.048+0000] {dagbag.py:539} INFO - Filling up the DagBag from /opt/airflow/dags/aeroflux_orchestrator.py
[2026-06-17T09:56:27.299+0000] {processor.py:839} INFO - DAG(s) dict_keys(['aeroflux_main_pipeline']) retrieved from /opt/airflow/dags/aeroflux_orchestrator.py
[2026-06-17T09:56:27.329+0000] {logging_mixin.py:151} INFO - [2026-06-17T09:56:27.329+0000] {dag.py:2915} INFO - Sync 1 DAGs
[2026-06-17T09:56:27.344+0000] {logging_mixin.py:151} INFO - [2026-06-17T09:56:27.344+0000] {dag.py:3696} INFO - Setting next_dagrun for aeroflux_main_pipeline to 2026-06-17T09:00:00+00:00, run_after=2026-06-17T10:00:00+00:00
[2026-06-17T09:56:27.354+0000] {processor.py:179} INFO - Processing /opt/airflow/dags/aeroflux_orchestrator.py took 0.314 seconds
[2026-06-17T09:56:57.669+0000] {processor.py:157} INFO - Started process (PID=322) to work on /opt/airflow/dags/aeroflux_orchestrator.py
[2026-06-17T09:56:57.671+0000] {processor.py:829} INFO - Processing file /opt/airflow/dags/aeroflux_orchestrator.py for tasks to queue
[2026-06-17T09:56:57.673+0000] {logging_mixin.py:151} INFO - [2026-06-17T09:56:57.672+0000] {dagbag.py:539} INFO - Filling up the DagBag from /opt/airflow/dags/aeroflux_orchestrator.py
[2026-06-17T09:56:57.992+0000] {processor.py:839} INFO - DAG(s) dict_keys(['aeroflux_main_pipeline']) retrieved from /opt/airflow/dags/aeroflux_orchestrator.py
[2026-06-17T09:56:58.026+0000] {logging_mixin.py:151} INFO - [2026-06-17T09:56:58.026+0000] {dag.py:2915} INFO - Sync 1 DAGs
[2026-06-17T09:56:58.040+0000] {logging_mixin.py:151} INFO - [2026-06-17T09:56:58.040+0000] {dag.py:3696} INFO - Setting next_dagrun for aeroflux_main_pipeline to 2026-06-17T09:00:00+00:00, run_after=2026-06-17T10:00:00+00:00
[2026-06-17T09:56:58.050+0000] {processor.py:179} INFO - Processing /opt/airflow/dags/aeroflux_orchestrator.py took 0.391 seconds
[2026-06-17T09:57:28.449+0000] {processor.py:157} INFO - Started process (PID=324) to work on /opt/airflow/dags/aeroflux_orchestrator.py
[2026-06-17T09:57:28.451+0000] {processor.py:829} INFO - Processing file /opt/airflow/dags/aeroflux_orchestrator.py for tasks to queue
[2026-06-17T09:57:28.452+0000] {logging_mixin.py:151} INFO - [2026-06-17T09:57:28.452+0000] {dagbag.py:539} INFO - Filling up the DagBag from /opt/airflow/dags/aeroflux_orchestrator.py
[2026-06-17T09:57:28.720+0000] {processor.py:839} INFO - DAG(s) dict_keys(['aeroflux_main_pipeline']) retrieved from /opt/airflow/dags/aeroflux_orchestrator.py
[2026-06-17T09:57:28.747+0000] {logging_mixin.py:151} INFO - [2026-06-17T09:57:28.747+0000] {dag.py:2915} INFO - Sync 1 DAGs
[2026-06-17T09:57:28.764+0000] {logging_mixin.py:151} INFO - [2026-06-17T09:57:28.764+0000] {dag.py:3696} INFO - Setting next_dagrun for aeroflux_main_pipeline to 2026-06-17T09:00:00+00:00, run_after=2026-06-17T10:00:00+00:00
[2026-06-17T09:57:28.775+0000] {processor.py:179} INFO - Processing /opt/airflow/dags/aeroflux_orchestrator.py took 0.334 seconds
[2026-06-17T09:57:59.124+0000] {processor.py:157} INFO - Started process (PID=326) to work on /opt/airflow/dags/aeroflux_orchestrator.py
[2026-06-17T09:57:59.127+0000] {processor.py:829} INFO - Processing file /opt/airflow/dags/aeroflux_orchestrator.py for tasks to queue
[2026-06-17T09:57:59.131+0000] {logging_mixin.py:151} INFO - [2026-06-17T09:57:59.130+0000] {dagbag.py:539} INFO - Filling up the DagBag from /opt/airflow/dags/aeroflux_orchestrator.py
[2026-06-17T09:57:59.403+0000] {processor.py:839} INFO - DAG(s) dict_keys(['aeroflux_main_pipeline']) retrieved from /opt/airflow/dags/aeroflux_orchestrator.py
[2026-06-17T09:57:59.427+0000] {logging_mixin.py:151} INFO - [2026-06-17T09:57:59.427+0000] {dag.py:2915} INFO - Sync 1 DAGs
[2026-06-17T09:57:59.441+0000] {logging_mixin.py:151} INFO - [2026-06-17T09:57:59.441+0000] {dag.py:3696} INFO - Setting next_dagrun for aeroflux_main_pipeline to 2026-06-17T09:00:00+00:00, run_after=2026-06-17T10:00:00+00:00
[2026-06-17T09:57:59.453+0000] {processor.py:179} INFO - Processing /opt/airflow/dags/aeroflux_orchestrator.py took 0.338 seconds
[2026-06-17T09:58:29.532+0000] {processor.py:157} INFO - Started process (PID=339) to work on /opt/airflow/dags/aeroflux_orchestrator.py
[2026-06-17T09:58:29.534+0000] {processor.py:829} INFO - Processing file /opt/airflow/dags/aeroflux_orchestrator.py for tasks to queue
[2026-06-17T09:58:29.536+0000] {logging_mixin.py:151} INFO - [2026-06-17T09:58:29.535+0000] {dagbag.py:539} INFO - Filling up the DagBag from /opt/airflow/dags/aeroflux_orchestrator.py
[2026-06-17T09:58:29.793+0000] {processor.py:839} INFO - DAG(s) dict_keys(['aeroflux_main_pipeline']) retrieved from /opt/airflow/dags/aeroflux_orchestrator.py
[2026-06-17T09:58:29.824+0000] {logging_mixin.py:151} INFO - [2026-06-17T09:58:29.824+0000] {dag.py:2915} INFO - Sync 1 DAGs
[2026-06-17T09:58:29.838+0000] {logging_mixin.py:151} INFO - [2026-06-17T09:58:29.838+0000] {dag.py:3696} INFO - Setting next_dagrun for aeroflux_main_pipeline to 2026-06-17T09:00:00+00:00, run_after=2026-06-17T10:00:00+00:00
[2026-06-17T09:58:29.851+0000] {processor.py:179} INFO - Processing /opt/airflow/dags/aeroflux_orchestrator.py took 0.327 seconds
[2026-06-17T09:59:00.109+0000] {processor.py:157} INFO - Started process (PID=341) to work on /opt/airflow/dags/aeroflux_orchestrator.py
[2026-06-17T09:59:00.111+0000] {processor.py:829} INFO - Processing file /opt/airflow/dags/aeroflux_orchestrator.py for tasks to queue
[2026-06-17T09:59:00.113+0000] {logging_mixin.py:151} INFO - [2026-06-17T09:59:00.112+0000] {dagbag.py:539} INFO - Filling up the DagBag from /opt/airflow/dags/aeroflux_orchestrator.py
[2026-06-17T09:59:00.370+0000] {processor.py:839} INFO - DAG(s) dict_keys(['aeroflux_main_pipeline']) retrieved from /opt/airflow/dags/aeroflux_orchestrator.py
[2026-06-17T09:59:00.396+0000] {logging_mixin.py:151} INFO - [2026-06-17T09:59:00.396+0000] {dag.py:2915} INFO - Sync 1 DAGs
[2026-06-17T09:59:00.413+0000] {logging_mixin.py:151} INFO - [2026-06-17T09:59:00.412+0000] {dag.py:3696} INFO - Setting next_dagrun for aeroflux_main_pipeline to 2026-06-17T09:00:00+00:00, run_after=2026-06-17T10:00:00+00:00
[2026-06-17T09:59:00.422+0000] {processor.py:179} INFO - Processing /opt/airflow/dags/aeroflux_orchestrator.py took 0.321 seconds
[2026-06-17T09:59:30.817+0000] {processor.py:157} INFO - Started process (PID=343) to work on /opt/airflow/dags/aeroflux_orchestrator.py
[2026-06-17T09:59:30.819+0000] {processor.py:829} INFO - Processing file /opt/airflow/dags/aeroflux_orchestrator.py for tasks to queue
[2026-06-17T09:59:30.821+0000] {logging_mixin.py:151} INFO - [2026-06-17T09:59:30.820+0000] {dagbag.py:539} INFO - Filling up the DagBag from /opt/airflow/dags/aeroflux_orchestrator.py
[2026-06-17T09:59:31.089+0000] {processor.py:839} INFO - DAG(s) dict_keys(['aeroflux_main_pipeline']) retrieved from /opt/airflow/dags/aeroflux_orchestrator.py
[2026-06-17T09:59:31.119+0000] {logging_mixin.py:151} INFO - [2026-06-17T09:59:31.119+0000] {dag.py:2915} INFO - Sync 1 DAGs
[2026-06-17T09:59:31.135+0000] {logging_mixin.py:151} INFO - [2026-06-17T09:59:31.135+0000] {dag.py:3696} INFO - Setting next_dagrun for aeroflux_main_pipeline to 2026-06-17T09:00:00+00:00, run_after=2026-06-17T10:00:00+00:00
[2026-06-17T09:59:31.145+0000] {processor.py:179} INFO - Processing /opt/airflow/dags/aeroflux_orchestrator.py took 0.340 seconds
[2026-06-17T10:00:01.465+0000] {processor.py:157} INFO - Started process (PID=346) to work on /opt/airflow/dags/aeroflux_orchestrator.py
[2026-06-17T10:00:01.468+0000] {processor.py:829} INFO - Processing file /opt/airflow/dags/aeroflux_orchestrator.py for tasks to queue
[2026-06-17T10:00:01.469+0000] {logging_mixin.py:151} INFO - [2026-06-17T10:00:01.469+0000] {dagbag.py:539} INFO - Filling up the DagBag from /opt/airflow/dags/aeroflux_orchestrator.py
[2026-06-17T10:00:01.899+0000] {processor.py:839} INFO - DAG(s) dict_keys(['aeroflux_main_pipeline']) retrieved from /opt/airflow/dags/aeroflux_orchestrator.py
[2026-06-17T10:00:01.932+0000] {logging_mixin.py:151} INFO - [2026-06-17T10:00:01.932+0000] {dag.py:2915} INFO - Sync 1 DAGs
[2026-06-17T10:00:01.953+0000] {logging_mixin.py:151} INFO - [2026-06-17T10:00:01.953+0000] {dag.py:3696} INFO - Setting next_dagrun for aeroflux_main_pipeline to 2026-06-17T10:00:00+00:00, run_after=2026-06-17T11:00:00+00:00
[2026-06-17T10:00:01.966+0000] {processor.py:179} INFO - Processing /opt/airflow/dags/aeroflux_orchestrator.py took 0.504 seconds
[2026-06-17T10:00:51.904+0000] {processor.py:157} INFO - Started process (PID=47) to work on /opt/airflow/dags/aeroflux_orchestrator.py
[2026-06-17T10:00:51.908+0000] {processor.py:829} INFO - Processing file /opt/airflow/dags/aeroflux_orchestrator.py for tasks to queue
[2026-06-17T10:00:51.908+0000] {logging_mixin.py:151} INFO - [2026-06-17T10:00:51.908+0000] {dagbag.py:539} INFO - Filling up the DagBag from /opt/airflow/dags/aeroflux_orchestrator.py
[2026-06-17T10:00:52.949+0000] {processor.py:839} INFO - DAG(s) dict_keys(['aeroflux_main_pipeline']) retrieved from /opt/airflow/dags/aeroflux_orchestrator.py
[2026-06-17T10:00:52.975+0000] {logging_mixin.py:151} INFO - [2026-06-17T10:00:52.975+0000] {dag.py:2915} INFO - Sync 1 DAGs
[2026-06-17T10:00:52.991+0000] {logging_mixin.py:151} INFO - [2026-06-17T10:00:52.991+0000] {dag.py:3696} INFO - Setting next_dagrun for aeroflux_main_pipeline to 2026-06-17T10:00:00+00:00, run_after=2026-06-17T11:00:00+00:00
[2026-06-17T10:00:53.004+0000] {processor.py:179} INFO - Processing /opt/airflow/dags/aeroflux_orchestrator.py took 1.107 seconds
[2026-06-17T10:01:23.305+0000] {processor.py:157} INFO - Started process (PID=49) to work on /opt/airflow/dags/aeroflux_orchestrator.py
[2026-06-17T10:01:23.308+0000] {processor.py:829} INFO - Processing file /opt/airflow/dags/aeroflux_orchestrator.py for tasks to queue
[2026-06-17T10:01:23.309+0000] {logging_mixin.py:151} INFO - [2026-06-17T10:01:23.308+0000] {dagbag.py:539} INFO - Filling up the DagBag from /opt/airflow/dags/aeroflux_orchestrator.py
[2026-06-17T10:01:23.685+0000] {processor.py:839} INFO - DAG(s) dict_keys(['aeroflux_main_pipeline']) retrieved from /opt/airflow/dags/aeroflux_orchestrator.py
[2026-06-17T10:01:23.713+0000] {logging_mixin.py:151} INFO - [2026-06-17T10:01:23.713+0000] {dag.py:2915} INFO - Sync 1 DAGs
[2026-06-17T10:01:23.726+0000] {logging_mixin.py:151} INFO - [2026-06-17T10:01:23.726+0000] {dag.py:3696} INFO - Setting next_dagrun for aeroflux_main_pipeline to 2026-06-17T10:00:00+00:00, run_after=2026-06-17T11:00:00+00:00
[2026-06-17T10:01:23.733+0000] {processor.py:179} INFO - Processing /opt/airflow/dags/aeroflux_orchestrator.py took 0.438 seconds
[2026-06-17T10:01:54.139+0000] {processor.py:157} INFO - Started process (PID=51) to work on /opt/airflow/dags/aeroflux_orchestrator.py
[2026-06-17T10:01:54.141+0000] {processor.py:829} INFO - Processing file /opt/airflow/dags/aeroflux_orchestrator.py for tasks to queue
[2026-06-17T10:01:54.143+0000] {logging_mixin.py:151} INFO - [2026-06-17T10:01:54.142+0000] {dagbag.py:539} INFO - Filling up the DagBag from /opt/airflow/dags/aeroflux_orchestrator.py
[2026-06-17T10:01:54.546+0000] {processor.py:839} INFO - DAG(s) dict_keys(['aeroflux_main_pipeline']) retrieved from /opt/airflow/dags/aeroflux_orchestrator.py
[2026-06-17T10:01:54.570+0000] {logging_mixin.py:151} INFO - [2026-06-17T10:01:54.569+0000] {dag.py:2915} INFO - Sync 1 DAGs
[2026-06-17T10:01:54.581+0000] {logging_mixin.py:151} INFO - [2026-06-17T10:01:54.581+0000] {dag.py:3696} INFO - Setting next_dagrun for aeroflux_main_pipeline to 2026-06-17T10:00:00+00:00, run_after=2026-06-17T11:00:00+00:00
[2026-06-17T10:01:54.591+0000] {processor.py:179} INFO - Processing /opt/airflow/dags/aeroflux_orchestrator.py took 0.461 seconds
[2026-06-17T10:02:24.963+0000] {processor.py:157} INFO - Started process (PID=67) to work on /opt/airflow/dags/aeroflux_orchestrator.py
[2026-06-17T10:02:24.966+0000] {processor.py:829} INFO - Processing file /opt/airflow/dags/aeroflux_orchestrator.py for tasks to queue
[2026-06-17T10:02:24.967+0000] {logging_mixin.py:151} INFO - [2026-06-17T10:02:24.967+0000] {dagbag.py:539} INFO - Filling up the DagBag from /opt/airflow/dags/aeroflux_orchestrator.py
[2026-06-17T10:02:25.331+0000] {processor.py:839} INFO - DAG(s) dict_keys(['aeroflux_main_pipeline']) retrieved from /opt/airflow/dags/aeroflux_orchestrator.py
[2026-06-17T10:02:25.348+0000] {logging_mixin.py:151} INFO - [2026-06-17T10:02:25.348+0000] {dag.py:2915} INFO - Sync 1 DAGs
[2026-06-17T10:02:25.359+0000] {logging_mixin.py:151} INFO - [2026-06-17T10:02:25.359+0000] {dag.py:3696} INFO - Setting next_dagrun for aeroflux_main_pipeline to 2026-06-17T10:00:00+00:00, run_after=2026-06-17T11:00:00+00:00
[2026-06-17T10:02:25.367+0000] {processor.py:179} INFO - Processing /opt/airflow/dags/aeroflux_orchestrator.py took 0.413 seconds
[2026-06-17T10:02:55.624+0000] {processor.py:157} INFO - Started process (PID=69) to work on /opt/airflow/dags/aeroflux_orchestrator.py
[2026-06-17T10:02:55.627+0000] {processor.py:829} INFO - Processing file /opt/airflow/dags/aeroflux_orchestrator.py for tasks to queue
[2026-06-17T10:02:55.628+0000] {logging_mixin.py:151} INFO - [2026-06-17T10:02:55.627+0000] {dagbag.py:539} INFO - Filling up the DagBag from /opt/airflow/dags/aeroflux_orchestrator.py
[2026-06-17T10:02:55.857+0000] {processor.py:839} INFO - DAG(s) dict_keys(['aeroflux_main_pipeline']) retrieved from /opt/airflow/dags/aeroflux_orchestrator.py
[2026-06-17T10:02:55.878+0000] {logging_mixin.py:151} INFO - [2026-06-17T10:02:55.878+0000] {dag.py:2915} INFO - Sync 1 DAGs
[2026-06-17T10:02:55.895+0000] {logging_mixin.py:151} INFO - [2026-06-17T10:02:55.894+0000] {dag.py:3696} INFO - Setting next_dagrun for aeroflux_main_pipeline to 2026-06-17T10:00:00+00:00, run_after=2026-06-17T11:00:00+00:00
[2026-06-17T10:02:55.903+0000] {processor.py:179} INFO - Processing /opt/airflow/dags/aeroflux_orchestrator.py took 0.289 seconds
[2026-06-17T10:03:25.971+0000] {processor.py:157} INFO - Started process (PID=92) to work on /opt/airflow/dags/aeroflux_orchestrator.py
[2026-06-17T10:03:25.976+0000] {processor.py:829} INFO - Processing file /opt/airflow/dags/aeroflux_orchestrator.py for tasks to queue
[2026-06-17T10:03:25.977+0000] {logging_mixin.py:151} INFO - [2026-06-17T10:03:25.976+0000] {dagbag.py:539} INFO - Filling up the DagBag from /opt/airflow/dags/aeroflux_orchestrator.py
[2026-06-17T10:03:26.252+0000] {processor.py:839} INFO - DAG(s) dict_keys(['aeroflux_main_pipeline']) retrieved from /opt/airflow/dags/aeroflux_orchestrator.py
[2026-06-17T10:03:26.281+0000] {logging_mixin.py:151} INFO - [2026-06-17T10:03:26.281+0000] {dag.py:2915} INFO - Sync 1 DAGs
[2026-06-17T10:03:26.304+0000] {logging_mixin.py:151} INFO - [2026-06-17T10:03:26.304+0000] {dag.py:3696} INFO - Setting next_dagrun for aeroflux_main_pipeline to 2026-06-17T10:00:00+00:00, run_after=2026-06-17T11:00:00+00:00
[2026-06-17T10:03:26.315+0000] {processor.py:179} INFO - Processing /opt/airflow/dags/aeroflux_orchestrator.py took 0.347 seconds
[2026-06-17T10:03:56.679+0000] {processor.py:157} INFO - Started process (PID=97) to work on /opt/airflow/dags/aeroflux_orchestrator.py
[2026-06-17T10:03:56.681+0000] {processor.py:829} INFO - Processing file /opt/airflow/dags/aeroflux_orchestrator.py for tasks to queue
[2026-06-17T10:03:56.683+0000] {logging_mixin.py:151} INFO - [2026-06-17T10:03:56.682+0000] {dagbag.py:539} INFO - Filling up the DagBag from /opt/airflow/dags/aeroflux_orchestrator.py
[2026-06-17T10:03:56.931+0000] {processor.py:839} INFO - DAG(s) dict_keys(['aeroflux_main_pipeline']) retrieved from /opt/airflow/dags/aeroflux_orchestrator.py
[2026-06-17T10:03:56.960+0000] {logging_mixin.py:151} INFO - [2026-06-17T10:03:56.959+0000] {dag.py:2915} INFO - Sync 1 DAGs
[2026-06-17T10:03:56.976+0000] {logging_mixin.py:151} INFO - [2026-06-17T10:03:56.975+0000] {dag.py:3696} INFO - Setting next_dagrun for aeroflux_main_pipeline to 2026-06-17T10:00:00+00:00, run_after=2026-06-17T11:00:00+00:00
[2026-06-17T10:03:56.985+0000] {processor.py:179} INFO - Processing /opt/airflow/dags/aeroflux_orchestrator.py took 0.318 seconds
[2026-06-17T10:04:27.369+0000] {processor.py:157} INFO - Started process (PID=99) to work on /opt/airflow/dags/aeroflux_orchestrator.py
[2026-06-17T10:04:27.371+0000] {processor.py:829} INFO - Processing file /opt/airflow/dags/aeroflux_orchestrator.py for tasks to queue
[2026-06-17T10:04:27.374+0000] {logging_mixin.py:151} INFO - [2026-06-17T10:04:27.372+0000] {dagbag.py:539} INFO - Filling up the DagBag from /opt/airflow/dags/aeroflux_orchestrator.py
[2026-06-17T10:04:27.628+0000] {processor.py:839} INFO - DAG(s) dict_keys(['aeroflux_main_pipeline']) retrieved from /opt/airflow/dags/aeroflux_orchestrator.py
[2026-06-17T10:04:27.656+0000] {logging_mixin.py:151} INFO - [2026-06-17T10:04:27.656+0000] {dag.py:2915} INFO - Sync 1 DAGs
[2026-06-17T10:04:27.672+0000] {logging_mixin.py:151} INFO - [2026-06-17T10:04:27.672+0000] {dag.py:3696} INFO - Setting next_dagrun for aeroflux_main_pipeline to 2026-06-17T10:00:00+00:00, run_after=2026-06-17T11:00:00+00:00
[2026-06-17T10:04:27.682+0000] {processor.py:179} INFO - Processing /opt/airflow/dags/aeroflux_orchestrator.py took 0.322 seconds
[2026-06-17T10:04:57.792+0000] {processor.py:157} INFO - Started process (PID=101) to work on /opt/airflow/dags/aeroflux_orchestrator.py
[2026-06-17T10:04:57.794+0000] {processor.py:829} INFO - Processing file /opt/airflow/dags/aeroflux_orchestrator.py for tasks to queue
[2026-06-17T10:04:57.796+0000] {logging_mixin.py:151} INFO - [2026-06-17T10:04:57.795+0000] {dagbag.py:539} INFO - Filling up the DagBag from /opt/airflow/dags/aeroflux_orchestrator.py
[2026-06-17T10:04:58.054+0000] {processor.py:839} INFO - DAG(s) dict_keys(['aeroflux_main_pipeline']) retrieved from /opt/airflow/dags/aeroflux_orchestrator.py
[2026-06-17T10:04:58.083+0000] {logging_mixin.py:151} INFO - [2026-06-17T10:04:58.083+0000] {dag.py:2915} INFO - Sync 1 DAGs
[2026-06-17T10:04:58.097+0000] {logging_mixin.py:151} INFO - [2026-06-17T10:04:58.097+0000] {dag.py:3696} INFO - Setting next_dagrun for aeroflux_main_pipeline to 2026-06-17T10:00:00+00:00, run_after=2026-06-17T11:00:00+00:00
[2026-06-17T10:04:58.107+0000] {processor.py:179} INFO - Processing /opt/airflow/dags/aeroflux_orchestrator.py took 0.331 seconds
[2026-06-17T10:05:28.481+0000] {processor.py:157} INFO - Started process (PID=103) to work on /opt/airflow/dags/aeroflux_orchestrator.py
[2026-06-17T10:05:28.483+0000] {processor.py:829} INFO - Processing file /opt/airflow/dags/aeroflux_orchestrator.py for tasks to queue
[2026-06-17T10:05:28.485+0000] {logging_mixin.py:151} INFO - [2026-06-17T10:05:28.484+0000] {dagbag.py:539} INFO - Filling up the DagBag from /opt/airflow/dags/aeroflux_orchestrator.py
[2026-06-17T10:05:28.723+0000] {processor.py:839} INFO - DAG(s) dict_keys(['aeroflux_main_pipeline']) retrieved from /opt/airflow/dags/aeroflux_orchestrator.py
[2026-06-17T10:05:28.753+0000] {logging_mixin.py:151} INFO - [2026-06-17T10:05:28.753+0000] {dag.py:2915} INFO - Sync 1 DAGs
[2026-06-17T10:05:28.771+0000] {logging_mixin.py:151} INFO - [2026-06-17T10:05:28.771+0000] {dag.py:3696} INFO - Setting next_dagrun for aeroflux_main_pipeline to 2026-06-17T10:00:00+00:00, run_after=2026-06-17T11:00:00+00:00
[2026-06-17T10:05:28.782+0000] {processor.py:179} INFO - Processing /opt/airflow/dags/aeroflux_orchestrator.py took 0.307 seconds
[2026-06-17T10:05:58.867+0000] {processor.py:157} INFO - Started process (PID=119) to work on /opt/airflow/dags/aeroflux_orchestrator.py
[2026-06-17T10:05:58.873+0000] {processor.py:829} INFO - Processing file /opt/airflow/dags/aeroflux_orchestrator.py for tasks to queue
[2026-06-17T10:05:58.874+0000] {logging_mixin.py:151} INFO - [2026-06-17T10:05:58.874+0000] {dagbag.py:539} INFO - Filling up the DagBag from /opt/airflow/dags/aeroflux_orchestrator.py
[2026-06-17T10:05:59.140+0000] {processor.py:839} INFO - DAG(s) dict_keys(['aeroflux_main_pipeline']) retrieved from /opt/airflow/dags/aeroflux_orchestrator.py
[2026-06-17T10:05:59.167+0000] {logging_mixin.py:151} INFO - [2026-06-17T10:05:59.167+0000] {dag.py:2915} INFO - Sync 1 DAGs
[2026-06-17T10:05:59.184+0000] {logging_mixin.py:151} INFO - [2026-06-17T10:05:59.184+0000] {dag.py:3696} INFO - Setting next_dagrun for aeroflux_main_pipeline to 2026-06-17T10:00:00+00:00, run_after=2026-06-17T11:00:00+00:00
[2026-06-17T10:05:59.197+0000] {processor.py:179} INFO - Processing /opt/airflow/dags/aeroflux_orchestrator.py took 0.347 seconds
[2026-06-17T10:06:29.546+0000] {processor.py:157} INFO - Started process (PID=121) to work on /opt/airflow/dags/aeroflux_orchestrator.py
[2026-06-17T10:06:29.548+0000] {processor.py:829} INFO - Processing file /opt/airflow/dags/aeroflux_orchestrator.py for tasks to queue
[2026-06-17T10:06:29.549+0000] {logging_mixin.py:151} INFO - [2026-06-17T10:06:29.548+0000] {dagbag.py:539} INFO - Filling up the DagBag from /opt/airflow/dags/aeroflux_orchestrator.py
[2026-06-17T10:06:29.846+0000] {processor.py:839} INFO - DAG(s) dict_keys(['aeroflux_main_pipeline']) retrieved from /opt/airflow/dags/aeroflux_orchestrator.py
[2026-06-17T10:06:29.880+0000] {logging_mixin.py:151} INFO - [2026-06-17T10:06:29.880+0000] {dag.py:2915} INFO - Sync 1 DAGs
[2026-06-17T10:06:29.896+0000] {logging_mixin.py:151} INFO - [2026-06-17T10:06:29.895+0000] {dag.py:3696} INFO - Setting next_dagrun for aeroflux_main_pipeline to 2026-06-17T10:00:00+00:00, run_after=2026-06-17T11:00:00+00:00
[2026-06-17T10:06:29.909+0000] {processor.py:179} INFO - Processing /opt/airflow/dags/aeroflux_orchestrator.py took 0.373 seconds
[2026-06-17T10:07:00.335+0000] {processor.py:157} INFO - Started process (PID=123) to work on /opt/airflow/dags/aeroflux_orchestrator.py
[2026-06-17T10:07:00.337+0000] {processor.py:829} INFO - Processing file /opt/airflow/dags/aeroflux_orchestrator.py for tasks to queue
[2026-06-17T10:07:00.338+0000] {logging_mixin.py:151} INFO - [2026-06-17T10:07:00.338+0000] {dagbag.py:539} INFO - Filling up the DagBag from /opt/airflow/dags/aeroflux_orchestrator.py
[2026-06-17T10:07:00.884+0000] {processor.py:839} INFO - DAG(s) dict_keys(['aeroflux_main_pipeline']) retrieved from /opt/airflow/dags/aeroflux_orchestrator.py
[2026-06-17T10:07:00.928+0000] {logging_mixin.py:151} INFO - [2026-06-17T10:07:00.928+0000] {dag.py:2915} INFO - Sync 1 DAGs
[2026-06-17T10:07:00.946+0000] {logging_mixin.py:151} INFO - [2026-06-17T10:07:00.946+0000] {dag.py:3696} INFO - Setting next_dagrun for aeroflux_main_pipeline to 2026-06-17T10:00:00+00:00, run_after=2026-06-17T11:00:00+00:00
[2026-06-17T10:07:00.956+0000] {processor.py:179} INFO - Processing /opt/airflow/dags/aeroflux_orchestrator.py took 0.630 seconds
[2026-06-17T10:07:31.244+0000] {processor.py:157} INFO - Started process (PID=125) to work on /opt/airflow/dags/aeroflux_orchestrator.py
[2026-06-17T10:07:31.246+0000] {processor.py:829} INFO - Processing file /opt/airflow/dags/aeroflux_orchestrator.py for tasks to queue
[2026-06-17T10:07:31.247+0000] {logging_mixin.py:151} INFO - [2026-06-17T10:07:31.247+0000] {dagbag.py:539} INFO - Filling up the DagBag from /opt/airflow/dags/aeroflux_orchestrator.py
[2026-06-17T10:07:31.516+0000] {processor.py:839} INFO - DAG(s) dict_keys(['aeroflux_main_pipeline']) retrieved from /opt/airflow/dags/aeroflux_orchestrator.py
[2026-06-17T10:07:31.550+0000] {logging_mixin.py:151} INFO - [2026-06-17T10:07:31.550+0000] {dag.py:2915} INFO - Sync 1 DAGs
[2026-06-17T10:07:31.580+0000] {logging_mixin.py:151} INFO - [2026-06-17T10:07:31.580+0000] {dag.py:3696} INFO - Setting next_dagrun for aeroflux_main_pipeline to 2026-06-17T10:00:00+00:00, run_after=2026-06-17T11:00:00+00:00
[2026-06-17T10:07:31.594+0000] {processor.py:179} INFO - Processing /opt/airflow/dags/aeroflux_orchestrator.py took 0.358 seconds
[2026-06-17T10:08:01.984+0000] {processor.py:157} INFO - Started process (PID=127) to work on /opt/airflow/dags/aeroflux_orchestrator.py
[2026-06-17T10:08:01.987+0000] {processor.py:829} INFO - Processing file /opt/airflow/dags/aeroflux_orchestrator.py for tasks to queue
[2026-06-17T10:08:01.988+0000] {logging_mixin.py:151} INFO - [2026-06-17T10:08:01.988+0000] {dagbag.py:539} INFO - Filling up the DagBag from /opt/airflow/dags/aeroflux_orchestrator.py
[2026-06-17T10:08:02.242+0000] {processor.py:839} INFO - DAG(s) dict_keys(['aeroflux_main_pipeline']) retrieved from /opt/airflow/dags/aeroflux_orchestrator.py
[2026-06-17T10:08:02.278+0000] {logging_mixin.py:151} INFO - [2026-06-17T10:08:02.277+0000] {dag.py:2915} INFO - Sync 1 DAGs
[2026-06-17T10:08:02.293+0000] {logging_mixin.py:151} INFO - [2026-06-17T10:08:02.293+0000] {dag.py:3696} INFO - Setting next_dagrun for aeroflux_main_pipeline to 2026-06-17T10:00:00+00:00, run_after=2026-06-17T11:00:00+00:00
[2026-06-17T10:08:02.304+0000] {processor.py:179} INFO - Processing /opt/airflow/dags/aeroflux_orchestrator.py took 0.327 seconds
[2026-06-17T10:08:32.371+0000] {processor.py:157} INFO - Started process (PID=150) to work on /opt/airflow/dags/aeroflux_orchestrator.py
[2026-06-17T10:08:32.373+0000] {processor.py:829} INFO - Processing file /opt/airflow/dags/aeroflux_orchestrator.py for tasks to queue
[2026-06-17T10:08:32.374+0000] {logging_mixin.py:151} INFO - [2026-06-17T10:08:32.373+0000] {dagbag.py:539} INFO - Filling up the DagBag from /opt/airflow/dags/aeroflux_orchestrator.py
[2026-06-17T10:08:32.675+0000] {processor.py:839} INFO - DAG(s) dict_keys(['aeroflux_main_pipeline']) retrieved from /opt/airflow/dags/aeroflux_orchestrator.py
[2026-06-17T10:08:32.706+0000] {logging_mixin.py:151} INFO - [2026-06-17T10:08:32.705+0000] {dag.py:2915} INFO - Sync 1 DAGs
[2026-06-17T10:08:32.737+0000] {logging_mixin.py:151} INFO - [2026-06-17T10:08:32.737+0000] {dag.py:3696} INFO - Setting next_dagrun for aeroflux_main_pipeline to 2026-06-17T10:00:00+00:00, run_after=2026-06-17T11:00:00+00:00
[2026-06-17T10:08:32.752+0000] {processor.py:179} INFO - Processing /opt/airflow/dags/aeroflux_orchestrator.py took 0.389 seconds
[2026-06-17T10:09:03.018+0000] {processor.py:157} INFO - Started process (PID=155) to work on /opt/airflow/dags/aeroflux_orchestrator.py
[2026-06-17T10:09:03.020+0000] {processor.py:829} INFO - Processing file /opt/airflow/dags/aeroflux_orchestrator.py for tasks to queue
[2026-06-17T10:09:03.022+0000] {logging_mixin.py:151} INFO - [2026-06-17T10:09:03.021+0000] {dagbag.py:539} INFO - Filling up the DagBag from /opt/airflow/dags/aeroflux_orchestrator.py
[2026-06-17T10:09:03.320+0000] {processor.py:839} INFO - DAG(s) dict_keys(['aeroflux_main_pipeline']) retrieved from /opt/airflow/dags/aeroflux_orchestrator.py
[2026-06-17T10:09:03.345+0000] {logging_mixin.py:151} INFO - [2026-06-17T10:09:03.345+0000] {dag.py:2915} INFO - Sync 1 DAGs
[2026-06-17T10:09:03.363+0000] {logging_mixin.py:151} INFO - [2026-06-17T10:09:03.363+0000] {dag.py:3696} INFO - Setting next_dagrun for aeroflux_main_pipeline to 2026-06-17T10:00:00+00:00, run_after=2026-06-17T11:00:00+00:00
[2026-06-17T10:09:03.374+0000] {processor.py:179} INFO - Processing /opt/airflow/dags/aeroflux_orchestrator.py took 0.364 seconds
[2026-06-17T10:09:33.449+0000] {processor.py:157} INFO - Started process (PID=157) to work on /opt/airflow/dags/aeroflux_orchestrator.py
[2026-06-17T10:09:33.451+0000] {processor.py:829} INFO - Processing file /opt/airflow/dags/aeroflux_orchestrator.py for tasks to queue
[2026-06-17T10:09:33.453+0000] {logging_mixin.py:151} INFO - [2026-06-17T10:09:33.452+0000] {dagbag.py:539} INFO - Filling up the DagBag from /opt/airflow/dags/aeroflux_orchestrator.py
[2026-06-17T10:09:33.729+0000] {processor.py:839} INFO - DAG(s) dict_keys(['aeroflux_main_pipeline']) retrieved from /opt/airflow/dags/aeroflux_orchestrator.py
[2026-06-17T10:09:33.757+0000] {logging_mixin.py:151} INFO - [2026-06-17T10:09:33.757+0000] {dag.py:2915} INFO - Sync 1 DAGs
[2026-06-17T10:09:33.772+0000] {logging_mixin.py:151} INFO - [2026-06-17T10:09:33.772+0000] {dag.py:3696} INFO - Setting next_dagrun for aeroflux_main_pipeline to 2026-06-17T10:00:00+00:00, run_after=2026-06-17T11:00:00+00:00
[2026-06-17T10:09:33.781+0000] {processor.py:179} INFO - Processing /opt/airflow/dags/aeroflux_orchestrator.py took 0.338 seconds
[2026-06-17T10:10:04.152+0000] {processor.py:157} INFO - Started process (PID=159) to work on /opt/airflow/dags/aeroflux_orchestrator.py
[2026-06-17T10:10:04.154+0000] {processor.py:829} INFO - Processing file /opt/airflow/dags/aeroflux_orchestrator.py for tasks to queue
[2026-06-17T10:10:04.155+0000] {logging_mixin.py:151} INFO - [2026-06-17T10:10:04.155+0000] {dagbag.py:539} INFO - Filling up the DagBag from /opt/airflow/dags/aeroflux_orchestrator.py
[2026-06-17T10:10:04.420+0000] {processor.py:839} INFO - DAG(s) dict_keys(['aeroflux_main_pipeline']) retrieved from /opt/airflow/dags/aeroflux_orchestrator.py
[2026-06-17T10:10:04.449+0000] {logging_mixin.py:151} INFO - [2026-06-17T10:10:04.449+0000] {dag.py:2915} INFO - Sync 1 DAGs
[2026-06-17T10:10:04.465+0000] {logging_mixin.py:151} INFO - [2026-06-17T10:10:04.465+0000] {dag.py:3696} INFO - Setting next_dagrun for aeroflux_main_pipeline to 2026-06-17T10:00:00+00:00, run_after=2026-06-17T11:00:00+00:00
[2026-06-17T10:10:04.475+0000] {processor.py:179} INFO - Processing /opt/airflow/dags/aeroflux_orchestrator.py took 0.336 seconds
[2026-06-17T10:10:34.549+0000] {processor.py:157} INFO - Started process (PID=161) to work on /opt/airflow/dags/aeroflux_orchestrator.py
[2026-06-17T10:10:34.554+0000] {processor.py:829} INFO - Processing file /opt/airflow/dags/aeroflux_orchestrator.py for tasks to queue
[2026-06-17T10:10:34.555+0000] {logging_mixin.py:151} INFO - [2026-06-17T10:10:34.555+0000] {dagbag.py:539} INFO - Filling up the DagBag from /opt/airflow/dags/aeroflux_orchestrator.py
[2026-06-17T10:10:34.836+0000] {processor.py:839} INFO - DAG(s) dict_keys(['aeroflux_main_pipeline']) retrieved from /opt/airflow/dags/aeroflux_orchestrator.py
[2026-06-17T10:10:34.863+0000] {logging_mixin.py:151} INFO - [2026-06-17T10:10:34.863+0000] {dag.py:2915} INFO - Sync 1 DAGs
[2026-06-17T10:10:34.879+0000] {logging_mixin.py:151} INFO - [2026-06-17T10:10:34.879+0000] {dag.py:3696} INFO - Setting next_dagrun for aeroflux_main_pipeline to 2026-06-17T10:00:00+00:00, run_after=2026-06-17T11:00:00+00:00
[2026-06-17T10:10:34.890+0000] {processor.py:179} INFO - Processing /opt/airflow/dags/aeroflux_orchestrator.py took 0.352 seconds
[2026-06-17T10:11:05.190+0000] {processor.py:157} INFO - Started process (PID=177) to work on /opt/airflow/dags/aeroflux_orchestrator.py
[2026-06-17T10:11:05.192+0000] {processor.py:829} INFO - Processing file /opt/airflow/dags/aeroflux_orchestrator.py for tasks to queue
[2026-06-17T10:11:05.193+0000] {logging_mixin.py:151} INFO - [2026-06-17T10:11:05.192+0000] {dagbag.py:539} INFO - Filling up the DagBag from /opt/airflow/dags/aeroflux_orchestrator.py
[2026-06-17T10:11:05.462+0000] {processor.py:839} INFO - DAG(s) dict_keys(['aeroflux_main_pipeline']) retrieved from /opt/airflow/dags/aeroflux_orchestrator.py
[2026-06-17T10:11:05.494+0000] {logging_mixin.py:151} INFO - [2026-06-17T10:11:05.493+0000] {dag.py:2915} INFO - Sync 1 DAGs
[2026-06-17T10:11:05.509+0000] {logging_mixin.py:151} INFO - [2026-06-17T10:11:05.509+0000] {dag.py:3696} INFO - Setting next_dagrun for aeroflux_main_pipeline to 2026-06-17T10:00:00+00:00, run_after=2026-06-17T11:00:00+00:00
[2026-06-17T10:11:05.524+0000] {processor.py:179} INFO - Processing /opt/airflow/dags/aeroflux_orchestrator.py took 0.343 seconds
[2026-06-17T10:11:35.621+0000] {processor.py:157} INFO - Started process (PID=179) to work on /opt/airflow/dags/aeroflux_orchestrator.py
[2026-06-17T10:11:35.624+0000] {processor.py:829} INFO - Processing file /opt/airflow/dags/aeroflux_orchestrator.py for tasks to queue
[2026-06-17T10:11:35.625+0000] {logging_mixin.py:151} INFO - [2026-06-17T10:11:35.624+0000] {dagbag.py:539} INFO - Filling up the DagBag from /opt/airflow/dags/aeroflux_orchestrator.py
[2026-06-17T10:11:35.888+0000] {processor.py:839} INFO - DAG(s) dict_keys(['aeroflux_main_pipeline']) retrieved from /opt/airflow/dags/aeroflux_orchestrator.py
[2026-06-17T10:11:35.918+0000] {logging_mixin.py:151} INFO - [2026-06-17T10:11:35.918+0000] {dag.py:2915} INFO - Sync 1 DAGs
[2026-06-17T10:11:35.934+0000] {logging_mixin.py:151} INFO - [2026-06-17T10:11:35.934+0000] {dag.py:3696} INFO - Setting next_dagrun for aeroflux_main_pipeline to 2026-06-17T10:00:00+00:00, run_after=2026-06-17T11:00:00+00:00
[2026-06-17T10:11:35.944+0000] {processor.py:179} INFO - Processing /opt/airflow/dags/aeroflux_orchestrator.py took 0.331 seconds
[2026-06-17T10:12:06.347+0000] {processor.py:157} INFO - Started process (PID=190) to work on /opt/airflow/dags/aeroflux_orchestrator.py
[2026-06-17T10:12:06.349+0000] {processor.py:829} INFO - Processing file /opt/airflow/dags/aeroflux_orchestrator.py for tasks to queue
[2026-06-17T10:12:06.350+0000] {logging_mixin.py:151} INFO - [2026-06-17T10:12:06.349+0000] {dagbag.py:539} INFO - Filling up the DagBag from /opt/airflow/dags/aeroflux_orchestrator.py
[2026-06-17T10:12:06.614+0000] {processor.py:839} INFO - DAG(s) dict_keys(['aeroflux_main_pipeline']) retrieved from /opt/airflow/dags/aeroflux_orchestrator.py
[2026-06-17T10:12:06.650+0000] {logging_mixin.py:151} INFO - [2026-06-17T10:12:06.650+0000] {dag.py:2915} INFO - Sync 1 DAGs
[2026-06-17T10:12:06.671+0000] {logging_mixin.py:151} INFO - [2026-06-17T10:12:06.671+0000] {dag.py:3696} INFO - Setting next_dagrun for aeroflux_main_pipeline to 2026-06-17T10:00:00+00:00, run_after=2026-06-17T11:00:00+00:00
[2026-06-17T10:12:06.684+0000] {processor.py:179} INFO - Processing /opt/airflow/dags/aeroflux_orchestrator.py took 0.345 seconds
[2026-06-17T10:12:36.786+0000] {processor.py:157} INFO - Started process (PID=192) to work on /opt/airflow/dags/aeroflux_orchestrator.py
[2026-06-17T10:12:36.788+0000] {processor.py:829} INFO - Processing file /opt/airflow/dags/aeroflux_orchestrator.py for tasks to queue
[2026-06-17T10:12:36.789+0000] {logging_mixin.py:151} INFO - [2026-06-17T10:12:36.789+0000] {dagbag.py:539} INFO - Filling up the DagBag from /opt/airflow/dags/aeroflux_orchestrator.py
[2026-06-17T10:12:37.075+0000] {processor.py:839} INFO - DAG(s) dict_keys(['aeroflux_main_pipeline']) retrieved from /opt/airflow/dags/aeroflux_orchestrator.py
[2026-06-17T10:12:37.104+0000] {logging_mixin.py:151} INFO - [2026-06-17T10:12:37.104+0000] {dag.py:2915} INFO - Sync 1 DAGs
[2026-06-17T10:12:37.122+0000] {logging_mixin.py:151} INFO - [2026-06-17T10:12:37.122+0000] {dag.py:3696} INFO - Setting next_dagrun for aeroflux_main_pipeline to 2026-06-17T10:00:00+00:00, run_after=2026-06-17T11:00:00+00:00
[2026-06-17T10:12:37.133+0000] {processor.py:179} INFO - Processing /opt/airflow/dags/aeroflux_orchestrator.py took 0.356 seconds
[2026-06-17T10:13:07.446+0000] {processor.py:157} INFO - Started process (PID=194) to work on /opt/airflow/dags/aeroflux_orchestrator.py
[2026-06-17T10:13:07.448+0000] {processor.py:829} INFO - Processing file /opt/airflow/dags/aeroflux_orchestrator.py for tasks to queue
[2026-06-17T10:13:07.449+0000] {logging_mixin.py:151} INFO - [2026-06-17T10:13:07.448+0000] {dagbag.py:539} INFO - Filling up the DagBag from /opt/airflow/dags/aeroflux_orchestrator.py
[2026-06-17T10:13:07.698+0000] {processor.py:839} INFO - DAG(s) dict_keys(['aeroflux_main_pipeline']) retrieved from /opt/airflow/dags/aeroflux_orchestrator.py
[2026-06-17T10:13:07.729+0000] {logging_mixin.py:151} INFO - [2026-06-17T10:13:07.729+0000] {dag.py:2915} INFO - Sync 1 DAGs
[2026-06-17T10:13:07.744+0000] {logging_mixin.py:151} INFO - [2026-06-17T10:13:07.744+0000] {dag.py:3696} INFO - Setting next_dagrun for aeroflux_main_pipeline to 2026-06-17T10:00:00+00:00, run_after=2026-06-17T11:00:00+00:00
[2026-06-17T10:13:07.755+0000] {processor.py:179} INFO - Processing /opt/airflow/dags/aeroflux_orchestrator.py took 0.318 seconds
[2026-06-17T10:14:01.395+0000] {processor.py:157} INFO - Started process (PID=47) to work on /opt/airflow/dags/aeroflux_orchestrator.py
[2026-06-17T10:14:01.397+0000] {processor.py:829} INFO - Processing file /opt/airflow/dags/aeroflux_orchestrator.py for tasks to queue
[2026-06-17T10:14:01.399+0000] {logging_mixin.py:151} INFO - [2026-06-17T10:14:01.399+0000] {dagbag.py:539} INFO - Filling up the DagBag from /opt/airflow/dags/aeroflux_orchestrator.py
[2026-06-17T10:14:02.318+0000] {processor.py:839} INFO - DAG(s) dict_keys(['aeroflux_main_pipeline']) retrieved from /opt/airflow/dags/aeroflux_orchestrator.py
[2026-06-17T10:14:02.336+0000] {logging_mixin.py:151} INFO - [2026-06-17T10:14:02.336+0000] {dag.py:2915} INFO - Sync 1 DAGs
[2026-06-17T10:14:02.352+0000] {logging_mixin.py:151} INFO - [2026-06-17T10:14:02.352+0000] {dag.py:3696} INFO - Setting next_dagrun for aeroflux_main_pipeline to 2026-06-17T10:00:00+00:00, run_after=2026-06-17T11:00:00+00:00
[2026-06-17T10:14:02.361+0000] {processor.py:179} INFO - Processing /opt/airflow/dags/aeroflux_orchestrator.py took 0.969 seconds
[2026-06-17T10:14:32.713+0000] {processor.py:157} INFO - Started process (PID=49) to work on /opt/airflow/dags/aeroflux_orchestrator.py
[2026-06-17T10:14:32.715+0000] {processor.py:829} INFO - Processing file /opt/airflow/dags/aeroflux_orchestrator.py for tasks to queue
[2026-06-17T10:14:32.716+0000] {logging_mixin.py:151} INFO - [2026-06-17T10:14:32.716+0000] {dagbag.py:539} INFO - Filling up the DagBag from /opt/airflow/dags/aeroflux_orchestrator.py
[2026-06-17T10:14:33.096+0000] {processor.py:839} INFO - DAG(s) dict_keys(['aeroflux_main_pipeline']) retrieved from /opt/airflow/dags/aeroflux_orchestrator.py
[2026-06-17T10:14:33.122+0000] {logging_mixin.py:151} INFO - [2026-06-17T10:14:33.122+0000] {dag.py:2915} INFO - Sync 1 DAGs
[2026-06-17T10:14:33.134+0000] {logging_mixin.py:151} INFO - [2026-06-17T10:14:33.134+0000] {dag.py:3696} INFO - Setting next_dagrun for aeroflux_main_pipeline to 2026-06-17T10:00:00+00:00, run_after=2026-06-17T11:00:00+00:00
[2026-06-17T10:14:33.143+0000] {processor.py:179} INFO - Processing /opt/airflow/dags/aeroflux_orchestrator.py took 0.437 seconds
[2026-06-17T10:15:03.498+0000] {processor.py:157} INFO - Started process (PID=60) to work on /opt/airflow/dags/aeroflux_orchestrator.py
[2026-06-17T10:15:03.500+0000] {processor.py:829} INFO - Processing file /opt/airflow/dags/aeroflux_orchestrator.py for tasks to queue
[2026-06-17T10:15:03.501+0000] {logging_mixin.py:151} INFO - [2026-06-17T10:15:03.501+0000] {dagbag.py:539} INFO - Filling up the DagBag from /opt/airflow/dags/aeroflux_orchestrator.py
[2026-06-17T10:15:03.922+0000] {processor.py:839} INFO - DAG(s) dict_keys(['aeroflux_main_pipeline']) retrieved from /opt/airflow/dags/aeroflux_orchestrator.py
[2026-06-17T10:15:03.940+0000] {logging_mixin.py:151} INFO - [2026-06-17T10:15:03.940+0000] {dag.py:2915} INFO - Sync 1 DAGs
[2026-06-17T10:15:03.951+0000] {logging_mixin.py:151} INFO - [2026-06-17T10:15:03.951+0000] {dag.py:3696} INFO - Setting next_dagrun for aeroflux_main_pipeline to 2026-06-17T10:00:00+00:00, run_after=2026-06-17T11:00:00+00:00
[2026-06-17T10:15:03.963+0000] {processor.py:179} INFO - Processing /opt/airflow/dags/aeroflux_orchestrator.py took 0.470 seconds
[2026-06-17T10:15:34.323+0000] {processor.py:157} INFO - Started process (PID=62) to work on /opt/airflow/dags/aeroflux_orchestrator.py
[2026-06-17T10:15:34.330+0000] {processor.py:829} INFO - Processing file /opt/airflow/dags/aeroflux_orchestrator.py for tasks to queue
[2026-06-17T10:15:34.331+0000] {logging_mixin.py:151} INFO - [2026-06-17T10:15:34.331+0000] {dagbag.py:539} INFO - Filling up the DagBag from /opt/airflow/dags/aeroflux_orchestrator.py
[2026-06-17T10:15:34.715+0000] {processor.py:839} INFO - DAG(s) dict_keys(['aeroflux_main_pipeline']) retrieved from /opt/airflow/dags/aeroflux_orchestrator.py
[2026-06-17T10:15:34.735+0000] {logging_mixin.py:151} INFO - [2026-06-17T10:15:34.735+0000] {dag.py:2915} INFO - Sync 1 DAGs
[2026-06-17T10:15:34.746+0000] {logging_mixin.py:151} INFO - [2026-06-17T10:15:34.746+0000] {dag.py:3696} INFO - Setting next_dagrun for aeroflux_main_pipeline to 2026-06-17T10:00:00+00:00, run_after=2026-06-17T11:00:00+00:00
[2026-06-17T10:15:34.753+0000] {processor.py:179} INFO - Processing /opt/airflow/dags/aeroflux_orchestrator.py took 0.436 seconds
[2026-06-17T10:16:05.421+0000] {processor.py:157} INFO - Started process (PID=71) to work on /opt/airflow/dags/aeroflux_orchestrator.py
[2026-06-17T10:16:05.429+0000] {processor.py:829} INFO - Processing file /opt/airflow/dags/aeroflux_orchestrator.py for tasks to queue
[2026-06-17T10:16:05.430+0000] {logging_mixin.py:151} INFO - [2026-06-17T10:16:05.429+0000] {dagbag.py:539} INFO - Filling up the DagBag from /opt/airflow/dags/aeroflux_orchestrator.py
[2026-06-17T10:16:05.670+0000] {processor.py:839} INFO - DAG(s) dict_keys(['aeroflux_main_pipeline']) retrieved from /opt/airflow/dags/aeroflux_orchestrator.py
[2026-06-17T10:16:05.695+0000] {logging_mixin.py:151} INFO - [2026-06-17T10:16:05.695+0000] {dag.py:2915} INFO - Sync 1 DAGs
[2026-06-17T10:16:05.708+0000] {logging_mixin.py:151} INFO - [2026-06-17T10:16:05.708+0000] {dag.py:3696} INFO - Setting next_dagrun for aeroflux_main_pipeline to 2026-06-17T10:00:00+00:00, run_after=2026-06-17T11:00:00+00:00
[2026-06-17T10:16:05.718+0000] {processor.py:179} INFO - Processing /opt/airflow/dags/aeroflux_orchestrator.py took 0.301 seconds
[2026-06-17T10:16:36.120+0000] {processor.py:157} INFO - Started process (PID=82) to work on /opt/airflow/dags/aeroflux_orchestrator.py
[2026-06-17T10:16:36.123+0000] {processor.py:829} INFO - Processing file /opt/airflow/dags/aeroflux_orchestrator.py for tasks to queue
[2026-06-17T10:16:36.124+0000] {logging_mixin.py:151} INFO - [2026-06-17T10:16:36.123+0000] {dagbag.py:539} INFO - Filling up the DagBag from /opt/airflow/dags/aeroflux_orchestrator.py
[2026-06-17T10:16:36.395+0000] {processor.py:839} INFO - DAG(s) dict_keys(['aeroflux_main_pipeline']) retrieved from /opt/airflow/dags/aeroflux_orchestrator.py
[2026-06-17T10:16:36.440+0000] {logging_mixin.py:151} INFO - [2026-06-17T10:16:36.440+0000] {dag.py:2915} INFO - Sync 1 DAGs
[2026-06-17T10:16:36.458+0000] {logging_mixin.py:151} INFO - [2026-06-17T10:16:36.458+0000] {dag.py:3696} INFO - Setting next_dagrun for aeroflux_main_pipeline to 2026-06-17T10:00:00+00:00, run_after=2026-06-17T11:00:00+00:00
[2026-06-17T10:16:36.468+0000] {processor.py:179} INFO - Processing /opt/airflow/dags/aeroflux_orchestrator.py took 0.361 seconds
[2026-06-17T10:17:06.779+0000] {processor.py:157} INFO - Started process (PID=92) to work on /opt/airflow/dags/aeroflux_orchestrator.py
[2026-06-17T10:17:06.782+0000] {processor.py:829} INFO - Processing file /opt/airflow/dags/aeroflux_orchestrator.py for tasks to queue
[2026-06-17T10:17:06.783+0000] {logging_mixin.py:151} INFO - [2026-06-17T10:17:06.783+0000] {dagbag.py:539} INFO - Filling up the DagBag from /opt/airflow/dags/aeroflux_orchestrator.py
[2026-06-17T10:17:07.030+0000] {processor.py:839} INFO - DAG(s) dict_keys(['aeroflux_main_pipeline']) retrieved from /opt/airflow/dags/aeroflux_orchestrator.py
[2026-06-17T10:17:07.061+0000] {logging_mixin.py:151} INFO - [2026-06-17T10:17:07.061+0000] {dag.py:2915} INFO - Sync 1 DAGs
[2026-06-17T10:17:07.080+0000] {logging_mixin.py:151} INFO - [2026-06-17T10:17:07.080+0000] {dag.py:3696} INFO - Setting next_dagrun for aeroflux_main_pipeline to 2026-06-17T10:00:00+00:00, run_after=2026-06-17T11:00:00+00:00
[2026-06-17T10:17:07.091+0000] {processor.py:179} INFO - Processing /opt/airflow/dags/aeroflux_orchestrator.py took 0.315 seconds
[2026-06-17T10:17:37.472+0000] {processor.py:157} INFO - Started process (PID=123) to work on /opt/airflow/dags/aeroflux_orchestrator.py
[2026-06-17T10:17:37.476+0000] {processor.py:829} INFO - Processing file /opt/airflow/dags/aeroflux_orchestrator.py for tasks to queue
[2026-06-17T10:17:37.477+0000] {logging_mixin.py:151} INFO - [2026-06-17T10:17:37.477+0000] {dagbag.py:539} INFO - Filling up the DagBag from /opt/airflow/dags/aeroflux_orchestrator.py
[2026-06-17T10:17:37.741+0000] {processor.py:839} INFO - DAG(s) dict_keys(['aeroflux_main_pipeline']) retrieved from /opt/airflow/dags/aeroflux_orchestrator.py
[2026-06-17T10:17:37.771+0000] {logging_mixin.py:151} INFO - [2026-06-17T10:17:37.771+0000] {dag.py:2915} INFO - Sync 1 DAGs
[2026-06-17T10:17:37.786+0000] {logging_mixin.py:151} INFO - [2026-06-17T10:17:37.785+0000] {dag.py:3696} INFO - Setting next_dagrun for aeroflux_main_pipeline to 2026-06-17T10:00:00+00:00, run_after=2026-06-17T11:00:00+00:00
[2026-06-17T10:17:37.796+0000] {processor.py:179} INFO - Processing /opt/airflow/dags/aeroflux_orchestrator.py took 0.332 seconds
[2026-06-17T10:18:08.210+0000] {processor.py:157} INFO - Started process (PID=125) to work on /opt/airflow/dags/aeroflux_orchestrator.py
[2026-06-17T10:18:08.212+0000] {processor.py:829} INFO - Processing file /opt/airflow/dags/aeroflux_orchestrator.py for tasks to queue
[2026-06-17T10:18:08.213+0000] {logging_mixin.py:151} INFO - [2026-06-17T10:18:08.213+0000] {dagbag.py:539} INFO - Filling up the DagBag from /opt/airflow/dags/aeroflux_orchestrator.py
[2026-06-17T10:18:08.476+0000] {processor.py:839} INFO - DAG(s) dict_keys(['aeroflux_main_pipeline']) retrieved from /opt/airflow/dags/aeroflux_orchestrator.py
[2026-06-17T10:18:08.504+0000] {logging_mixin.py:151} INFO - [2026-06-17T10:18:08.504+0000] {dag.py:2915} INFO - Sync 1 DAGs
[2026-06-17T10:18:08.520+0000] {logging_mixin.py:151} INFO - [2026-06-17T10:18:08.520+0000] {dag.py:3696} INFO - Setting next_dagrun for aeroflux_main_pipeline to 2026-06-17T10:00:00+00:00, run_after=2026-06-17T11:00:00+00:00
[2026-06-17T10:18:08.530+0000] {processor.py:179} INFO - Processing /opt/airflow/dags/aeroflux_orchestrator.py took 0.334 seconds
[2026-06-17T10:18:38.934+0000] {processor.py:157} INFO - Started process (PID=127) to work on /opt/airflow/dags/aeroflux_orchestrator.py
[2026-06-17T10:18:38.938+0000] {processor.py:829} INFO - Processing file /opt/airflow/dags/aeroflux_orchestrator.py for tasks to queue
[2026-06-17T10:18:38.940+0000] {logging_mixin.py:151} INFO - [2026-06-17T10:18:38.939+0000] {dagbag.py:539} INFO - Filling up the DagBag from /opt/airflow/dags/aeroflux_orchestrator.py
[2026-06-17T10:18:39.199+0000] {processor.py:839} INFO - DAG(s) dict_keys(['aeroflux_main_pipeline']) retrieved from /opt/airflow/dags/aeroflux_orchestrator.py
[2026-06-17T10:18:39.227+0000] {logging_mixin.py:151} INFO - [2026-06-17T10:18:39.227+0000] {dag.py:2915} INFO - Sync 1 DAGs
[2026-06-17T10:18:39.245+0000] {logging_mixin.py:151} INFO - [2026-06-17T10:18:39.245+0000] {dag.py:3696} INFO - Setting next_dagrun for aeroflux_main_pipeline to 2026-06-17T10:00:00+00:00, run_after=2026-06-17T11:00:00+00:00
[2026-06-17T10:18:39.255+0000] {processor.py:179} INFO - Processing /opt/airflow/dags/aeroflux_orchestrator.py took 0.332 seconds
[2026-06-17T10:19:09.672+0000] {processor.py:157} INFO - Started process (PID=129) to work on /opt/airflow/dags/aeroflux_orchestrator.py
[2026-06-17T10:19:09.677+0000] {processor.py:829} INFO - Processing file /opt/airflow/dags/aeroflux_orchestrator.py for tasks to queue
[2026-06-17T10:19:09.679+0000] {logging_mixin.py:151} INFO - [2026-06-17T10:19:09.678+0000] {dagbag.py:539} INFO - Filling up the DagBag from /opt/airflow/dags/aeroflux_orchestrator.py
[2026-06-17T10:19:09.928+0000] {processor.py:839} INFO - DAG(s) dict_keys(['aeroflux_main_pipeline']) retrieved from /opt/airflow/dags/aeroflux_orchestrator.py
[2026-06-17T10:19:09.962+0000] {logging_mixin.py:151} INFO - [2026-06-17T10:19:09.962+0000] {dag.py:2915} INFO - Sync 1 DAGs
[2026-06-17T10:19:09.978+0000] {logging_mixin.py:151} INFO - [2026-06-17T10:19:09.978+0000] {dag.py:3696} INFO - Setting next_dagrun for aeroflux_main_pipeline to 2026-06-17T10:00:00+00:00, run_after=2026-06-17T11:00:00+00:00
[2026-06-17T10:19:09.990+0000] {processor.py:179} INFO - Processing /opt/airflow/dags/aeroflux_orchestrator.py took 0.330 seconds
[2026-06-17T10:19:40.080+0000] {processor.py:157} INFO - Started process (PID=131) to work on /opt/airflow/dags/aeroflux_orchestrator.py
[2026-06-17T10:19:40.084+0000] {processor.py:829} INFO - Processing file /opt/airflow/dags/aeroflux_orchestrator.py for tasks to queue
[2026-06-17T10:19:40.085+0000] {logging_mixin.py:151} INFO - [2026-06-17T10:19:40.085+0000] {dagbag.py:539} INFO - Filling up the DagBag from /opt/airflow/dags/aeroflux_orchestrator.py
[2026-06-17T10:19:40.365+0000] {processor.py:839} INFO - DAG(s) dict_keys(['aeroflux_main_pipeline']) retrieved from /opt/airflow/dags/aeroflux_orchestrator.py
[2026-06-17T10:19:40.393+0000] {logging_mixin.py:151} INFO - [2026-06-17T10:19:40.393+0000] {dag.py:2915} INFO - Sync 1 DAGs
[2026-06-17T10:19:40.412+0000] {logging_mixin.py:151} INFO - [2026-06-17T10:19:40.412+0000] {dag.py:3696} INFO - Setting next_dagrun for aeroflux_main_pipeline to 2026-06-17T10:00:00+00:00, run_after=2026-06-17T11:00:00+00:00
[2026-06-17T10:19:40.421+0000] {processor.py:179} INFO - Processing /opt/airflow/dags/aeroflux_orchestrator.py took 0.356 seconds
[2026-06-17T10:20:10.876+0000] {processor.py:157} INFO - Started process (PID=133) to work on /opt/airflow/dags/aeroflux_orchestrator.py
[2026-06-17T10:20:10.883+0000] {processor.py:829} INFO - Processing file /opt/airflow/dags/aeroflux_orchestrator.py for tasks to queue
[2026-06-17T10:20:10.885+0000] {logging_mixin.py:151} INFO - [2026-06-17T10:20:10.884+0000] {dagbag.py:539} INFO - Filling up the DagBag from /opt/airflow/dags/aeroflux_orchestrator.py
[2026-06-17T10:20:11.145+0000] {processor.py:839} INFO - DAG(s) dict_keys(['aeroflux_main_pipeline']) retrieved from /opt/airflow/dags/aeroflux_orchestrator.py
[2026-06-17T10:20:11.171+0000] {logging_mixin.py:151} INFO - [2026-06-17T10:20:11.171+0000] {dag.py:2915} INFO - Sync 1 DAGs
[2026-06-17T10:20:11.185+0000] {logging_mixin.py:151} INFO - [2026-06-17T10:20:11.185+0000] {dag.py:3696} INFO - Setting next_dagrun for aeroflux_main_pipeline to 2026-06-17T10:00:00+00:00, run_after=2026-06-17T11:00:00+00:00
[2026-06-17T10:20:11.195+0000] {processor.py:179} INFO - Processing /opt/airflow/dags/aeroflux_orchestrator.py took 0.328 seconds
[2026-06-17T10:20:41.335+0000] {processor.py:157} INFO - Started process (PID=135) to work on /opt/airflow/dags/aeroflux_orchestrator.py
[2026-06-17T10:20:41.338+0000] {processor.py:829} INFO - Processing file /opt/airflow/dags/aeroflux_orchestrator.py for tasks to queue
[2026-06-17T10:20:41.340+0000] {logging_mixin.py:151} INFO - [2026-06-17T10:20:41.339+0000] {dagbag.py:539} INFO - Filling up the DagBag from /opt/airflow/dags/aeroflux_orchestrator.py
[2026-06-17T10:20:41.613+0000] {processor.py:839} INFO - DAG(s) dict_keys(['aeroflux_main_pipeline']) retrieved from /opt/airflow/dags/aeroflux_orchestrator.py
[2026-06-17T10:20:41.636+0000] {logging_mixin.py:151} INFO - [2026-06-17T10:20:41.636+0000] {dag.py:2915} INFO - Sync 1 DAGs
[2026-06-17T10:20:41.650+0000] {logging_mixin.py:151} INFO - [2026-06-17T10:20:41.650+0000] {dag.py:3696} INFO - Setting next_dagrun for aeroflux_main_pipeline to 2026-06-17T10:00:00+00:00, run_after=2026-06-17T11:00:00+00:00
[2026-06-17T10:20:41.659+0000] {processor.py:179} INFO - Processing /opt/airflow/dags/aeroflux_orchestrator.py took 0.339 seconds
[2026-06-17T10:21:11.798+0000] {processor.py:157} INFO - Started process (PID=137) to work on /opt/airflow/dags/aeroflux_orchestrator.py
[2026-06-17T10:21:11.800+0000] {processor.py:829} INFO - Processing file /opt/airflow/dags/aeroflux_orchestrator.py for tasks to queue
[2026-06-17T10:21:11.801+0000] {logging_mixin.py:151} INFO - [2026-06-17T10:21:11.800+0000] {dagbag.py:539} INFO - Filling up the DagBag from /opt/airflow/dags/aeroflux_orchestrator.py
[2026-06-17T10:21:12.077+0000] {processor.py:839} INFO - DAG(s) dict_keys(['aeroflux_main_pipeline']) retrieved from /opt/airflow/dags/aeroflux_orchestrator.py
[2026-06-17T10:21:12.105+0000] {logging_mixin.py:151} INFO - [2026-06-17T10:21:12.105+0000] {dag.py:2915} INFO - Sync 1 DAGs
[2026-06-17T10:21:12.122+0000] {logging_mixin.py:151} INFO - [2026-06-17T10:21:12.122+0000] {dag.py:3696} INFO - Setting next_dagrun for aeroflux_main_pipeline to 2026-06-17T10:00:00+00:00, run_after=2026-06-17T11:00:00+00:00
[2026-06-17T10:21:12.131+0000] {processor.py:179} INFO - Processing /opt/airflow/dags/aeroflux_orchestrator.py took 0.340 seconds
[2026-06-17T10:21:42.462+0000] {processor.py:157} INFO - Started process (PID=139) to work on /opt/airflow/dags/aeroflux_orchestrator.py
[2026-06-17T10:21:42.464+0000] {processor.py:829} INFO - Processing file /opt/airflow/dags/aeroflux_orchestrator.py for tasks to queue
[2026-06-17T10:21:42.465+0000] {logging_mixin.py:151} INFO - [2026-06-17T10:21:42.464+0000] {dagbag.py:539} INFO - Filling up the DagBag from /opt/airflow/dags/aeroflux_orchestrator.py
[2026-06-17T10:21:42.722+0000] {processor.py:839} INFO - DAG(s) dict_keys(['aeroflux_main_pipeline']) retrieved from /opt/airflow/dags/aeroflux_orchestrator.py
[2026-06-17T10:21:42.751+0000] {logging_mixin.py:151} INFO - [2026-06-17T10:21:42.751+0000] {dag.py:2915} INFO - Sync 1 DAGs
[2026-06-17T10:21:42.767+0000] {logging_mixin.py:151} INFO - [2026-06-17T10:21:42.767+0000] {dag.py:3696} INFO - Setting next_dagrun for aeroflux_main_pipeline to 2026-06-17T10:00:00+00:00, run_after=2026-06-17T11:00:00+00:00
[2026-06-17T10:21:42.776+0000] {processor.py:179} INFO - Processing /opt/airflow/dags/aeroflux_orchestrator.py took 0.320 seconds
[2026-06-17T10:22:13.166+0000] {processor.py:157} INFO - Started process (PID=141) to work on /opt/airflow/dags/aeroflux_orchestrator.py
[2026-06-17T10:22:13.171+0000] {processor.py:829} INFO - Processing file /opt/airflow/dags/aeroflux_orchestrator.py for tasks to queue
[2026-06-17T10:22:13.173+0000] {logging_mixin.py:151} INFO - [2026-06-17T10:22:13.172+0000] {dagbag.py:539} INFO - Filling up the DagBag from /opt/airflow/dags/aeroflux_orchestrator.py
[2026-06-17T10:22:13.444+0000] {processor.py:839} INFO - DAG(s) dict_keys(['aeroflux_main_pipeline']) retrieved from /opt/airflow/dags/aeroflux_orchestrator.py
[2026-06-17T10:22:13.479+0000] {logging_mixin.py:151} INFO - [2026-06-17T10:22:13.479+0000] {dag.py:2915} INFO - Sync 1 DAGs
[2026-06-17T10:22:13.496+0000] {logging_mixin.py:151} INFO - [2026-06-17T10:22:13.495+0000] {dag.py:3696} INFO - Setting next_dagrun for aeroflux_main_pipeline to 2026-06-17T10:00:00+00:00, run_after=2026-06-17T11:00:00+00:00
[2026-06-17T10:22:13.507+0000] {processor.py:179} INFO - Processing /opt/airflow/dags/aeroflux_orchestrator.py took 0.351 seconds
[2026-06-17T10:22:43.919+0000] {processor.py:157} INFO - Started process (PID=143) to work on /opt/airflow/dags/aeroflux_orchestrator.py
[2026-06-17T10:22:43.921+0000] {processor.py:829} INFO - Processing file /opt/airflow/dags/aeroflux_orchestrator.py for tasks to queue
[2026-06-17T10:22:43.923+0000] {logging_mixin.py:151} INFO - [2026-06-17T10:22:43.922+0000] {dagbag.py:539} INFO - Filling up the DagBag from /opt/airflow/dags/aeroflux_orchestrator.py
[2026-06-17T10:22:44.172+0000] {processor.py:839} INFO - DAG(s) dict_keys(['aeroflux_main_pipeline']) retrieved from /opt/airflow/dags/aeroflux_orchestrator.py
[2026-06-17T10:22:44.207+0000] {logging_mixin.py:151} INFO - [2026-06-17T10:22:44.206+0000] {dag.py:2915} INFO - Sync 1 DAGs
[2026-06-17T10:22:44.221+0000] {logging_mixin.py:151} INFO - [2026-06-17T10:22:44.221+0000] {dag.py:3696} INFO - Setting next_dagrun for aeroflux_main_pipeline to 2026-06-17T10:00:00+00:00, run_after=2026-06-17T11:00:00+00:00
[2026-06-17T10:22:44.233+0000] {processor.py:179} INFO - Processing /opt/airflow/dags/aeroflux_orchestrator.py took 0.320 seconds
[2026-06-17T10:23:14.666+0000] {processor.py:157} INFO - Started process (PID=145) to work on /opt/airflow/dags/aeroflux_orchestrator.py
[2026-06-17T10:23:14.668+0000] {processor.py:829} INFO - Processing file /opt/airflow/dags/aeroflux_orchestrator.py for tasks to queue
[2026-06-17T10:23:14.669+0000] {logging_mixin.py:151} INFO - [2026-06-17T10:23:14.668+0000] {dagbag.py:539} INFO - Filling up the DagBag from /opt/airflow/dags/aeroflux_orchestrator.py
[2026-06-17T10:23:14.910+0000] {processor.py:839} INFO - DAG(s) dict_keys(['aeroflux_main_pipeline']) retrieved from /opt/airflow/dags/aeroflux_orchestrator.py
[2026-06-17T10:23:14.943+0000] {logging_mixin.py:151} INFO - [2026-06-17T10:23:14.943+0000] {dag.py:2915} INFO - Sync 1 DAGs
[2026-06-17T10:23:14.957+0000] {logging_mixin.py:151} INFO - [2026-06-17T10:23:14.957+0000] {dag.py:3696} INFO - Setting next_dagrun for aeroflux_main_pipeline to 2026-06-17T10:00:00+00:00, run_after=2026-06-17T11:00:00+00:00
[2026-06-17T10:23:14.967+0000] {processor.py:179} INFO - Processing /opt/airflow/dags/aeroflux_orchestrator.py took 0.310 seconds
[2026-06-17T10:23:45.044+0000] {processor.py:157} INFO - Started process (PID=147) to work on /opt/airflow/dags/aeroflux_orchestrator.py
[2026-06-17T10:23:45.046+0000] {processor.py:829} INFO - Processing file /opt/airflow/dags/aeroflux_orchestrator.py for tasks to queue
[2026-06-17T10:23:45.048+0000] {logging_mixin.py:151} INFO - [2026-06-17T10:23:45.047+0000] {dagbag.py:539} INFO - Filling up the DagBag from /opt/airflow/dags/aeroflux_orchestrator.py
[2026-06-17T10:23:45.318+0000] {processor.py:839} INFO - DAG(s) dict_keys(['aeroflux_main_pipeline']) retrieved from /opt/airflow/dags/aeroflux_orchestrator.py
[2026-06-17T10:23:45.348+0000] {logging_mixin.py:151} INFO - [2026-06-17T10:23:45.348+0000] {dag.py:2915} INFO - Sync 1 DAGs
[2026-06-17T10:23:45.363+0000] {logging_mixin.py:151} INFO - [2026-06-17T10:23:45.363+0000] {dag.py:3696} INFO - Setting next_dagrun for aeroflux_main_pipeline to 2026-06-17T10:00:00+00:00, run_after=2026-06-17T11:00:00+00:00
[2026-06-17T10:23:45.377+0000] {processor.py:179} INFO - Processing /opt/airflow/dags/aeroflux_orchestrator.py took 0.351 seconds
[2026-06-17T10:24:15.700+0000] {processor.py:157} INFO - Started process (PID=149) to work on /opt/airflow/dags/aeroflux_orchestrator.py
[2026-06-17T10:24:15.705+0000] {processor.py:829} INFO - Processing file /opt/airflow/dags/aeroflux_orchestrator.py for tasks to queue
[2026-06-17T10:24:15.706+0000] {logging_mixin.py:151} INFO - [2026-06-17T10:24:15.705+0000] {dagbag.py:539} INFO - Filling up the DagBag from /opt/airflow/dags/aeroflux_orchestrator.py
[2026-06-17T10:24:15.962+0000] {processor.py:839} INFO - DAG(s) dict_keys(['aeroflux_main_pipeline']) retrieved from /opt/airflow/dags/aeroflux_orchestrator.py
[2026-06-17T10:24:15.990+0000] {logging_mixin.py:151} INFO - [2026-06-17T10:24:15.990+0000] {dag.py:2915} INFO - Sync 1 DAGs
[2026-06-17T10:24:16.005+0000] {logging_mixin.py:151} INFO - [2026-06-17T10:24:16.005+0000] {dag.py:3696} INFO - Setting next_dagrun for aeroflux_main_pipeline to 2026-06-17T10:00:00+00:00, run_after=2026-06-17T11:00:00+00:00
[2026-06-17T10:24:16.014+0000] {processor.py:179} INFO - Processing /opt/airflow/dags/aeroflux_orchestrator.py took 0.324 seconds
[2026-06-17T10:24:46.415+0000] {processor.py:157} INFO - Started process (PID=151) to work on /opt/airflow/dags/aeroflux_orchestrator.py
[2026-06-17T10:24:46.418+0000] {processor.py:829} INFO - Processing file /opt/airflow/dags/aeroflux_orchestrator.py for tasks to queue
[2026-06-17T10:24:46.420+0000] {logging_mixin.py:151} INFO - [2026-06-17T10:24:46.419+0000] {dagbag.py:539} INFO - Filling up the DagBag from /opt/airflow/dags/aeroflux_orchestrator.py
[2026-06-17T10:24:46.692+0000] {processor.py:839} INFO - DAG(s) dict_keys(['aeroflux_main_pipeline']) retrieved from /opt/airflow/dags/aeroflux_orchestrator.py
[2026-06-17T10:24:46.727+0000] {logging_mixin.py:151} INFO - [2026-06-17T10:24:46.727+0000] {dag.py:2915} INFO - Sync 1 DAGs
[2026-06-17T10:24:46.746+0000] {logging_mixin.py:151} INFO - [2026-06-17T10:24:46.746+0000] {dag.py:3696} INFO - Setting next_dagrun for aeroflux_main_pipeline to 2026-06-17T10:00:00+00:00, run_after=2026-06-17T11:00:00+00:00
[2026-06-17T10:24:46.757+0000] {processor.py:179} INFO - Processing /opt/airflow/dags/aeroflux_orchestrator.py took 0.350 seconds
[2026-06-17T10:25:16.826+0000] {processor.py:157} INFO - Started process (PID=153) to work on /opt/airflow/dags/aeroflux_orchestrator.py
[2026-06-17T10:25:16.832+0000] {processor.py:829} INFO - Processing file /opt/airflow/dags/aeroflux_orchestrator.py for tasks to queue
[2026-06-17T10:25:16.833+0000] {logging_mixin.py:151} INFO - [2026-06-17T10:25:16.832+0000] {dagbag.py:539} INFO - Filling up the DagBag from /opt/airflow/dags/aeroflux_orchestrator.py
[2026-06-17T10:25:17.086+0000] {processor.py:839} INFO - DAG(s) dict_keys(['aeroflux_main_pipeline']) retrieved from /opt/airflow/dags/aeroflux_orchestrator.py
[2026-06-17T10:25:17.116+0000] {logging_mixin.py:151} INFO - [2026-06-17T10:25:17.116+0000] {dag.py:2915} INFO - Sync 1 DAGs
[2026-06-17T10:25:17.137+0000] {logging_mixin.py:151} INFO - [2026-06-17T10:25:17.136+0000] {dag.py:3696} INFO - Setting next_dagrun for aeroflux_main_pipeline to 2026-06-17T10:00:00+00:00, run_after=2026-06-17T11:00:00+00:00
[2026-06-17T10:25:17.147+0000] {processor.py:179} INFO - Processing /opt/airflow/dags/aeroflux_orchestrator.py took 0.328 seconds
[2026-06-17T10:25:47.593+0000] {processor.py:157} INFO - Started process (PID=155) to work on /opt/airflow/dags/aeroflux_orchestrator.py
[2026-06-17T10:25:47.597+0000] {processor.py:829} INFO - Processing file /opt/airflow/dags/aeroflux_orchestrator.py for tasks to queue
[2026-06-17T10:25:47.598+0000] {logging_mixin.py:151} INFO - [2026-06-17T10:25:47.597+0000] {dagbag.py:539} INFO - Filling up the DagBag from /opt/airflow/dags/aeroflux_orchestrator.py
[2026-06-17T10:25:47.848+0000] {processor.py:839} INFO - DAG(s) dict_keys(['aeroflux_main_pipeline']) retrieved from /opt/airflow/dags/aeroflux_orchestrator.py
[2026-06-17T10:25:47.883+0000] {logging_mixin.py:151} INFO - [2026-06-17T10:25:47.883+0000] {dag.py:2915} INFO - Sync 1 DAGs
[2026-06-17T10:25:47.901+0000] {logging_mixin.py:151} INFO - [2026-06-17T10:25:47.901+0000] {dag.py:3696} INFO - Setting next_dagrun for aeroflux_main_pipeline to 2026-06-17T10:00:00+00:00, run_after=2026-06-17T11:00:00+00:00
[2026-06-17T10:25:47.911+0000] {processor.py:179} INFO - Processing /opt/airflow/dags/aeroflux_orchestrator.py took 0.328 seconds
[2026-06-17T10:26:18.032+0000] {processor.py:157} INFO - Started process (PID=157) to work on /opt/airflow/dags/aeroflux_orchestrator.py
[2026-06-17T10:26:18.041+0000] {processor.py:829} INFO - Processing file /opt/airflow/dags/aeroflux_orchestrator.py for tasks to queue
[2026-06-17T10:26:18.042+0000] {logging_mixin.py:151} INFO - [2026-06-17T10:26:18.041+0000] {dagbag.py:539} INFO - Filling up the DagBag from /opt/airflow/dags/aeroflux_orchestrator.py
[2026-06-17T10:26:18.301+0000] {processor.py:839} INFO - DAG(s) dict_keys(['aeroflux_main_pipeline']) retrieved from /opt/airflow/dags/aeroflux_orchestrator.py
[2026-06-17T10:26:18.331+0000] {logging_mixin.py:151} INFO - [2026-06-17T10:26:18.331+0000] {dag.py:2915} INFO - Sync 1 DAGs
[2026-06-17T10:26:18.345+0000] {logging_mixin.py:151} INFO - [2026-06-17T10:26:18.345+0000] {dag.py:3696} INFO - Setting next_dagrun for aeroflux_main_pipeline to 2026-06-17T10:00:00+00:00, run_after=2026-06-17T11:00:00+00:00
[2026-06-17T10:26:18.354+0000] {processor.py:179} INFO - Processing /opt/airflow/dags/aeroflux_orchestrator.py took 0.337 seconds
[2026-06-17T10:26:48.761+0000] {processor.py:157} INFO - Started process (PID=159) to work on /opt/airflow/dags/aeroflux_orchestrator.py
[2026-06-17T10:26:48.764+0000] {processor.py:829} INFO - Processing file /opt/airflow/dags/aeroflux_orchestrator.py for tasks to queue
[2026-06-17T10:26:48.765+0000] {logging_mixin.py:151} INFO - [2026-06-17T10:26:48.765+0000] {dagbag.py:539} INFO - Filling up the DagBag from /opt/airflow/dags/aeroflux_orchestrator.py
[2026-06-17T10:26:49.033+0000] {processor.py:839} INFO - DAG(s) dict_keys(['aeroflux_main_pipeline']) retrieved from /opt/airflow/dags/aeroflux_orchestrator.py
[2026-06-17T10:26:49.063+0000] {logging_mixin.py:151} INFO - [2026-06-17T10:26:49.063+0000] {dag.py:2915} INFO - Sync 1 DAGs
[2026-06-17T10:26:49.082+0000] {logging_mixin.py:151} INFO - [2026-06-17T10:26:49.082+0000] {dag.py:3696} INFO - Setting next_dagrun for aeroflux_main_pipeline to 2026-06-17T10:00:00+00:00, run_after=2026-06-17T11:00:00+00:00
[2026-06-17T10:26:49.095+0000] {processor.py:179} INFO - Processing /opt/airflow/dags/aeroflux_orchestrator.py took 0.341 seconds
[2026-06-17T10:27:19.236+0000] {processor.py:157} INFO - Started process (PID=161) to work on /opt/airflow/dags/aeroflux_orchestrator.py
[2026-06-17T10:27:19.242+0000] {processor.py:829} INFO - Processing file /opt/airflow/dags/aeroflux_orchestrator.py for tasks to queue
[2026-06-17T10:27:19.243+0000] {logging_mixin.py:151} INFO - [2026-06-17T10:27:19.242+0000] {dagbag.py:539} INFO - Filling up the DagBag from /opt/airflow/dags/aeroflux_orchestrator.py
[2026-06-17T10:27:19.499+0000] {processor.py:839} INFO - DAG(s) dict_keys(['aeroflux_main_pipeline']) retrieved from /opt/airflow/dags/aeroflux_orchestrator.py
[2026-06-17T10:27:19.542+0000] {logging_mixin.py:151} INFO - [2026-06-17T10:27:19.542+0000] {dag.py:2915} INFO - Sync 1 DAGs
[2026-06-17T10:27:19.573+0000] {logging_mixin.py:151} INFO - [2026-06-17T10:27:19.573+0000] {dag.py:3696} INFO - Setting next_dagrun for aeroflux_main_pipeline to 2026-06-17T10:00:00+00:00, run_after=2026-06-17T11:00:00+00:00
[2026-06-17T10:27:19.587+0000] {processor.py:179} INFO - Processing /opt/airflow/dags/aeroflux_orchestrator.py took 0.364 seconds
[2026-06-17T10:27:49.827+0000] {processor.py:157} INFO - Started process (PID=163) to work on /opt/airflow/dags/aeroflux_orchestrator.py
[2026-06-17T10:27:49.829+0000] {processor.py:829} INFO - Processing file /opt/airflow/dags/aeroflux_orchestrator.py for tasks to queue
[2026-06-17T10:27:49.830+0000] {logging_mixin.py:151} INFO - [2026-06-17T10:27:49.830+0000] {dagbag.py:539} INFO - Filling up the DagBag from /opt/airflow/dags/aeroflux_orchestrator.py
[2026-06-17T10:27:50.096+0000] {processor.py:839} INFO - DAG(s) dict_keys(['aeroflux_main_pipeline']) retrieved from /opt/airflow/dags/aeroflux_orchestrator.py
[2026-06-17T10:27:50.123+0000] {logging_mixin.py:151} INFO - [2026-06-17T10:27:50.123+0000] {dag.py:2915} INFO - Sync 1 DAGs
[2026-06-17T10:27:50.139+0000] {logging_mixin.py:151} INFO - [2026-06-17T10:27:50.139+0000] {dag.py:3696} INFO - Setting next_dagrun for aeroflux_main_pipeline to 2026-06-17T10:00:00+00:00, run_after=2026-06-17T11:00:00+00:00
[2026-06-17T10:27:50.149+0000] {processor.py:179} INFO - Processing /opt/airflow/dags/aeroflux_orchestrator.py took 0.328 seconds
[2026-06-17T10:28:20.327+0000] {processor.py:157} INFO - Started process (PID=165) to work on /opt/airflow/dags/aeroflux_orchestrator.py
[2026-06-17T10:28:20.329+0000] {processor.py:829} INFO - Processing file /opt/airflow/dags/aeroflux_orchestrator.py for tasks to queue
[2026-06-17T10:28:20.334+0000] {logging_mixin.py:151} INFO - [2026-06-17T10:28:20.330+0000] {dagbag.py:539} INFO - Filling up the DagBag from /opt/airflow/dags/aeroflux_orchestrator.py
[2026-06-17T10:28:20.669+0000] {processor.py:839} INFO - DAG(s) dict_keys(['aeroflux_main_pipeline']) retrieved from /opt/airflow/dags/aeroflux_orchestrator.py
[2026-06-17T10:28:20.707+0000] {logging_mixin.py:151} INFO - [2026-06-17T10:28:20.706+0000] {dag.py:2915} INFO - Sync 1 DAGs
[2026-06-17T10:28:20.722+0000] {logging_mixin.py:151} INFO - [2026-06-17T10:28:20.722+0000] {dag.py:3696} INFO - Setting next_dagrun for aeroflux_main_pipeline to 2026-06-17T10:00:00+00:00, run_after=2026-06-17T11:00:00+00:00
[2026-06-17T10:28:20.732+0000] {processor.py:179} INFO - Processing /opt/airflow/dags/aeroflux_orchestrator.py took 0.420 seconds
[2026-06-17T10:28:50.932+0000] {processor.py:157} INFO - Started process (PID=167) to work on /opt/airflow/dags/aeroflux_orchestrator.py
[2026-06-17T10:28:50.938+0000] {processor.py:829} INFO - Processing file /opt/airflow/dags/aeroflux_orchestrator.py for tasks to queue
[2026-06-17T10:28:50.940+0000] {logging_mixin.py:151} INFO - [2026-06-17T10:28:50.939+0000] {dagbag.py:539} INFO - Filling up the DagBag from /opt/airflow/dags/aeroflux_orchestrator.py
[2026-06-17T10:28:51.208+0000] {processor.py:839} INFO - DAG(s) dict_keys(['aeroflux_main_pipeline']) retrieved from /opt/airflow/dags/aeroflux_orchestrator.py
[2026-06-17T10:28:51.235+0000] {logging_mixin.py:151} INFO - [2026-06-17T10:28:51.234+0000] {dag.py:2915} INFO - Sync 1 DAGs
[2026-06-17T10:28:51.248+0000] {logging_mixin.py:151} INFO - [2026-06-17T10:28:51.248+0000] {dag.py:3696} INFO - Setting next_dagrun for aeroflux_main_pipeline to 2026-06-17T10:00:00+00:00, run_after=2026-06-17T11:00:00+00:00
[2026-06-17T10:28:51.257+0000] {processor.py:179} INFO - Processing /opt/airflow/dags/aeroflux_orchestrator.py took 0.339 seconds
[2026-06-17T10:29:21.581+0000] {processor.py:157} INFO - Started process (PID=169) to work on /opt/airflow/dags/aeroflux_orchestrator.py
[2026-06-17T10:29:21.588+0000] {processor.py:829} INFO - Processing file /opt/airflow/dags/aeroflux_orchestrator.py for tasks to queue
[2026-06-17T10:29:21.589+0000] {logging_mixin.py:151} INFO - [2026-06-17T10:29:21.589+0000] {dagbag.py:539} INFO - Filling up the DagBag from /opt/airflow/dags/aeroflux_orchestrator.py
[2026-06-17T10:29:21.893+0000] {processor.py:839} INFO - DAG(s) dict_keys(['aeroflux_main_pipeline']) retrieved from /opt/airflow/dags/aeroflux_orchestrator.py
[2026-06-17T10:29:21.928+0000] {logging_mixin.py:151} INFO - [2026-06-17T10:29:21.928+0000] {dag.py:2915} INFO - Sync 1 DAGs
[2026-06-17T10:29:21.943+0000] {logging_mixin.py:151} INFO - [2026-06-17T10:29:21.943+0000] {dag.py:3696} INFO - Setting next_dagrun for aeroflux_main_pipeline to 2026-06-17T10:00:00+00:00, run_after=2026-06-17T11:00:00+00:00
[2026-06-17T10:29:21.951+0000] {processor.py:179} INFO - Processing /opt/airflow/dags/aeroflux_orchestrator.py took 0.386 seconds
[2026-06-17T10:29:52.300+0000] {processor.py:157} INFO - Started process (PID=171) to work on /opt/airflow/dags/aeroflux_orchestrator.py
[2026-06-17T10:29:52.302+0000] {processor.py:829} INFO - Processing file /opt/airflow/dags/aeroflux_orchestrator.py for tasks to queue
[2026-06-17T10:29:52.303+0000] {logging_mixin.py:151} INFO - [2026-06-17T10:29:52.303+0000] {dagbag.py:539} INFO - Filling up the DagBag from /opt/airflow/dags/aeroflux_orchestrator.py
[2026-06-17T10:29:52.568+0000] {processor.py:839} INFO - DAG(s) dict_keys(['aeroflux_main_pipeline']) retrieved from /opt/airflow/dags/aeroflux_orchestrator.py
[2026-06-17T10:29:52.597+0000] {logging_mixin.py:151} INFO - [2026-06-17T10:29:52.597+0000] {dag.py:2915} INFO - Sync 1 DAGs
[2026-06-17T10:29:52.614+0000] {logging_mixin.py:151} INFO - [2026-06-17T10:29:52.614+0000] {dag.py:3696} INFO - Setting next_dagrun for aeroflux_main_pipeline to 2026-06-17T10:00:00+00:00, run_after=2026-06-17T11:00:00+00:00
[2026-06-17T10:29:52.624+0000] {processor.py:179} INFO - Processing /opt/airflow/dags/aeroflux_orchestrator.py took 0.335 seconds
[2026-06-17T10:30:23.035+0000] {processor.py:157} INFO - Started process (PID=173) to work on /opt/airflow/dags/aeroflux_orchestrator.py
[2026-06-17T10:30:23.038+0000] {processor.py:829} INFO - Processing file /opt/airflow/dags/aeroflux_orchestrator.py for tasks to queue
[2026-06-17T10:30:23.040+0000] {logging_mixin.py:151} INFO - [2026-06-17T10:30:23.039+0000] {dagbag.py:539} INFO - Filling up the DagBag from /opt/airflow/dags/aeroflux_orchestrator.py
[2026-06-17T10:30:23.303+0000] {processor.py:839} INFO - DAG(s) dict_keys(['aeroflux_main_pipeline']) retrieved from /opt/airflow/dags/aeroflux_orchestrator.py
[2026-06-17T10:30:23.334+0000] {logging_mixin.py:151} INFO - [2026-06-17T10:30:23.334+0000] {dag.py:2915} INFO - Sync 1 DAGs
[2026-06-17T10:30:23.350+0000] {logging_mixin.py:151} INFO - [2026-06-17T10:30:23.350+0000] {dag.py:3696} INFO - Setting next_dagrun for aeroflux_main_pipeline to 2026-06-17T10:00:00+00:00, run_after=2026-06-17T11:00:00+00:00
[2026-06-17T10:30:23.359+0000] {processor.py:179} INFO - Processing /opt/airflow/dags/aeroflux_orchestrator.py took 0.336 seconds
[2026-06-17T10:30:53.474+0000] {processor.py:157} INFO - Started process (PID=175) to work on /opt/airflow/dags/aeroflux_orchestrator.py
[2026-06-17T10:30:53.477+0000] {processor.py:829} INFO - Processing file /opt/airflow/dags/aeroflux_orchestrator.py for tasks to queue
[2026-06-17T10:30:53.478+0000] {logging_mixin.py:151} INFO - [2026-06-17T10:30:53.478+0000] {dagbag.py:539} INFO - Filling up the DagBag from /opt/airflow/dags/aeroflux_orchestrator.py
[2026-06-17T10:30:53.752+0000] {processor.py:839} INFO - DAG(s) dict_keys(['aeroflux_main_pipeline']) retrieved from /opt/airflow/dags/aeroflux_orchestrator.py
[2026-06-17T10:30:53.777+0000] {logging_mixin.py:151} INFO - [2026-06-17T10:30:53.777+0000] {dag.py:2915} INFO - Sync 1 DAGs
[2026-06-17T10:30:53.795+0000] {logging_mixin.py:151} INFO - [2026-06-17T10:30:53.794+0000] {dag.py:3696} INFO - Setting next_dagrun for aeroflux_main_pipeline to 2026-06-17T10:00:00+00:00, run_after=2026-06-17T11:00:00+00:00
[2026-06-17T10:30:53.803+0000] {processor.py:179} INFO - Processing /opt/airflow/dags/aeroflux_orchestrator.py took 0.344 seconds
[2026-06-17T10:31:24.206+0000] {processor.py:157} INFO - Started process (PID=177) to work on /opt/airflow/dags/aeroflux_orchestrator.py
[2026-06-17T10:31:24.210+0000] {processor.py:829} INFO - Processing file /opt/airflow/dags/aeroflux_orchestrator.py for tasks to queue
[2026-06-17T10:31:24.212+0000] {logging_mixin.py:151} INFO - [2026-06-17T10:31:24.211+0000] {dagbag.py:539} INFO - Filling up the DagBag from /opt/airflow/dags/aeroflux_orchestrator.py
[2026-06-17T10:31:24.469+0000] {processor.py:839} INFO - DAG(s) dict_keys(['aeroflux_main_pipeline']) retrieved from /opt/airflow/dags/aeroflux_orchestrator.py
[2026-06-17T10:31:24.512+0000] {logging_mixin.py:151} INFO - [2026-06-17T10:31:24.512+0000] {dag.py:2915} INFO - Sync 1 DAGs
[2026-06-17T10:31:24.527+0000] {logging_mixin.py:151} INFO - [2026-06-17T10:31:24.527+0000] {dag.py:3696} INFO - Setting next_dagrun for aeroflux_main_pipeline to 2026-06-17T10:00:00+00:00, run_after=2026-06-17T11:00:00+00:00
[2026-06-17T10:31:24.537+0000] {processor.py:179} INFO - Processing /opt/airflow/dags/aeroflux_orchestrator.py took 0.338 seconds
[2026-06-17T10:31:54.665+0000] {processor.py:157} INFO - Started process (PID=179) to work on /opt/airflow/dags/aeroflux_orchestrator.py
[2026-06-17T10:31:54.669+0000] {processor.py:829} INFO - Processing file /opt/airflow/dags/aeroflux_orchestrator.py for tasks to queue
[2026-06-17T10:31:54.670+0000] {logging_mixin.py:151} INFO - [2026-06-17T10:31:54.669+0000] {dagbag.py:539} INFO - Filling up the DagBag from /opt/airflow/dags/aeroflux_orchestrator.py
[2026-06-17T10:31:54.950+0000] {processor.py:839} INFO - DAG(s) dict_keys(['aeroflux_main_pipeline']) retrieved from /opt/airflow/dags/aeroflux_orchestrator.py
[2026-06-17T10:31:54.982+0000] {logging_mixin.py:151} INFO - [2026-06-17T10:31:54.982+0000] {dag.py:2915} INFO - Sync 1 DAGs
[2026-06-17T10:31:54.998+0000] {logging_mixin.py:151} INFO - [2026-06-17T10:31:54.998+0000] {dag.py:3696} INFO - Setting next_dagrun for aeroflux_main_pipeline to 2026-06-17T10:00:00+00:00, run_after=2026-06-17T11:00:00+00:00
[2026-06-17T10:31:55.010+0000] {processor.py:179} INFO - Processing /opt/airflow/dags/aeroflux_orchestrator.py took 0.362 seconds
[2026-06-17T10:32:25.341+0000] {processor.py:157} INFO - Started process (PID=181) to work on /opt/airflow/dags/aeroflux_orchestrator.py
[2026-06-17T10:32:25.344+0000] {processor.py:829} INFO - Processing file /opt/airflow/dags/aeroflux_orchestrator.py for tasks to queue
[2026-06-17T10:32:25.346+0000] {logging_mixin.py:151} INFO - [2026-06-17T10:32:25.345+0000] {dagbag.py:539} INFO - Filling up the DagBag from /opt/airflow/dags/aeroflux_orchestrator.py
[2026-06-17T10:32:25.597+0000] {processor.py:839} INFO - DAG(s) dict_keys(['aeroflux_main_pipeline']) retrieved from /opt/airflow/dags/aeroflux_orchestrator.py
[2026-06-17T10:32:25.637+0000] {logging_mixin.py:151} INFO - [2026-06-17T10:32:25.637+0000] {dag.py:2915} INFO - Sync 1 DAGs
[2026-06-17T10:32:25.651+0000] {logging_mixin.py:151} INFO - [2026-06-17T10:32:25.651+0000] {dag.py:3696} INFO - Setting next_dagrun for aeroflux_main_pipeline to 2026-06-17T10:00:00+00:00, run_after=2026-06-17T11:00:00+00:00
[2026-06-17T10:32:25.665+0000] {processor.py:179} INFO - Processing /opt/airflow/dags/aeroflux_orchestrator.py took 0.336 seconds
[2026-06-17T10:32:55.779+0000] {processor.py:157} INFO - Started process (PID=183) to work on /opt/airflow/dags/aeroflux_orchestrator.py
[2026-06-17T10:32:55.783+0000] {processor.py:829} INFO - Processing file /opt/airflow/dags/aeroflux_orchestrator.py for tasks to queue
[2026-06-17T10:32:55.785+0000] {logging_mixin.py:151} INFO - [2026-06-17T10:32:55.784+0000] {dagbag.py:539} INFO - Filling up the DagBag from /opt/airflow/dags/aeroflux_orchestrator.py
[2026-06-17T10:32:56.053+0000] {processor.py:839} INFO - DAG(s) dict_keys(['aeroflux_main_pipeline']) retrieved from /opt/airflow/dags/aeroflux_orchestrator.py
[2026-06-17T10:32:56.075+0000] {logging_mixin.py:151} INFO - [2026-06-17T10:32:56.075+0000] {dag.py:2915} INFO - Sync 1 DAGs
[2026-06-17T10:32:56.088+0000] {logging_mixin.py:151} INFO - [2026-06-17T10:32:56.088+0000] {dag.py:3696} INFO - Setting next_dagrun for aeroflux_main_pipeline to 2026-06-17T10:00:00+00:00, run_after=2026-06-17T11:00:00+00:00
[2026-06-17T10:32:56.097+0000] {processor.py:179} INFO - Processing /opt/airflow/dags/aeroflux_orchestrator.py took 0.327 seconds
[2026-06-17T10:33:26.465+0000] {processor.py:157} INFO - Started process (PID=185) to work on /opt/airflow/dags/aeroflux_orchestrator.py
[2026-06-17T10:33:26.468+0000] {processor.py:829} INFO - Processing file /opt/airflow/dags/aeroflux_orchestrator.py for tasks to queue
[2026-06-17T10:33:26.469+0000] {logging_mixin.py:151} INFO - [2026-06-17T10:33:26.469+0000] {dagbag.py:539} INFO - Filling up the DagBag from /opt/airflow/dags/aeroflux_orchestrator.py
[2026-06-17T10:33:26.723+0000] {processor.py:839} INFO - DAG(s) dict_keys(['aeroflux_main_pipeline']) retrieved from /opt/airflow/dags/aeroflux_orchestrator.py
[2026-06-17T10:33:26.757+0000] {logging_mixin.py:151} INFO - [2026-06-17T10:33:26.757+0000] {dag.py:2915} INFO - Sync 1 DAGs
[2026-06-17T10:33:26.771+0000] {logging_mixin.py:151} INFO - [2026-06-17T10:33:26.771+0000] {dag.py:3696} INFO - Setting next_dagrun for aeroflux_main_pipeline to 2026-06-17T10:00:00+00:00, run_after=2026-06-17T11:00:00+00:00
[2026-06-17T10:33:26.780+0000] {processor.py:179} INFO - Processing /opt/airflow/dags/aeroflux_orchestrator.py took 0.324 seconds
[2026-06-17T10:33:57.158+0000] {processor.py:157} INFO - Started process (PID=187) to work on /opt/airflow/dags/aeroflux_orchestrator.py
[2026-06-17T10:33:57.163+0000] {processor.py:829} INFO - Processing file /opt/airflow/dags/aeroflux_orchestrator.py for tasks to queue
[2026-06-17T10:33:57.166+0000] {logging_mixin.py:151} INFO - [2026-06-17T10:33:57.164+0000] {dagbag.py:539} INFO - Filling up the DagBag from /opt/airflow/dags/aeroflux_orchestrator.py
[2026-06-17T10:33:57.431+0000] {processor.py:839} INFO - DAG(s) dict_keys(['aeroflux_main_pipeline']) retrieved from /opt/airflow/dags/aeroflux_orchestrator.py
[2026-06-17T10:33:57.456+0000] {logging_mixin.py:151} INFO - [2026-06-17T10:33:57.456+0000] {dag.py:2915} INFO - Sync 1 DAGs
[2026-06-17T10:33:57.476+0000] {logging_mixin.py:151} INFO - [2026-06-17T10:33:57.476+0000] {dag.py:3696} INFO - Setting next_dagrun for aeroflux_main_pipeline to 2026-06-17T10:00:00+00:00, run_after=2026-06-17T11:00:00+00:00
[2026-06-17T10:33:57.485+0000] {processor.py:179} INFO - Processing /opt/airflow/dags/aeroflux_orchestrator.py took 0.338 seconds
[2026-06-17T10:34:27.612+0000] {processor.py:157} INFO - Started process (PID=189) to work on /opt/airflow/dags/aeroflux_orchestrator.py
[2026-06-17T10:34:27.615+0000] {processor.py:829} INFO - Processing file /opt/airflow/dags/aeroflux_orchestrator.py for tasks to queue
[2026-06-17T10:34:27.616+0000] {logging_mixin.py:151} INFO - [2026-06-17T10:34:27.616+0000] {dagbag.py:539} INFO - Filling up the DagBag from /opt/airflow/dags/aeroflux_orchestrator.py
[2026-06-17T10:34:27.862+0000] {processor.py:839} INFO - DAG(s) dict_keys(['aeroflux_main_pipeline']) retrieved from /opt/airflow/dags/aeroflux_orchestrator.py
[2026-06-17T10:34:27.906+0000] {logging_mixin.py:151} INFO - [2026-06-17T10:34:27.906+0000] {dag.py:2915} INFO - Sync 1 DAGs
[2026-06-17T10:34:27.920+0000] {logging_mixin.py:151} INFO - [2026-06-17T10:34:27.920+0000] {dag.py:3696} INFO - Setting next_dagrun for aeroflux_main_pipeline to 2026-06-17T10:00:00+00:00, run_after=2026-06-17T11:00:00+00:00
[2026-06-17T10:34:27.929+0000] {processor.py:179} INFO - Processing /opt/airflow/dags/aeroflux_orchestrator.py took 0.329 seconds
[2026-06-17T10:34:58.305+0000] {processor.py:157} INFO - Started process (PID=191) to work on /opt/airflow/dags/aeroflux_orchestrator.py
[2026-06-17T10:34:58.309+0000] {processor.py:829} INFO - Processing file /opt/airflow/dags/aeroflux_orchestrator.py for tasks to queue
[2026-06-17T10:34:58.310+0000] {logging_mixin.py:151} INFO - [2026-06-17T10:34:58.310+0000] {dagbag.py:539} INFO - Filling up the DagBag from /opt/airflow/dags/aeroflux_orchestrator.py
[2026-06-17T10:34:58.580+0000] {processor.py:839} INFO - DAG(s) dict_keys(['aeroflux_main_pipeline']) retrieved from /opt/airflow/dags/aeroflux_orchestrator.py
[2026-06-17T10:34:58.610+0000] {logging_mixin.py:151} INFO - [2026-06-17T10:34:58.610+0000] {dag.py:2915} INFO - Sync 1 DAGs
[2026-06-17T10:34:58.625+0000] {logging_mixin.py:151} INFO - [2026-06-17T10:34:58.625+0000] {dag.py:3696} INFO - Setting next_dagrun for aeroflux_main_pipeline to 2026-06-17T10:00:00+00:00, run_after=2026-06-17T11:00:00+00:00
[2026-06-17T10:34:58.636+0000] {processor.py:179} INFO - Processing /opt/airflow/dags/aeroflux_orchestrator.py took 0.341 seconds
[2026-06-17T10:35:28.676+0000] {processor.py:157} INFO - Started process (PID=193) to work on /opt/airflow/dags/aeroflux_orchestrator.py
[2026-06-17T10:35:28.679+0000] {processor.py:829} INFO - Processing file /opt/airflow/dags/aeroflux_orchestrator.py for tasks to queue
[2026-06-17T10:35:28.680+0000] {logging_mixin.py:151} INFO - [2026-06-17T10:35:28.679+0000] {dagbag.py:539} INFO - Filling up the DagBag from /opt/airflow/dags/aeroflux_orchestrator.py
[2026-06-17T10:35:28.933+0000] {processor.py:839} INFO - DAG(s) dict_keys(['aeroflux_main_pipeline']) retrieved from /opt/airflow/dags/aeroflux_orchestrator.py
[2026-06-17T10:35:28.956+0000] {logging_mixin.py:151} INFO - [2026-06-17T10:35:28.956+0000] {dag.py:2915} INFO - Sync 1 DAGs
[2026-06-17T10:35:28.974+0000] {logging_mixin.py:151} INFO - [2026-06-17T10:35:28.974+0000] {dag.py:3696} INFO - Setting next_dagrun for aeroflux_main_pipeline to 2026-06-17T10:00:00+00:00, run_after=2026-06-17T11:00:00+00:00
[2026-06-17T10:35:28.991+0000] {processor.py:179} INFO - Processing /opt/airflow/dags/aeroflux_orchestrator.py took 0.324 seconds
[2026-06-17T10:35:59.278+0000] {processor.py:157} INFO - Started process (PID=232) to work on /opt/airflow/dags/aeroflux_orchestrator.py
[2026-06-17T10:35:59.280+0000] {processor.py:829} INFO - Processing file /opt/airflow/dags/aeroflux_orchestrator.py for tasks to queue
[2026-06-17T10:35:59.281+0000] {logging_mixin.py:151} INFO - [2026-06-17T10:35:59.280+0000] {dagbag.py:539} INFO - Filling up the DagBag from /opt/airflow/dags/aeroflux_orchestrator.py
[2026-06-17T10:35:59.555+0000] {processor.py:839} INFO - DAG(s) dict_keys(['aeroflux_main_pipeline']) retrieved from /opt/airflow/dags/aeroflux_orchestrator.py
[2026-06-17T10:35:59.604+0000] {logging_mixin.py:151} INFO - [2026-06-17T10:35:59.604+0000] {dag.py:2915} INFO - Sync 1 DAGs
[2026-06-17T10:35:59.627+0000] {logging_mixin.py:151} INFO - [2026-06-17T10:35:59.627+0000] {dag.py:3696} INFO - Setting next_dagrun for aeroflux_main_pipeline to 2026-06-17T10:00:00+00:00, run_after=2026-06-17T11:00:00+00:00
[2026-06-17T10:35:59.641+0000] {processor.py:179} INFO - Processing /opt/airflow/dags/aeroflux_orchestrator.py took 0.373 seconds
[2026-06-17T10:36:30.086+0000] {processor.py:157} INFO - Started process (PID=234) to work on /opt/airflow/dags/aeroflux_orchestrator.py
[2026-06-17T10:36:30.093+0000] {processor.py:829} INFO - Processing file /opt/airflow/dags/aeroflux_orchestrator.py for tasks to queue
[2026-06-17T10:36:30.095+0000] {logging_mixin.py:151} INFO - [2026-06-17T10:36:30.094+0000] {dagbag.py:539} INFO - Filling up the DagBag from /opt/airflow/dags/aeroflux_orchestrator.py
[2026-06-17T10:36:30.358+0000] {processor.py:839} INFO - DAG(s) dict_keys(['aeroflux_main_pipeline']) retrieved from /opt/airflow/dags/aeroflux_orchestrator.py
[2026-06-17T10:36:30.381+0000] {logging_mixin.py:151} INFO - [2026-06-17T10:36:30.381+0000] {dag.py:2915} INFO - Sync 1 DAGs
[2026-06-17T10:36:30.401+0000] {logging_mixin.py:151} INFO - [2026-06-17T10:36:30.401+0000] {dag.py:3696} INFO - Setting next_dagrun for aeroflux_main_pipeline to 2026-06-17T10:00:00+00:00, run_after=2026-06-17T11:00:00+00:00
[2026-06-17T10:36:30.411+0000] {processor.py:179} INFO - Processing /opt/airflow/dags/aeroflux_orchestrator.py took 0.335 seconds
[2026-06-17T10:37:00.742+0000] {processor.py:157} INFO - Started process (PID=236) to work on /opt/airflow/dags/aeroflux_orchestrator.py
[2026-06-17T10:37:00.744+0000] {processor.py:829} INFO - Processing file /opt/airflow/dags/aeroflux_orchestrator.py for tasks to queue
[2026-06-17T10:37:00.746+0000] {logging_mixin.py:151} INFO - [2026-06-17T10:37:00.745+0000] {dagbag.py:539} INFO - Filling up the DagBag from /opt/airflow/dags/aeroflux_orchestrator.py
[2026-06-17T10:37:01.009+0000] {processor.py:839} INFO - DAG(s) dict_keys(['aeroflux_main_pipeline']) retrieved from /opt/airflow/dags/aeroflux_orchestrator.py
[2026-06-17T10:37:01.038+0000] {logging_mixin.py:151} INFO - [2026-06-17T10:37:01.038+0000] {dag.py:2915} INFO - Sync 1 DAGs
[2026-06-17T10:37:01.053+0000] {logging_mixin.py:151} INFO - [2026-06-17T10:37:01.053+0000] {dag.py:3696} INFO - Setting next_dagrun for aeroflux_main_pipeline to 2026-06-17T10:00:00+00:00, run_after=2026-06-17T11:00:00+00:00
[2026-06-17T10:37:01.062+0000] {processor.py:179} INFO - Processing /opt/airflow/dags/aeroflux_orchestrator.py took 0.331 seconds
[2026-06-17T10:37:31.488+0000] {processor.py:157} INFO - Started process (PID=238) to work on /opt/airflow/dags/aeroflux_orchestrator.py
[2026-06-17T10:37:31.491+0000] {processor.py:829} INFO - Processing file /opt/airflow/dags/aeroflux_orchestrator.py for tasks to queue
[2026-06-17T10:37:31.492+0000] {logging_mixin.py:151} INFO - [2026-06-17T10:37:31.491+0000] {dagbag.py:539} INFO - Filling up the DagBag from /opt/airflow/dags/aeroflux_orchestrator.py
[2026-06-17T10:37:31.782+0000] {processor.py:839} INFO - DAG(s) dict_keys(['aeroflux_main_pipeline']) retrieved from /opt/airflow/dags/aeroflux_orchestrator.py
[2026-06-17T10:37:31.810+0000] {logging_mixin.py:151} INFO - [2026-06-17T10:37:31.810+0000] {dag.py:2915} INFO - Sync 1 DAGs
[2026-06-17T10:37:31.824+0000] {logging_mixin.py:151} INFO - [2026-06-17T10:37:31.824+0000] {dag.py:3696} INFO - Setting next_dagrun for aeroflux_main_pipeline to 2026-06-17T10:00:00+00:00, run_after=2026-06-17T11:00:00+00:00
[2026-06-17T10:37:31.833+0000] {processor.py:179} INFO - Processing /opt/airflow/dags/aeroflux_orchestrator.py took 0.360 seconds
[2026-06-17T10:38:02.221+0000] {processor.py:157} INFO - Started process (PID=259) to work on /opt/airflow/dags/aeroflux_orchestrator.py
[2026-06-17T10:38:02.224+0000] {processor.py:829} INFO - Processing file /opt/airflow/dags/aeroflux_orchestrator.py for tasks to queue
[2026-06-17T10:38:02.225+0000] {logging_mixin.py:151} INFO - [2026-06-17T10:38:02.225+0000] {dagbag.py:539} INFO - Filling up the DagBag from /opt/airflow/dags/aeroflux_orchestrator.py
[2026-06-17T10:38:02.496+0000] {processor.py:839} INFO - DAG(s) dict_keys(['aeroflux_main_pipeline']) retrieved from /opt/airflow/dags/aeroflux_orchestrator.py
[2026-06-17T10:38:02.527+0000] {logging_mixin.py:151} INFO - [2026-06-17T10:38:02.527+0000] {dag.py:2915} INFO - Sync 1 DAGs
[2026-06-17T10:38:02.543+0000] {logging_mixin.py:151} INFO - [2026-06-17T10:38:02.543+0000] {dag.py:3696} INFO - Setting next_dagrun for aeroflux_main_pipeline to 2026-06-17T10:00:00+00:00, run_after=2026-06-17T11:00:00+00:00
[2026-06-17T10:38:02.552+0000] {processor.py:179} INFO - Processing /opt/airflow/dags/aeroflux_orchestrator.py took 0.340 seconds
[2026-06-17T10:38:32.913+0000] {processor.py:157} INFO - Started process (PID=261) to work on /opt/airflow/dags/aeroflux_orchestrator.py
[2026-06-17T10:38:32.916+0000] {processor.py:829} INFO - Processing file /opt/airflow/dags/aeroflux_orchestrator.py for tasks to queue
[2026-06-17T10:38:32.918+0000] {logging_mixin.py:151} INFO - [2026-06-17T10:38:32.917+0000] {dagbag.py:539} INFO - Filling up the DagBag from /opt/airflow/dags/aeroflux_orchestrator.py
[2026-06-17T10:38:33.332+0000] {processor.py:839} INFO - DAG(s) dict_keys(['aeroflux_main_pipeline']) retrieved from /opt/airflow/dags/aeroflux_orchestrator.py
[2026-06-17T10:38:33.370+0000] {logging_mixin.py:151} INFO - [2026-06-17T10:38:33.370+0000] {dag.py:2915} INFO - Sync 1 DAGs
[2026-06-17T10:38:33.389+0000] {logging_mixin.py:151} INFO - [2026-06-17T10:38:33.389+0000] {dag.py:3696} INFO - Setting next_dagrun for aeroflux_main_pipeline to 2026-06-17T10:00:00+00:00, run_after=2026-06-17T11:00:00+00:00
[2026-06-17T10:38:33.401+0000] {processor.py:179} INFO - Processing /opt/airflow/dags/aeroflux_orchestrator.py took 0.507 seconds
[2026-06-17T10:39:03.824+0000] {processor.py:157} INFO - Started process (PID=263) to work on /opt/airflow/dags/aeroflux_orchestrator.py
[2026-06-17T10:39:03.826+0000] {processor.py:829} INFO - Processing file /opt/airflow/dags/aeroflux_orchestrator.py for tasks to queue
[2026-06-17T10:39:03.828+0000] {logging_mixin.py:151} INFO - [2026-06-17T10:39:03.827+0000] {dagbag.py:539} INFO - Filling up the DagBag from /opt/airflow/dags/aeroflux_orchestrator.py
[2026-06-17T10:39:04.085+0000] {processor.py:839} INFO - DAG(s) dict_keys(['aeroflux_main_pipeline']) retrieved from /opt/airflow/dags/aeroflux_orchestrator.py
[2026-06-17T10:39:04.112+0000] {logging_mixin.py:151} INFO - [2026-06-17T10:39:04.112+0000] {dag.py:2915} INFO - Sync 1 DAGs
[2026-06-17T10:39:04.126+0000] {logging_mixin.py:151} INFO - [2026-06-17T10:39:04.126+0000] {dag.py:3696} INFO - Setting next_dagrun for aeroflux_main_pipeline to 2026-06-17T10:00:00+00:00, run_after=2026-06-17T11:00:00+00:00
[2026-06-17T10:39:04.135+0000] {processor.py:179} INFO - Processing /opt/airflow/dags/aeroflux_orchestrator.py took 0.320 seconds
[2026-06-17T10:39:34.231+0000] {processor.py:157} INFO - Started process (PID=265) to work on /opt/airflow/dags/aeroflux_orchestrator.py
[2026-06-17T10:39:34.233+0000] {processor.py:829} INFO - Processing file /opt/airflow/dags/aeroflux_orchestrator.py for tasks to queue
[2026-06-17T10:39:34.234+0000] {logging_mixin.py:151} INFO - [2026-06-17T10:39:34.234+0000] {dagbag.py:539} INFO - Filling up the DagBag from /opt/airflow/dags/aeroflux_orchestrator.py
[2026-06-17T10:39:34.498+0000] {processor.py:839} INFO - DAG(s) dict_keys(['aeroflux_main_pipeline']) retrieved from /opt/airflow/dags/aeroflux_orchestrator.py
[2026-06-17T10:39:34.520+0000] {logging_mixin.py:151} INFO - [2026-06-17T10:39:34.520+0000] {dag.py:2915} INFO - Sync 1 DAGs
[2026-06-17T10:39:34.534+0000] {logging_mixin.py:151} INFO - [2026-06-17T10:39:34.534+0000] {dag.py:3696} INFO - Setting next_dagrun for aeroflux_main_pipeline to 2026-06-17T10:00:00+00:00, run_after=2026-06-17T11:00:00+00:00
[2026-06-17T10:39:34.544+0000] {processor.py:179} INFO - Processing /opt/airflow/dags/aeroflux_orchestrator.py took 0.323 seconds
[2026-06-17T10:40:04.891+0000] {processor.py:157} INFO - Started process (PID=267) to work on /opt/airflow/dags/aeroflux_orchestrator.py
[2026-06-17T10:40:04.894+0000] {processor.py:829} INFO - Processing file /opt/airflow/dags/aeroflux_orchestrator.py for tasks to queue
[2026-06-17T10:40:04.896+0000] {logging_mixin.py:151} INFO - [2026-06-17T10:40:04.895+0000] {dagbag.py:539} INFO - Filling up the DagBag from /opt/airflow/dags/aeroflux_orchestrator.py
[2026-06-17T10:40:05.155+0000] {processor.py:839} INFO - DAG(s) dict_keys(['aeroflux_main_pipeline']) retrieved from /opt/airflow/dags/aeroflux_orchestrator.py
[2026-06-17T10:40:05.182+0000] {logging_mixin.py:151} INFO - [2026-06-17T10:40:05.182+0000] {dag.py:2915} INFO - Sync 1 DAGs
[2026-06-17T10:40:05.198+0000] {logging_mixin.py:151} INFO - [2026-06-17T10:40:05.198+0000] {dag.py:3696} INFO - Setting next_dagrun for aeroflux_main_pipeline to 2026-06-17T10:00:00+00:00, run_after=2026-06-17T11:00:00+00:00
[2026-06-17T10:40:05.210+0000] {processor.py:179} INFO - Processing /opt/airflow/dags/aeroflux_orchestrator.py took 0.328 seconds
[2026-06-17T10:40:35.278+0000] {processor.py:157} INFO - Started process (PID=291) to work on /opt/airflow/dags/aeroflux_orchestrator.py
[2026-06-17T10:40:35.290+0000] {processor.py:829} INFO - Processing file /opt/airflow/dags/aeroflux_orchestrator.py for tasks to queue
[2026-06-17T10:40:35.292+0000] {logging_mixin.py:151} INFO - [2026-06-17T10:40:35.291+0000] {dagbag.py:539} INFO - Filling up the DagBag from /opt/airflow/dags/aeroflux_orchestrator.py
[2026-06-17T10:40:35.779+0000] {processor.py:839} INFO - DAG(s) dict_keys(['aeroflux_main_pipeline']) retrieved from /opt/airflow/dags/aeroflux_orchestrator.py
[2026-06-17T10:40:35.824+0000] {logging_mixin.py:151} INFO - [2026-06-17T10:40:35.824+0000] {dag.py:2915} INFO - Sync 1 DAGs
[2026-06-17T10:40:35.843+0000] {logging_mixin.py:151} INFO - [2026-06-17T10:40:35.842+0000] {dag.py:3696} INFO - Setting next_dagrun for aeroflux_main_pipeline to 2026-06-17T10:00:00+00:00, run_after=2026-06-17T11:00:00+00:00
[2026-06-17T10:40:35.855+0000] {processor.py:179} INFO - Processing /opt/airflow/dags/aeroflux_orchestrator.py took 0.582 seconds
[2026-06-17T10:41:06.033+0000] {processor.py:157} INFO - Started process (PID=308) to work on /opt/airflow/dags/aeroflux_orchestrator.py
[2026-06-17T10:41:06.039+0000] {processor.py:829} INFO - Processing file /opt/airflow/dags/aeroflux_orchestrator.py for tasks to queue
[2026-06-17T10:41:06.041+0000] {logging_mixin.py:151} INFO - [2026-06-17T10:41:06.040+0000] {dagbag.py:539} INFO - Filling up the DagBag from /opt/airflow/dags/aeroflux_orchestrator.py
[2026-06-17T10:41:06.353+0000] {processor.py:839} INFO - DAG(s) dict_keys(['aeroflux_main_pipeline']) retrieved from /opt/airflow/dags/aeroflux_orchestrator.py
[2026-06-17T10:41:06.394+0000] {logging_mixin.py:151} INFO - [2026-06-17T10:41:06.394+0000] {dag.py:2915} INFO - Sync 1 DAGs
[2026-06-17T10:41:06.423+0000] {logging_mixin.py:151} INFO - [2026-06-17T10:41:06.423+0000] {dag.py:3696} INFO - Setting next_dagrun for aeroflux_main_pipeline to 2026-06-17T10:00:00+00:00, run_after=2026-06-17T11:00:00+00:00
[2026-06-17T10:41:06.446+0000] {processor.py:179} INFO - Processing /opt/airflow/dags/aeroflux_orchestrator.py took 0.426 seconds
[2026-06-17T10:41:36.553+0000] {processor.py:157} INFO - Started process (PID=310) to work on /opt/airflow/dags/aeroflux_orchestrator.py
[2026-06-17T10:41:36.559+0000] {processor.py:829} INFO - Processing file /opt/airflow/dags/aeroflux_orchestrator.py for tasks to queue
[2026-06-17T10:41:36.560+0000] {logging_mixin.py:151} INFO - [2026-06-17T10:41:36.560+0000] {dagbag.py:539} INFO - Filling up the DagBag from /opt/airflow/dags/aeroflux_orchestrator.py
[2026-06-17T10:41:36.866+0000] {processor.py:839} INFO - DAG(s) dict_keys(['aeroflux_main_pipeline']) retrieved from /opt/airflow/dags/aeroflux_orchestrator.py
[2026-06-17T10:41:36.900+0000] {logging_mixin.py:151} INFO - [2026-06-17T10:41:36.900+0000] {dag.py:2915} INFO - Sync 1 DAGs
[2026-06-17T10:41:36.919+0000] {logging_mixin.py:151} INFO - [2026-06-17T10:41:36.919+0000] {dag.py:3696} INFO - Setting next_dagrun for aeroflux_main_pipeline to 2026-06-17T10:00:00+00:00, run_after=2026-06-17T11:00:00+00:00
[2026-06-17T10:41:36.932+0000] {processor.py:179} INFO - Processing /opt/airflow/dags/aeroflux_orchestrator.py took 0.391 seconds
[2026-06-17T10:42:07.217+0000] {processor.py:157} INFO - Started process (PID=312) to work on /opt/airflow/dags/aeroflux_orchestrator.py
[2026-06-17T10:42:07.222+0000] {processor.py:829} INFO - Processing file /opt/airflow/dags/aeroflux_orchestrator.py for tasks to queue
[2026-06-17T10:42:07.224+0000] {logging_mixin.py:151} INFO - [2026-06-17T10:42:07.223+0000] {dagbag.py:539} INFO - Filling up the DagBag from /opt/airflow/dags/aeroflux_orchestrator.py
[2026-06-17T10:42:07.516+0000] {processor.py:839} INFO - DAG(s) dict_keys(['aeroflux_main_pipeline']) retrieved from /opt/airflow/dags/aeroflux_orchestrator.py
[2026-06-17T10:42:07.552+0000] {logging_mixin.py:151} INFO - [2026-06-17T10:42:07.552+0000] {dag.py:2915} INFO - Sync 1 DAGs
[2026-06-17T10:42:07.576+0000] {logging_mixin.py:151} INFO - [2026-06-17T10:42:07.576+0000] {dag.py:3696} INFO - Setting next_dagrun for aeroflux_main_pipeline to 2026-06-17T10:00:00+00:00, run_after=2026-06-17T11:00:00+00:00
[2026-06-17T10:42:07.590+0000] {processor.py:179} INFO - Processing /opt/airflow/dags/aeroflux_orchestrator.py took 0.387 seconds
[2026-06-17T10:42:37.739+0000] {processor.py:157} INFO - Started process (PID=314) to work on /opt/airflow/dags/aeroflux_orchestrator.py
[2026-06-17T10:42:37.743+0000] {processor.py:829} INFO - Processing file /opt/airflow/dags/aeroflux_orchestrator.py for tasks to queue
[2026-06-17T10:42:37.745+0000] {logging_mixin.py:151} INFO - [2026-06-17T10:42:37.744+0000] {dagbag.py:539} INFO - Filling up the DagBag from /opt/airflow/dags/aeroflux_orchestrator.py
[2026-06-17T10:42:38.007+0000] {processor.py:839} INFO - DAG(s) dict_keys(['aeroflux_main_pipeline']) retrieved from /opt/airflow/dags/aeroflux_orchestrator.py
[2026-06-17T10:42:38.040+0000] {logging_mixin.py:151} INFO - [2026-06-17T10:42:38.040+0000] {dag.py:2915} INFO - Sync 1 DAGs
[2026-06-17T10:42:38.056+0000] {logging_mixin.py:151} INFO - [2026-06-17T10:42:38.056+0000] {dag.py:3696} INFO - Setting next_dagrun for aeroflux_main_pipeline to 2026-06-17T10:00:00+00:00, run_after=2026-06-17T11:00:00+00:00
[2026-06-17T10:42:38.067+0000] {processor.py:179} INFO - Processing /opt/airflow/dags/aeroflux_orchestrator.py took 0.339 seconds
[2026-06-17T10:43:08.369+0000] {processor.py:157} INFO - Started process (PID=316) to work on /opt/airflow/dags/aeroflux_orchestrator.py
[2026-06-17T10:43:08.372+0000] {processor.py:829} INFO - Processing file /opt/airflow/dags/aeroflux_orchestrator.py for tasks to queue
[2026-06-17T10:43:08.374+0000] {logging_mixin.py:151} INFO - [2026-06-17T10:43:08.373+0000] {dagbag.py:539} INFO - Filling up the DagBag from /opt/airflow/dags/aeroflux_orchestrator.py
[2026-06-17T10:43:08.672+0000] {processor.py:839} INFO - DAG(s) dict_keys(['aeroflux_main_pipeline']) retrieved from /opt/airflow/dags/aeroflux_orchestrator.py
[2026-06-17T10:43:08.708+0000] {logging_mixin.py:151} INFO - [2026-06-17T10:43:08.708+0000] {dag.py:2915} INFO - Sync 1 DAGs
[2026-06-17T10:43:08.728+0000] {logging_mixin.py:151} INFO - [2026-06-17T10:43:08.728+0000] {dag.py:3696} INFO - Setting next_dagrun for aeroflux_main_pipeline to 2026-06-17T10:00:00+00:00, run_after=2026-06-17T11:00:00+00:00
[2026-06-17T10:43:08.739+0000] {processor.py:179} INFO - Processing /opt/airflow/dags/aeroflux_orchestrator.py took 0.381 seconds
[2026-06-17T10:43:39.122+0000] {processor.py:157} INFO - Started process (PID=318) to work on /opt/airflow/dags/aeroflux_orchestrator.py
[2026-06-17T10:43:39.130+0000] {processor.py:829} INFO - Processing file /opt/airflow/dags/aeroflux_orchestrator.py for tasks to queue
[2026-06-17T10:43:39.133+0000] {logging_mixin.py:151} INFO - [2026-06-17T10:43:39.132+0000] {dagbag.py:539} INFO - Filling up the DagBag from /opt/airflow/dags/aeroflux_orchestrator.py
[2026-06-17T10:43:39.393+0000] {processor.py:839} INFO - DAG(s) dict_keys(['aeroflux_main_pipeline']) retrieved from /opt/airflow/dags/aeroflux_orchestrator.py
[2026-06-17T10:43:39.425+0000] {logging_mixin.py:151} INFO - [2026-06-17T10:43:39.425+0000] {dag.py:2915} INFO - Sync 1 DAGs
[2026-06-17T10:43:39.443+0000] {logging_mixin.py:151} INFO - [2026-06-17T10:43:39.443+0000] {dag.py:3696} INFO - Setting next_dagrun for aeroflux_main_pipeline to 2026-06-17T10:00:00+00:00, run_after=2026-06-17T11:00:00+00:00
[2026-06-17T10:43:39.454+0000] {processor.py:179} INFO - Processing /opt/airflow/dags/aeroflux_orchestrator.py took 0.342 seconds
[2026-06-17T10:44:09.746+0000] {processor.py:157} INFO - Started process (PID=320) to work on /opt/airflow/dags/aeroflux_orchestrator.py
[2026-06-17T10:44:09.750+0000] {processor.py:829} INFO - Processing file /opt/airflow/dags/aeroflux_orchestrator.py for tasks to queue
[2026-06-17T10:44:09.752+0000] {logging_mixin.py:151} INFO - [2026-06-17T10:44:09.751+0000] {dagbag.py:539} INFO - Filling up the DagBag from /opt/airflow/dags/aeroflux_orchestrator.py
[2026-06-17T10:44:10.114+0000] {processor.py:839} INFO - DAG(s) dict_keys(['aeroflux_main_pipeline']) retrieved from /opt/airflow/dags/aeroflux_orchestrator.py
[2026-06-17T10:44:10.150+0000] {logging_mixin.py:151} INFO - [2026-06-17T10:44:10.150+0000] {dag.py:2915} INFO - Sync 1 DAGs
[2026-06-17T10:44:10.183+0000] {logging_mixin.py:151} INFO - [2026-06-17T10:44:10.183+0000] {dag.py:3696} INFO - Setting next_dagrun for aeroflux_main_pipeline to 2026-06-17T10:00:00+00:00, run_after=2026-06-17T11:00:00+00:00
[2026-06-17T10:44:10.194+0000] {processor.py:179} INFO - Processing /opt/airflow/dags/aeroflux_orchestrator.py took 0.464 seconds
[2026-06-17T10:44:40.658+0000] {processor.py:157} INFO - Started process (PID=322) to work on /opt/airflow/dags/aeroflux_orchestrator.py
[2026-06-17T10:44:40.665+0000] {processor.py:829} INFO - Processing file /opt/airflow/dags/aeroflux_orchestrator.py for tasks to queue
[2026-06-17T10:44:40.667+0000] {logging_mixin.py:151} INFO - [2026-06-17T10:44:40.666+0000] {dagbag.py:539} INFO - Filling up the DagBag from /opt/airflow/dags/aeroflux_orchestrator.py
[2026-06-17T10:44:40.984+0000] {processor.py:839} INFO - DAG(s) dict_keys(['aeroflux_main_pipeline']) retrieved from /opt/airflow/dags/aeroflux_orchestrator.py
[2026-06-17T10:44:41.019+0000] {logging_mixin.py:151} INFO - [2026-06-17T10:44:41.019+0000] {dag.py:2915} INFO - Sync 1 DAGs
[2026-06-17T10:44:41.035+0000] {logging_mixin.py:151} INFO - [2026-06-17T10:44:41.035+0000] {dag.py:3696} INFO - Setting next_dagrun for aeroflux_main_pipeline to 2026-06-17T10:00:00+00:00, run_after=2026-06-17T11:00:00+00:00
[2026-06-17T10:44:41.045+0000] {processor.py:179} INFO - Processing /opt/airflow/dags/aeroflux_orchestrator.py took 0.401 seconds
[2026-06-17T10:45:11.466+0000] {processor.py:157} INFO - Started process (PID=324) to work on /opt/airflow/dags/aeroflux_orchestrator.py
[2026-06-17T10:45:11.469+0000] {processor.py:829} INFO - Processing file /opt/airflow/dags/aeroflux_orchestrator.py for tasks to queue
[2026-06-17T10:45:11.471+0000] {logging_mixin.py:151} INFO - [2026-06-17T10:45:11.470+0000] {dagbag.py:539} INFO - Filling up the DagBag from /opt/airflow/dags/aeroflux_orchestrator.py
[2026-06-17T10:45:11.748+0000] {processor.py:839} INFO - DAG(s) dict_keys(['aeroflux_main_pipeline']) retrieved from /opt/airflow/dags/aeroflux_orchestrator.py
[2026-06-17T10:45:11.780+0000] {logging_mixin.py:151} INFO - [2026-06-17T10:45:11.780+0000] {dag.py:2915} INFO - Sync 1 DAGs
[2026-06-17T10:45:11.795+0000] {logging_mixin.py:151} INFO - [2026-06-17T10:45:11.795+0000] {dag.py:3696} INFO - Setting next_dagrun for aeroflux_main_pipeline to 2026-06-17T10:00:00+00:00, run_after=2026-06-17T11:00:00+00:00
[2026-06-17T10:45:11.804+0000] {processor.py:179} INFO - Processing /opt/airflow/dags/aeroflux_orchestrator.py took 0.354 seconds
[2026-06-17T10:45:41.924+0000] {processor.py:157} INFO - Started process (PID=326) to work on /opt/airflow/dags/aeroflux_orchestrator.py
[2026-06-17T10:45:41.926+0000] {processor.py:829} INFO - Processing file /opt/airflow/dags/aeroflux_orchestrator.py for tasks to queue
[2026-06-17T10:45:41.927+0000] {logging_mixin.py:151} INFO - [2026-06-17T10:45:41.927+0000] {dagbag.py:539} INFO - Filling up the DagBag from /opt/airflow/dags/aeroflux_orchestrator.py
[2026-06-17T10:45:42.206+0000] {processor.py:839} INFO - DAG(s) dict_keys(['aeroflux_main_pipeline']) retrieved from /opt/airflow/dags/aeroflux_orchestrator.py
[2026-06-17T10:45:42.233+0000] {logging_mixin.py:151} INFO - [2026-06-17T10:45:42.233+0000] {dag.py:2915} INFO - Sync 1 DAGs
[2026-06-17T10:45:42.250+0000] {logging_mixin.py:151} INFO - [2026-06-17T10:45:42.250+0000] {dag.py:3696} INFO - Setting next_dagrun for aeroflux_main_pipeline to 2026-06-17T10:00:00+00:00, run_after=2026-06-17T11:00:00+00:00
[2026-06-17T10:45:42.260+0000] {processor.py:179} INFO - Processing /opt/airflow/dags/aeroflux_orchestrator.py took 0.348 seconds
[2026-06-17T10:46:12.561+0000] {processor.py:157} INFO - Started process (PID=351) to work on /opt/airflow/dags/aeroflux_orchestrator.py
[2026-06-17T10:46:12.563+0000] {processor.py:829} INFO - Processing file /opt/airflow/dags/aeroflux_orchestrator.py for tasks to queue
[2026-06-17T10:46:12.564+0000] {logging_mixin.py:151} INFO - [2026-06-17T10:46:12.564+0000] {dagbag.py:539} INFO - Filling up the DagBag from /opt/airflow/dags/aeroflux_orchestrator.py
[2026-06-17T10:46:12.854+0000] {processor.py:839} INFO - DAG(s) dict_keys(['aeroflux_main_pipeline']) retrieved from /opt/airflow/dags/aeroflux_orchestrator.py
[2026-06-17T10:46:12.890+0000] {logging_mixin.py:151} INFO - [2026-06-17T10:46:12.890+0000] {dag.py:2915} INFO - Sync 1 DAGs
[2026-06-17T10:46:12.908+0000] {logging_mixin.py:151} INFO - [2026-06-17T10:46:12.908+0000] {dag.py:3696} INFO - Setting next_dagrun for aeroflux_main_pipeline to 2026-06-17T10:00:00+00:00, run_after=2026-06-17T11:00:00+00:00
[2026-06-17T10:46:12.918+0000] {processor.py:179} INFO - Processing /opt/airflow/dags/aeroflux_orchestrator.py took 0.370 seconds
[2026-06-17T10:46:43.326+0000] {processor.py:157} INFO - Started process (PID=367) to work on /opt/airflow/dags/aeroflux_orchestrator.py
[2026-06-17T10:46:43.331+0000] {processor.py:829} INFO - Processing file /opt/airflow/dags/aeroflux_orchestrator.py for tasks to queue
[2026-06-17T10:46:43.333+0000] {logging_mixin.py:151} INFO - [2026-06-17T10:46:43.332+0000] {dagbag.py:539} INFO - Filling up the DagBag from /opt/airflow/dags/aeroflux_orchestrator.py
[2026-06-17T10:46:43.593+0000] {processor.py:839} INFO - DAG(s) dict_keys(['aeroflux_main_pipeline']) retrieved from /opt/airflow/dags/aeroflux_orchestrator.py
[2026-06-17T10:46:43.622+0000] {logging_mixin.py:151} INFO - [2026-06-17T10:46:43.622+0000] {dag.py:2915} INFO - Sync 1 DAGs
[2026-06-17T10:46:43.644+0000] {logging_mixin.py:151} INFO - [2026-06-17T10:46:43.644+0000] {dag.py:3696} INFO - Setting next_dagrun for aeroflux_main_pipeline to 2026-06-17T10:00:00+00:00, run_after=2026-06-17T11:00:00+00:00
[2026-06-17T10:46:43.655+0000] {processor.py:179} INFO - Processing /opt/airflow/dags/aeroflux_orchestrator.py took 0.339 seconds
[2026-06-17T10:47:14.059+0000] {processor.py:157} INFO - Started process (PID=369) to work on /opt/airflow/dags/aeroflux_orchestrator.py
[2026-06-17T10:47:14.066+0000] {processor.py:829} INFO - Processing file /opt/airflow/dags/aeroflux_orchestrator.py for tasks to queue
[2026-06-17T10:47:14.068+0000] {logging_mixin.py:151} INFO - [2026-06-17T10:47:14.067+0000] {dagbag.py:539} INFO - Filling up the DagBag from /opt/airflow/dags/aeroflux_orchestrator.py
[2026-06-17T10:47:14.350+0000] {processor.py:839} INFO - DAG(s) dict_keys(['aeroflux_main_pipeline']) retrieved from /opt/airflow/dags/aeroflux_orchestrator.py
[2026-06-17T10:47:14.373+0000] {logging_mixin.py:151} INFO - [2026-06-17T10:47:14.373+0000] {dag.py:2915} INFO - Sync 1 DAGs
[2026-06-17T10:47:14.387+0000] {logging_mixin.py:151} INFO - [2026-06-17T10:47:14.387+0000] {dag.py:3696} INFO - Setting next_dagrun for aeroflux_main_pipeline to 2026-06-17T10:00:00+00:00, run_after=2026-06-17T11:00:00+00:00
[2026-06-17T10:47:14.396+0000] {processor.py:179} INFO - Processing /opt/airflow/dags/aeroflux_orchestrator.py took 0.349 seconds
[2026-06-17T10:47:44.753+0000] {processor.py:157} INFO - Started process (PID=371) to work on /opt/airflow/dags/aeroflux_orchestrator.py
[2026-06-17T10:47:44.757+0000] {processor.py:829} INFO - Processing file /opt/airflow/dags/aeroflux_orchestrator.py for tasks to queue
[2026-06-17T10:47:44.759+0000] {logging_mixin.py:151} INFO - [2026-06-17T10:47:44.758+0000] {dagbag.py:539} INFO - Filling up the DagBag from /opt/airflow/dags/aeroflux_orchestrator.py
[2026-06-17T10:47:45.025+0000] {processor.py:839} INFO - DAG(s) dict_keys(['aeroflux_main_pipeline']) retrieved from /opt/airflow/dags/aeroflux_orchestrator.py
[2026-06-17T10:47:45.053+0000] {logging_mixin.py:151} INFO - [2026-06-17T10:47:45.052+0000] {dag.py:2915} INFO - Sync 1 DAGs
[2026-06-17T10:47:45.067+0000] {logging_mixin.py:151} INFO - [2026-06-17T10:47:45.067+0000] {dag.py:3696} INFO - Setting next_dagrun for aeroflux_main_pipeline to 2026-06-17T10:00:00+00:00, run_after=2026-06-17T11:00:00+00:00
[2026-06-17T10:47:45.077+0000] {processor.py:179} INFO - Processing /opt/airflow/dags/aeroflux_orchestrator.py took 0.333 seconds
[2026-06-17T10:48:15.405+0000] {processor.py:157} INFO - Started process (PID=374) to work on /opt/airflow/dags/aeroflux_orchestrator.py
[2026-06-17T10:48:15.408+0000] {processor.py:829} INFO - Processing file /opt/airflow/dags/aeroflux_orchestrator.py for tasks to queue
[2026-06-17T10:48:15.409+0000] {logging_mixin.py:151} INFO - [2026-06-17T10:48:15.409+0000] {dagbag.py:539} INFO - Filling up the DagBag from /opt/airflow/dags/aeroflux_orchestrator.py
[2026-06-17T10:48:15.676+0000] {processor.py:839} INFO - DAG(s) dict_keys(['aeroflux_main_pipeline']) retrieved from /opt/airflow/dags/aeroflux_orchestrator.py
[2026-06-17T10:48:15.709+0000] {logging_mixin.py:151} INFO - [2026-06-17T10:48:15.708+0000] {dag.py:2915} INFO - Sync 1 DAGs
[2026-06-17T10:48:15.730+0000] {logging_mixin.py:151} INFO - [2026-06-17T10:48:15.729+0000] {dag.py:3696} INFO - Setting next_dagrun for aeroflux_main_pipeline to 2026-06-17T10:00:00+00:00, run_after=2026-06-17T11:00:00+00:00
[2026-06-17T10:48:15.739+0000] {processor.py:179} INFO - Processing /opt/airflow/dags/aeroflux_orchestrator.py took 0.339 seconds
[2026-06-17T10:48:46.131+0000] {processor.py:157} INFO - Started process (PID=394) to work on /opt/airflow/dags/aeroflux_orchestrator.py
[2026-06-17T10:48:46.135+0000] {processor.py:829} INFO - Processing file /opt/airflow/dags/aeroflux_orchestrator.py for tasks to queue
[2026-06-17T10:48:46.136+0000] {logging_mixin.py:151} INFO - [2026-06-17T10:48:46.136+0000] {dagbag.py:539} INFO - Filling up the DagBag from /opt/airflow/dags/aeroflux_orchestrator.py
[2026-06-17T10:48:46.395+0000] {processor.py:839} INFO - DAG(s) dict_keys(['aeroflux_main_pipeline']) retrieved from /opt/airflow/dags/aeroflux_orchestrator.py
[2026-06-17T10:48:46.430+0000] {logging_mixin.py:151} INFO - [2026-06-17T10:48:46.430+0000] {dag.py:2915} INFO - Sync 1 DAGs
[2026-06-17T10:48:46.446+0000] {logging_mixin.py:151} INFO - [2026-06-17T10:48:46.446+0000] {dag.py:3696} INFO - Setting next_dagrun for aeroflux_main_pipeline to 2026-06-17T10:00:00+00:00, run_after=2026-06-17T11:00:00+00:00
[2026-06-17T10:48:46.461+0000] {processor.py:179} INFO - Processing /opt/airflow/dags/aeroflux_orchestrator.py took 0.346 seconds
[2026-06-17T10:49:16.899+0000] {processor.py:157} INFO - Started process (PID=396) to work on /opt/airflow/dags/aeroflux_orchestrator.py
[2026-06-17T10:49:16.903+0000] {processor.py:829} INFO - Processing file /opt/airflow/dags/aeroflux_orchestrator.py for tasks to queue
[2026-06-17T10:49:16.907+0000] {logging_mixin.py:151} INFO - [2026-06-17T10:49:16.905+0000] {dagbag.py:539} INFO - Filling up the DagBag from /opt/airflow/dags/aeroflux_orchestrator.py
[2026-06-17T10:49:17.187+0000] {processor.py:839} INFO - DAG(s) dict_keys(['aeroflux_main_pipeline']) retrieved from /opt/airflow/dags/aeroflux_orchestrator.py
[2026-06-17T10:49:17.211+0000] {logging_mixin.py:151} INFO - [2026-06-17T10:49:17.211+0000] {dag.py:2915} INFO - Sync 1 DAGs
[2026-06-17T10:49:17.226+0000] {logging_mixin.py:151} INFO - [2026-06-17T10:49:17.226+0000] {dag.py:3696} INFO - Setting next_dagrun for aeroflux_main_pipeline to 2026-06-17T10:00:00+00:00, run_after=2026-06-17T11:00:00+00:00
[2026-06-17T10:49:17.235+0000] {processor.py:179} INFO - Processing /opt/airflow/dags/aeroflux_orchestrator.py took 0.348 seconds
[2026-06-17T10:49:47.615+0000] {processor.py:157} INFO - Started process (PID=435) to work on /opt/airflow/dags/aeroflux_orchestrator.py
[2026-06-17T10:49:47.619+0000] {processor.py:829} INFO - Processing file /opt/airflow/dags/aeroflux_orchestrator.py for tasks to queue
[2026-06-17T10:49:47.620+0000] {logging_mixin.py:151} INFO - [2026-06-17T10:49:47.620+0000] {dagbag.py:539} INFO - Filling up the DagBag from /opt/airflow/dags/aeroflux_orchestrator.py
[2026-06-17T10:49:47.876+0000] {processor.py:839} INFO - DAG(s) dict_keys(['aeroflux_main_pipeline']) retrieved from /opt/airflow/dags/aeroflux_orchestrator.py
[2026-06-17T10:49:47.911+0000] {logging_mixin.py:151} INFO - [2026-06-17T10:49:47.911+0000] {dag.py:2915} INFO - Sync 1 DAGs
[2026-06-17T10:49:47.927+0000] {logging_mixin.py:151} INFO - [2026-06-17T10:49:47.926+0000] {dag.py:3696} INFO - Setting next_dagrun for aeroflux_main_pipeline to 2026-06-17T10:00:00+00:00, run_after=2026-06-17T11:00:00+00:00
[2026-06-17T10:49:47.937+0000] {processor.py:179} INFO - Processing /opt/airflow/dags/aeroflux_orchestrator.py took 0.331 seconds
[2026-06-17T10:50:18.378+0000] {processor.py:157} INFO - Started process (PID=437) to work on /opt/airflow/dags/aeroflux_orchestrator.py
[2026-06-17T10:50:18.383+0000] {processor.py:829} INFO - Processing file /opt/airflow/dags/aeroflux_orchestrator.py for tasks to queue
[2026-06-17T10:50:18.384+0000] {logging_mixin.py:151} INFO - [2026-06-17T10:50:18.383+0000] {dagbag.py:539} INFO - Filling up the DagBag from /opt/airflow/dags/aeroflux_orchestrator.py
[2026-06-17T10:50:18.657+0000] {processor.py:839} INFO - DAG(s) dict_keys(['aeroflux_main_pipeline']) retrieved from /opt/airflow/dags/aeroflux_orchestrator.py
[2026-06-17T10:50:18.685+0000] {logging_mixin.py:151} INFO - [2026-06-17T10:50:18.685+0000] {dag.py:2915} INFO - Sync 1 DAGs
[2026-06-17T10:50:18.703+0000] {logging_mixin.py:151} INFO - [2026-06-17T10:50:18.703+0000] {dag.py:3696} INFO - Setting next_dagrun for aeroflux_main_pipeline to 2026-06-17T10:00:00+00:00, run_after=2026-06-17T11:00:00+00:00
[2026-06-17T10:50:18.712+0000] {processor.py:179} INFO - Processing /opt/airflow/dags/aeroflux_orchestrator.py took 0.347 seconds
[2026-06-17T10:50:48.827+0000] {processor.py:157} INFO - Started process (PID=439) to work on /opt/airflow/dags/aeroflux_orchestrator.py
[2026-06-17T10:50:48.831+0000] {processor.py:829} INFO - Processing file /opt/airflow/dags/aeroflux_orchestrator.py for tasks to queue
[2026-06-17T10:50:48.832+0000] {logging_mixin.py:151} INFO - [2026-06-17T10:50:48.831+0000] {dagbag.py:539} INFO - Filling up the DagBag from /opt/airflow/dags/aeroflux_orchestrator.py
[2026-06-17T10:50:49.112+0000] {processor.py:839} INFO - DAG(s) dict_keys(['aeroflux_main_pipeline']) retrieved from /opt/airflow/dags/aeroflux_orchestrator.py
[2026-06-17T10:50:49.139+0000] {logging_mixin.py:151} INFO - [2026-06-17T10:50:49.139+0000] {dag.py:2915} INFO - Sync 1 DAGs
[2026-06-17T10:50:49.153+0000] {logging_mixin.py:151} INFO - [2026-06-17T10:50:49.153+0000] {dag.py:3696} INFO - Setting next_dagrun for aeroflux_main_pipeline to 2026-06-17T10:00:00+00:00, run_after=2026-06-17T11:00:00+00:00
[2026-06-17T10:50:49.162+0000] {processor.py:179} INFO - Processing /opt/airflow/dags/aeroflux_orchestrator.py took 0.350 seconds
[2026-06-17T10:51:19.365+0000] {processor.py:157} INFO - Started process (PID=441) to work on /opt/airflow/dags/aeroflux_orchestrator.py
[2026-06-17T10:51:19.374+0000] {processor.py:829} INFO - Processing file /opt/airflow/dags/aeroflux_orchestrator.py for tasks to queue
[2026-06-17T10:51:19.376+0000] {logging_mixin.py:151} INFO - [2026-06-17T10:51:19.375+0000] {dagbag.py:539} INFO - Filling up the DagBag from /opt/airflow/dags/aeroflux_orchestrator.py
[2026-06-17T10:51:19.652+0000] {processor.py:839} INFO - DAG(s) dict_keys(['aeroflux_main_pipeline']) retrieved from /opt/airflow/dags/aeroflux_orchestrator.py
[2026-06-17T10:51:19.702+0000] {logging_mixin.py:151} INFO - [2026-06-17T10:51:19.702+0000] {dag.py:2915} INFO - Sync 1 DAGs
[2026-06-17T10:51:19.724+0000] {logging_mixin.py:151} INFO - [2026-06-17T10:51:19.724+0000] {dag.py:3696} INFO - Setting next_dagrun for aeroflux_main_pipeline to 2026-06-17T10:00:00+00:00, run_after=2026-06-17T11:00:00+00:00
[2026-06-17T10:51:19.733+0000] {processor.py:179} INFO - Processing /opt/airflow/dags/aeroflux_orchestrator.py took 0.381 seconds
[2026-06-17T10:51:49.902+0000] {processor.py:157} INFO - Started process (PID=443) to work on /opt/airflow/dags/aeroflux_orchestrator.py
[2026-06-17T10:51:49.905+0000] {processor.py:829} INFO - Processing file /opt/airflow/dags/aeroflux_orchestrator.py for tasks to queue
[2026-06-17T10:51:49.906+0000] {logging_mixin.py:151} INFO - [2026-06-17T10:51:49.906+0000] {dagbag.py:539} INFO - Filling up the DagBag from /opt/airflow/dags/aeroflux_orchestrator.py
[2026-06-17T10:51:50.169+0000] {processor.py:839} INFO - DAG(s) dict_keys(['aeroflux_main_pipeline']) retrieved from /opt/airflow/dags/aeroflux_orchestrator.py
[2026-06-17T10:51:50.203+0000] {logging_mixin.py:151} INFO - [2026-06-17T10:51:50.203+0000] {dag.py:2915} INFO - Sync 1 DAGs
[2026-06-17T10:51:50.217+0000] {logging_mixin.py:151} INFO - [2026-06-17T10:51:50.217+0000] {dag.py:3696} INFO - Setting next_dagrun for aeroflux_main_pipeline to 2026-06-17T10:00:00+00:00, run_after=2026-06-17T11:00:00+00:00
[2026-06-17T10:51:50.226+0000] {processor.py:179} INFO - Processing /opt/airflow/dags/aeroflux_orchestrator.py took 0.340 seconds
[2026-06-17T10:52:20.484+0000] {processor.py:157} INFO - Started process (PID=445) to work on /opt/airflow/dags/aeroflux_orchestrator.py
[2026-06-17T10:52:20.488+0000] {processor.py:829} INFO - Processing file /opt/airflow/dags/aeroflux_orchestrator.py for tasks to queue
[2026-06-17T10:52:20.489+0000] {logging_mixin.py:151} INFO - [2026-06-17T10:52:20.489+0000] {dagbag.py:539} INFO - Filling up the DagBag from /opt/airflow/dags/aeroflux_orchestrator.py
[2026-06-17T10:52:20.766+0000] {processor.py:839} INFO - DAG(s) dict_keys(['aeroflux_main_pipeline']) retrieved from /opt/airflow/dags/aeroflux_orchestrator.py
[2026-06-17T10:52:20.798+0000] {logging_mixin.py:151} INFO - [2026-06-17T10:52:20.798+0000] {dag.py:2915} INFO - Sync 1 DAGs
[2026-06-17T10:52:20.818+0000] {logging_mixin.py:151} INFO - [2026-06-17T10:52:20.818+0000] {dag.py:3696} INFO - Setting next_dagrun for aeroflux_main_pipeline to 2026-06-17T10:00:00+00:00, run_after=2026-06-17T11:00:00+00:00
[2026-06-17T10:52:20.827+0000] {processor.py:179} INFO - Processing /opt/airflow/dags/aeroflux_orchestrator.py took 0.352 seconds
[2026-06-17T10:52:50.961+0000] {processor.py:157} INFO - Started process (PID=447) to work on /opt/airflow/dags/aeroflux_orchestrator.py
[2026-06-17T10:52:50.971+0000] {processor.py:829} INFO - Processing file /opt/airflow/dags/aeroflux_orchestrator.py for tasks to queue
[2026-06-17T10:52:50.972+0000] {logging_mixin.py:151} INFO - [2026-06-17T10:52:50.972+0000] {dagbag.py:539} INFO - Filling up the DagBag from /opt/airflow/dags/aeroflux_orchestrator.py
[2026-06-17T10:52:51.238+0000] {processor.py:839} INFO - DAG(s) dict_keys(['aeroflux_main_pipeline']) retrieved from /opt/airflow/dags/aeroflux_orchestrator.py
[2026-06-17T10:52:51.263+0000] {logging_mixin.py:151} INFO - [2026-06-17T10:52:51.263+0000] {dag.py:2915} INFO - Sync 1 DAGs
[2026-06-17T10:52:51.277+0000] {logging_mixin.py:151} INFO - [2026-06-17T10:52:51.277+0000] {dag.py:3696} INFO - Setting next_dagrun for aeroflux_main_pipeline to 2026-06-17T10:00:00+00:00, run_after=2026-06-17T11:00:00+00:00
[2026-06-17T10:52:51.287+0000] {processor.py:179} INFO - Processing /opt/airflow/dags/aeroflux_orchestrator.py took 0.339 seconds
[2026-06-17T10:53:21.555+0000] {processor.py:157} INFO - Started process (PID=449) to work on /opt/airflow/dags/aeroflux_orchestrator.py
[2026-06-17T10:53:21.557+0000] {processor.py:829} INFO - Processing file /opt/airflow/dags/aeroflux_orchestrator.py for tasks to queue
[2026-06-17T10:53:21.559+0000] {logging_mixin.py:151} INFO - [2026-06-17T10:53:21.558+0000] {dagbag.py:539} INFO - Filling up the DagBag from /opt/airflow/dags/aeroflux_orchestrator.py
[2026-06-17T10:53:21.837+0000] {processor.py:839} INFO - DAG(s) dict_keys(['aeroflux_main_pipeline']) retrieved from /opt/airflow/dags/aeroflux_orchestrator.py
[2026-06-17T10:53:21.859+0000] {logging_mixin.py:151} INFO - [2026-06-17T10:53:21.859+0000] {dag.py:2915} INFO - Sync 1 DAGs
[2026-06-17T10:53:21.873+0000] {logging_mixin.py:151} INFO - [2026-06-17T10:53:21.873+0000] {dag.py:3696} INFO - Setting next_dagrun for aeroflux_main_pipeline to 2026-06-17T10:00:00+00:00, run_after=2026-06-17T11:00:00+00:00
[2026-06-17T10:53:21.883+0000] {processor.py:179} INFO - Processing /opt/airflow/dags/aeroflux_orchestrator.py took 0.339 seconds
[2026-06-17T10:53:52.307+0000] {processor.py:157} INFO - Started process (PID=451) to work on /opt/airflow/dags/aeroflux_orchestrator.py
[2026-06-17T10:53:52.311+0000] {processor.py:829} INFO - Processing file /opt/airflow/dags/aeroflux_orchestrator.py for tasks to queue
[2026-06-17T10:53:52.313+0000] {logging_mixin.py:151} INFO - [2026-06-17T10:53:52.312+0000] {dagbag.py:539} INFO - Filling up the DagBag from /opt/airflow/dags/aeroflux_orchestrator.py
[2026-06-17T10:53:52.584+0000] {processor.py:839} INFO - DAG(s) dict_keys(['aeroflux_main_pipeline']) retrieved from /opt/airflow/dags/aeroflux_orchestrator.py
[2026-06-17T10:53:52.614+0000] {logging_mixin.py:151} INFO - [2026-06-17T10:53:52.613+0000] {dag.py:2915} INFO - Sync 1 DAGs
[2026-06-17T10:53:52.629+0000] {logging_mixin.py:151} INFO - [2026-06-17T10:53:52.628+0000] {dag.py:3696} INFO - Setting next_dagrun for aeroflux_main_pipeline to 2026-06-17T10:00:00+00:00, run_after=2026-06-17T11:00:00+00:00
[2026-06-17T10:53:52.637+0000] {processor.py:179} INFO - Processing /opt/airflow/dags/aeroflux_orchestrator.py took 0.346 seconds
[2026-06-17T10:54:23.112+0000] {processor.py:157} INFO - Started process (PID=453) to work on /opt/airflow/dags/aeroflux_orchestrator.py
[2026-06-17T10:54:23.117+0000] {processor.py:829} INFO - Processing file /opt/airflow/dags/aeroflux_orchestrator.py for tasks to queue
[2026-06-17T10:54:23.119+0000] {logging_mixin.py:151} INFO - [2026-06-17T10:54:23.118+0000] {dagbag.py:539} INFO - Filling up the DagBag from /opt/airflow/dags/aeroflux_orchestrator.py
[2026-06-17T10:54:23.383+0000] {processor.py:839} INFO - DAG(s) dict_keys(['aeroflux_main_pipeline']) retrieved from /opt/airflow/dags/aeroflux_orchestrator.py
[2026-06-17T10:54:23.408+0000] {logging_mixin.py:151} INFO - [2026-06-17T10:54:23.408+0000] {dag.py:2915} INFO - Sync 1 DAGs
[2026-06-17T10:54:23.429+0000] {logging_mixin.py:151} INFO - [2026-06-17T10:54:23.428+0000] {dag.py:3696} INFO - Setting next_dagrun for aeroflux_main_pipeline to 2026-06-17T10:00:00+00:00, run_after=2026-06-17T11:00:00+00:00
[2026-06-17T10:54:23.438+0000] {processor.py:179} INFO - Processing /opt/airflow/dags/aeroflux_orchestrator.py took 0.348 seconds
[2026-06-17T10:54:53.825+0000] {processor.py:157} INFO - Started process (PID=455) to work on /opt/airflow/dags/aeroflux_orchestrator.py
[2026-06-17T10:54:53.828+0000] {processor.py:829} INFO - Processing file /opt/airflow/dags/aeroflux_orchestrator.py for tasks to queue
[2026-06-17T10:54:53.830+0000] {logging_mixin.py:151} INFO - [2026-06-17T10:54:53.829+0000] {dagbag.py:539} INFO - Filling up the DagBag from /opt/airflow/dags/aeroflux_orchestrator.py
[2026-06-17T10:54:54.124+0000] {processor.py:839} INFO - DAG(s) dict_keys(['aeroflux_main_pipeline']) retrieved from /opt/airflow/dags/aeroflux_orchestrator.py
[2026-06-17T10:54:54.164+0000] {logging_mixin.py:151} INFO - [2026-06-17T10:54:54.164+0000] {dag.py:2915} INFO - Sync 1 DAGs
[2026-06-17T10:54:54.180+0000] {logging_mixin.py:151} INFO - [2026-06-17T10:54:54.180+0000] {dag.py:3696} INFO - Setting next_dagrun for aeroflux_main_pipeline to 2026-06-17T10:00:00+00:00, run_after=2026-06-17T11:00:00+00:00
[2026-06-17T10:54:54.191+0000] {processor.py:179} INFO - Processing /opt/airflow/dags/aeroflux_orchestrator.py took 0.373 seconds
[2026-06-17T10:55:24.640+0000] {processor.py:157} INFO - Started process (PID=457) to work on /opt/airflow/dags/aeroflux_orchestrator.py
[2026-06-17T10:55:24.642+0000] {processor.py:829} INFO - Processing file /opt/airflow/dags/aeroflux_orchestrator.py for tasks to queue
[2026-06-17T10:55:24.643+0000] {logging_mixin.py:151} INFO - [2026-06-17T10:55:24.643+0000] {dagbag.py:539} INFO - Filling up the DagBag from /opt/airflow/dags/aeroflux_orchestrator.py
[2026-06-17T10:55:24.921+0000] {processor.py:839} INFO - DAG(s) dict_keys(['aeroflux_main_pipeline']) retrieved from /opt/airflow/dags/aeroflux_orchestrator.py
[2026-06-17T10:55:24.951+0000] {logging_mixin.py:151} INFO - [2026-06-17T10:55:24.951+0000] {dag.py:2915} INFO - Sync 1 DAGs
[2026-06-17T10:55:24.967+0000] {logging_mixin.py:151} INFO - [2026-06-17T10:55:24.967+0000] {dag.py:3696} INFO - Setting next_dagrun for aeroflux_main_pipeline to 2026-06-17T10:00:00+00:00, run_after=2026-06-17T11:00:00+00:00
[2026-06-17T10:55:24.977+0000] {processor.py:179} INFO - Processing /opt/airflow/dags/aeroflux_orchestrator.py took 0.346 seconds
[2026-06-17T10:55:55.082+0000] {processor.py:157} INFO - Started process (PID=459) to work on /opt/airflow/dags/aeroflux_orchestrator.py
[2026-06-17T10:55:55.085+0000] {processor.py:829} INFO - Processing file /opt/airflow/dags/aeroflux_orchestrator.py for tasks to queue
[2026-06-17T10:55:55.089+0000] {logging_mixin.py:151} INFO - [2026-06-17T10:55:55.088+0000] {dagbag.py:539} INFO - Filling up the DagBag from /opt/airflow/dags/aeroflux_orchestrator.py
[2026-06-17T10:55:55.365+0000] {processor.py:839} INFO - DAG(s) dict_keys(['aeroflux_main_pipeline']) retrieved from /opt/airflow/dags/aeroflux_orchestrator.py
[2026-06-17T10:55:55.393+0000] {logging_mixin.py:151} INFO - [2026-06-17T10:55:55.393+0000] {dag.py:2915} INFO - Sync 1 DAGs
[2026-06-17T10:55:55.415+0000] {logging_mixin.py:151} INFO - [2026-06-17T10:55:55.415+0000] {dag.py:3696} INFO - Setting next_dagrun for aeroflux_main_pipeline to 2026-06-17T10:00:00+00:00, run_after=2026-06-17T11:00:00+00:00
[2026-06-17T10:55:55.428+0000] {processor.py:179} INFO - Processing /opt/airflow/dags/aeroflux_orchestrator.py took 0.357 seconds
[2026-06-17T10:56:25.869+0000] {processor.py:157} INFO - Started process (PID=461) to work on /opt/airflow/dags/aeroflux_orchestrator.py
[2026-06-17T10:56:25.875+0000] {processor.py:829} INFO - Processing file /opt/airflow/dags/aeroflux_orchestrator.py for tasks to queue
[2026-06-17T10:56:25.878+0000] {logging_mixin.py:151} INFO - [2026-06-17T10:56:25.876+0000] {dagbag.py:539} INFO - Filling up the DagBag from /opt/airflow/dags/aeroflux_orchestrator.py
[2026-06-17T10:56:26.147+0000] {processor.py:839} INFO - DAG(s) dict_keys(['aeroflux_main_pipeline']) retrieved from /opt/airflow/dags/aeroflux_orchestrator.py
[2026-06-17T10:56:26.174+0000] {logging_mixin.py:151} INFO - [2026-06-17T10:56:26.173+0000] {dag.py:2915} INFO - Sync 1 DAGs
[2026-06-17T10:56:26.193+0000] {logging_mixin.py:151} INFO - [2026-06-17T10:56:26.192+0000] {dag.py:3696} INFO - Setting next_dagrun for aeroflux_main_pipeline to 2026-06-17T10:00:00+00:00, run_after=2026-06-17T11:00:00+00:00
[2026-06-17T10:56:26.201+0000] {processor.py:179} INFO - Processing /opt/airflow/dags/aeroflux_orchestrator.py took 0.340 seconds
[2026-06-17T10:56:56.420+0000] {processor.py:157} INFO - Started process (PID=463) to work on /opt/airflow/dags/aeroflux_orchestrator.py
[2026-06-17T10:56:56.423+0000] {processor.py:829} INFO - Processing file /opt/airflow/dags/aeroflux_orchestrator.py for tasks to queue
[2026-06-17T10:56:56.424+0000] {logging_mixin.py:151} INFO - [2026-06-17T10:56:56.424+0000] {dagbag.py:539} INFO - Filling up the DagBag from /opt/airflow/dags/aeroflux_orchestrator.py
[2026-06-17T10:56:56.753+0000] {processor.py:839} INFO - DAG(s) dict_keys(['aeroflux_main_pipeline']) retrieved from /opt/airflow/dags/aeroflux_orchestrator.py
[2026-06-17T10:56:56.788+0000] {logging_mixin.py:151} INFO - [2026-06-17T10:56:56.788+0000] {dag.py:2915} INFO - Sync 1 DAGs
[2026-06-17T10:56:56.809+0000] {logging_mixin.py:151} INFO - [2026-06-17T10:56:56.809+0000] {dag.py:3696} INFO - Setting next_dagrun for aeroflux_main_pipeline to 2026-06-17T10:00:00+00:00, run_after=2026-06-17T11:00:00+00:00
[2026-06-17T10:56:56.820+0000] {processor.py:179} INFO - Processing /opt/airflow/dags/aeroflux_orchestrator.py took 0.417 seconds
[2026-06-17T10:57:27.024+0000] {processor.py:157} INFO - Started process (PID=465) to work on /opt/airflow/dags/aeroflux_orchestrator.py
[2026-06-17T10:57:27.027+0000] {processor.py:829} INFO - Processing file /opt/airflow/dags/aeroflux_orchestrator.py for tasks to queue
[2026-06-17T10:57:27.029+0000] {logging_mixin.py:151} INFO - [2026-06-17T10:57:27.028+0000] {dagbag.py:539} INFO - Filling up the DagBag from /opt/airflow/dags/aeroflux_orchestrator.py
[2026-06-17T10:57:27.317+0000] {processor.py:839} INFO - DAG(s) dict_keys(['aeroflux_main_pipeline']) retrieved from /opt/airflow/dags/aeroflux_orchestrator.py
[2026-06-17T10:57:27.357+0000] {logging_mixin.py:151} INFO - [2026-06-17T10:57:27.356+0000] {dag.py:2915} INFO - Sync 1 DAGs
[2026-06-17T10:57:27.377+0000] {logging_mixin.py:151} INFO - [2026-06-17T10:57:27.376+0000] {dag.py:3696} INFO - Setting next_dagrun for aeroflux_main_pipeline to 2026-06-17T10:00:00+00:00, run_after=2026-06-17T11:00:00+00:00
[2026-06-17T10:57:27.389+0000] {processor.py:179} INFO - Processing /opt/airflow/dags/aeroflux_orchestrator.py took 0.374 seconds
[2026-06-17T10:57:57.530+0000] {processor.py:157} INFO - Started process (PID=467) to work on /opt/airflow/dags/aeroflux_orchestrator.py
[2026-06-17T10:57:57.532+0000] {processor.py:829} INFO - Processing file /opt/airflow/dags/aeroflux_orchestrator.py for tasks to queue
[2026-06-17T10:57:57.533+0000] {logging_mixin.py:151} INFO - [2026-06-17T10:57:57.533+0000] {dagbag.py:539} INFO - Filling up the DagBag from /opt/airflow/dags/aeroflux_orchestrator.py
[2026-06-17T10:57:57.814+0000] {processor.py:839} INFO - DAG(s) dict_keys(['aeroflux_main_pipeline']) retrieved from /opt/airflow/dags/aeroflux_orchestrator.py
[2026-06-17T10:57:57.846+0000] {logging_mixin.py:151} INFO - [2026-06-17T10:57:57.845+0000] {dag.py:2915} INFO - Sync 1 DAGs
[2026-06-17T10:57:57.859+0000] {logging_mixin.py:151} INFO - [2026-06-17T10:57:57.859+0000] {dag.py:3696} INFO - Setting next_dagrun for aeroflux_main_pipeline to 2026-06-17T10:00:00+00:00, run_after=2026-06-17T11:00:00+00:00
[2026-06-17T10:57:57.867+0000] {processor.py:179} INFO - Processing /opt/airflow/dags/aeroflux_orchestrator.py took 0.353 seconds
[2026-06-17T10:58:28.202+0000] {processor.py:157} INFO - Started process (PID=469) to work on /opt/airflow/dags/aeroflux_orchestrator.py
[2026-06-17T10:58:28.204+0000] {processor.py:829} INFO - Processing file /opt/airflow/dags/aeroflux_orchestrator.py for tasks to queue
[2026-06-17T10:58:28.207+0000] {logging_mixin.py:151} INFO - [2026-06-17T10:58:28.206+0000] {dagbag.py:539} INFO - Filling up the DagBag from /opt/airflow/dags/aeroflux_orchestrator.py
[2026-06-17T10:58:28.453+0000] {processor.py:839} INFO - DAG(s) dict_keys(['aeroflux_main_pipeline']) retrieved from /opt/airflow/dags/aeroflux_orchestrator.py
[2026-06-17T10:58:28.483+0000] {logging_mixin.py:151} INFO - [2026-06-17T10:58:28.483+0000] {dag.py:2915} INFO - Sync 1 DAGs
[2026-06-17T10:58:28.497+0000] {logging_mixin.py:151} INFO - [2026-06-17T10:58:28.496+0000] {dag.py:3696} INFO - Setting next_dagrun for aeroflux_main_pipeline to 2026-06-17T10:00:00+00:00, run_after=2026-06-17T11:00:00+00:00
[2026-06-17T10:58:28.506+0000] {processor.py:179} INFO - Processing /opt/airflow/dags/aeroflux_orchestrator.py took 0.317 seconds
[2026-06-17T10:58:58.623+0000] {processor.py:157} INFO - Started process (PID=471) to work on /opt/airflow/dags/aeroflux_orchestrator.py
[2026-06-17T10:58:58.626+0000] {processor.py:829} INFO - Processing file /opt/airflow/dags/aeroflux_orchestrator.py for tasks to queue
[2026-06-17T10:58:58.627+0000] {logging_mixin.py:151} INFO - [2026-06-17T10:58:58.626+0000] {dagbag.py:539} INFO - Filling up the DagBag from /opt/airflow/dags/aeroflux_orchestrator.py
[2026-06-17T10:58:58.984+0000] {processor.py:839} INFO - DAG(s) dict_keys(['aeroflux_main_pipeline']) retrieved from /opt/airflow/dags/aeroflux_orchestrator.py
[2026-06-17T10:58:59.017+0000] {logging_mixin.py:151} INFO - [2026-06-17T10:58:59.017+0000] {dag.py:2915} INFO - Sync 1 DAGs
[2026-06-17T10:58:59.036+0000] {logging_mixin.py:151} INFO - [2026-06-17T10:58:59.036+0000] {dag.py:3696} INFO - Setting next_dagrun for aeroflux_main_pipeline to 2026-06-17T10:00:00+00:00, run_after=2026-06-17T11:00:00+00:00
[2026-06-17T10:58:59.047+0000] {processor.py:179} INFO - Processing /opt/airflow/dags/aeroflux_orchestrator.py took 0.435 seconds
[2026-06-17T10:59:29.307+0000] {processor.py:157} INFO - Started process (PID=473) to work on /opt/airflow/dags/aeroflux_orchestrator.py
[2026-06-17T10:59:29.309+0000] {processor.py:829} INFO - Processing file /opt/airflow/dags/aeroflux_orchestrator.py for tasks to queue
[2026-06-17T10:59:29.310+0000] {logging_mixin.py:151} INFO - [2026-06-17T10:59:29.310+0000] {dagbag.py:539} INFO - Filling up the DagBag from /opt/airflow/dags/aeroflux_orchestrator.py
[2026-06-17T10:59:29.587+0000] {processor.py:839} INFO - DAG(s) dict_keys(['aeroflux_main_pipeline']) retrieved from /opt/airflow/dags/aeroflux_orchestrator.py
[2026-06-17T10:59:29.618+0000] {logging_mixin.py:151} INFO - [2026-06-17T10:59:29.618+0000] {dag.py:2915} INFO - Sync 1 DAGs
[2026-06-17T10:59:29.633+0000] {logging_mixin.py:151} INFO - [2026-06-17T10:59:29.633+0000] {dag.py:3696} INFO - Setting next_dagrun for aeroflux_main_pipeline to 2026-06-17T10:00:00+00:00, run_after=2026-06-17T11:00:00+00:00
[2026-06-17T10:59:29.644+0000] {processor.py:179} INFO - Processing /opt/airflow/dags/aeroflux_orchestrator.py took 0.347 seconds
[2026-06-17T10:59:59.826+0000] {processor.py:157} INFO - Started process (PID=475) to work on /opt/airflow/dags/aeroflux_orchestrator.py
[2026-06-17T10:59:59.828+0000] {processor.py:829} INFO - Processing file /opt/airflow/dags/aeroflux_orchestrator.py for tasks to queue
[2026-06-17T10:59:59.829+0000] {logging_mixin.py:151} INFO - [2026-06-17T10:59:59.829+0000] {dagbag.py:539} INFO - Filling up the DagBag from /opt/airflow/dags/aeroflux_orchestrator.py
[2026-06-17T11:00:00.096+0000] {processor.py:839} INFO - DAG(s) dict_keys(['aeroflux_main_pipeline']) retrieved from /opt/airflow/dags/aeroflux_orchestrator.py
[2026-06-17T11:00:00.122+0000] {logging_mixin.py:151} INFO - [2026-06-17T11:00:00.121+0000] {dag.py:2915} INFO - Sync 1 DAGs
[2026-06-17T11:00:00.135+0000] {logging_mixin.py:151} INFO - [2026-06-17T11:00:00.135+0000] {dag.py:3696} INFO - Setting next_dagrun for aeroflux_main_pipeline to 2026-06-17T10:00:00+00:00, run_after=2026-06-17T11:00:00+00:00
[2026-06-17T11:00:00.144+0000] {processor.py:179} INFO - Processing /opt/airflow/dags/aeroflux_orchestrator.py took 0.327 seconds
[2026-06-17T11:00:30.360+0000] {processor.py:157} INFO - Started process (PID=506) to work on /opt/airflow/dags/aeroflux_orchestrator.py
[2026-06-17T11:00:30.364+0000] {processor.py:829} INFO - Processing file /opt/airflow/dags/aeroflux_orchestrator.py for tasks to queue
[2026-06-17T11:00:30.366+0000] {logging_mixin.py:151} INFO - [2026-06-17T11:00:30.365+0000] {dagbag.py:539} INFO - Filling up the DagBag from /opt/airflow/dags/aeroflux_orchestrator.py
[2026-06-17T11:00:30.639+0000] {processor.py:839} INFO - DAG(s) dict_keys(['aeroflux_main_pipeline']) retrieved from /opt/airflow/dags/aeroflux_orchestrator.py
[2026-06-17T11:00:30.676+0000] {logging_mixin.py:151} INFO - [2026-06-17T11:00:30.676+0000] {dag.py:2915} INFO - Sync 1 DAGs
[2026-06-17T11:00:30.690+0000] {logging_mixin.py:151} INFO - [2026-06-17T11:00:30.690+0000] {dag.py:3696} INFO - Setting next_dagrun for aeroflux_main_pipeline to 2026-06-17T11:00:00+00:00, run_after=2026-06-17T12:00:00+00:00
[2026-06-17T11:00:30.700+0000] {processor.py:179} INFO - Processing /opt/airflow/dags/aeroflux_orchestrator.py took 0.349 seconds
[2026-06-17T11:01:00.795+0000] {processor.py:157} INFO - Started process (PID=508) to work on /opt/airflow/dags/aeroflux_orchestrator.py
[2026-06-17T11:01:00.803+0000] {processor.py:829} INFO - Processing file /opt/airflow/dags/aeroflux_orchestrator.py for tasks to queue
[2026-06-17T11:01:00.804+0000] {logging_mixin.py:151} INFO - [2026-06-17T11:01:00.804+0000] {dagbag.py:539} INFO - Filling up the DagBag from /opt/airflow/dags/aeroflux_orchestrator.py
[2026-06-17T11:01:01.065+0000] {processor.py:839} INFO - DAG(s) dict_keys(['aeroflux_main_pipeline']) retrieved from /opt/airflow/dags/aeroflux_orchestrator.py
[2026-06-17T11:01:01.102+0000] {logging_mixin.py:151} INFO - [2026-06-17T11:01:01.102+0000] {dag.py:2915} INFO - Sync 1 DAGs
[2026-06-17T11:01:01.119+0000] {logging_mixin.py:151} INFO - [2026-06-17T11:01:01.119+0000] {dag.py:3696} INFO - Setting next_dagrun for aeroflux_main_pipeline to 2026-06-17T11:00:00+00:00, run_after=2026-06-17T12:00:00+00:00
[2026-06-17T11:01:01.128+0000] {processor.py:179} INFO - Processing /opt/airflow/dags/aeroflux_orchestrator.py took 0.343 seconds
[2026-06-17T11:51:08.886+0000] {processor.py:157} INFO - Started process (PID=512) to work on /opt/airflow/dags/aeroflux_orchestrator.py
[2026-06-17T11:51:08.891+0000] {processor.py:829} INFO - Processing file /opt/airflow/dags/aeroflux_orchestrator.py for tasks to queue
[2026-06-17T11:51:08.897+0000] {logging_mixin.py:151} INFO - [2026-06-17T11:51:08.895+0000] {dagbag.py:539} INFO - Filling up the DagBag from /opt/airflow/dags/aeroflux_orchestrator.py
[2026-06-17T11:51:09.293+0000] {processor.py:839} INFO - DAG(s) dict_keys(['aeroflux_main_pipeline']) retrieved from /opt/airflow/dags/aeroflux_orchestrator.py
[2026-06-17T11:51:09.342+0000] {logging_mixin.py:151} INFO - [2026-06-17T11:51:09.341+0000] {dag.py:2915} INFO - Sync 1 DAGs
[2026-06-17T11:51:09.375+0000] {logging_mixin.py:151} INFO - [2026-06-17T11:51:09.375+0000] {dag.py:3696} INFO - Setting next_dagrun for aeroflux_main_pipeline to 2026-06-17T11:00:00+00:00, run_after=2026-06-17T12:00:00+00:00
[2026-06-17T11:51:09.392+0000] {processor.py:179} INFO - Processing /opt/airflow/dags/aeroflux_orchestrator.py took 0.523 seconds
[2026-06-17T17:20:19.311+0000] {processor.py:157} INFO - Started process (PID=514) to work on /opt/airflow/dags/aeroflux_orchestrator.py
[2026-06-17T17:20:19.327+0000] {processor.py:829} INFO - Processing file /opt/airflow/dags/aeroflux_orchestrator.py for tasks to queue
[2026-06-17T17:20:19.338+0000] {logging_mixin.py:151} INFO - [2026-06-17T17:20:19.334+0000] {dagbag.py:539} INFO - Filling up the DagBag from /opt/airflow/dags/aeroflux_orchestrator.py
[2026-06-17T17:20:20.235+0000] {processor.py:839} INFO - DAG(s) dict_keys(['aeroflux_main_pipeline']) retrieved from /opt/airflow/dags/aeroflux_orchestrator.py
[2026-06-17T17:20:20.269+0000] {logging_mixin.py:151} INFO - [2026-06-17T17:20:20.269+0000] {dag.py:2915} INFO - Sync 1 DAGs
[2026-06-17T17:20:20.291+0000] {logging_mixin.py:151} INFO - [2026-06-17T17:20:20.291+0000] {dag.py:3696} INFO - Setting next_dagrun for aeroflux_main_pipeline to 2026-06-17T16:00:00+00:00, run_after=2026-06-17T17:00:00+00:00
[2026-06-17T17:20:20.310+0000] {processor.py:179} INFO - Processing /opt/airflow/dags/aeroflux_orchestrator.py took 1.203 seconds
[2026-06-17T17:20:50.444+0000] {processor.py:157} INFO - Started process (PID=576) to work on /opt/airflow/dags/aeroflux_orchestrator.py
[2026-06-17T17:20:50.451+0000] {processor.py:829} INFO - Processing file /opt/airflow/dags/aeroflux_orchestrator.py for tasks to queue
[2026-06-17T17:20:50.453+0000] {logging_mixin.py:151} INFO - [2026-06-17T17:20:50.452+0000] {dagbag.py:539} INFO - Filling up the DagBag from /opt/airflow/dags/aeroflux_orchestrator.py
[2026-06-17T17:20:50.786+0000] {processor.py:839} INFO - DAG(s) dict_keys(['aeroflux_main_pipeline']) retrieved from /opt/airflow/dags/aeroflux_orchestrator.py
[2026-06-17T17:20:50.836+0000] {logging_mixin.py:151} INFO - [2026-06-17T17:20:50.836+0000] {dag.py:2915} INFO - Sync 1 DAGs
[2026-06-17T17:20:50.860+0000] {logging_mixin.py:151} INFO - [2026-06-17T17:20:50.860+0000] {dag.py:3696} INFO - Setting next_dagrun for aeroflux_main_pipeline to 2026-06-17T17:00:00+00:00, run_after=2026-06-17T18:00:00+00:00
[2026-06-17T17:20:50.872+0000] {processor.py:179} INFO - Processing /opt/airflow/dags/aeroflux_orchestrator.py took 0.443 seconds
[2026-06-17T17:21:21.159+0000] {processor.py:157} INFO - Started process (PID=578) to work on /opt/airflow/dags/aeroflux_orchestrator.py
[2026-06-17T17:21:21.162+0000] {processor.py:829} INFO - Processing file /opt/airflow/dags/aeroflux_orchestrator.py for tasks to queue
[2026-06-17T17:21:21.163+0000] {logging_mixin.py:151} INFO - [2026-06-17T17:21:21.163+0000] {dagbag.py:539} INFO - Filling up the DagBag from /opt/airflow/dags/aeroflux_orchestrator.py
[2026-06-17T17:21:21.461+0000] {processor.py:839} INFO - DAG(s) dict_keys(['aeroflux_main_pipeline']) retrieved from /opt/airflow/dags/aeroflux_orchestrator.py
[2026-06-17T17:21:21.501+0000] {logging_mixin.py:151} INFO - [2026-06-17T17:21:21.501+0000] {dag.py:2915} INFO - Sync 1 DAGs
[2026-06-17T17:21:21.523+0000] {logging_mixin.py:151} INFO - [2026-06-17T17:21:21.523+0000] {dag.py:3696} INFO - Setting next_dagrun for aeroflux_main_pipeline to 2026-06-17T17:00:00+00:00, run_after=2026-06-17T18:00:00+00:00
[2026-06-17T17:21:21.539+0000] {processor.py:179} INFO - Processing /opt/airflow/dags/aeroflux_orchestrator.py took 0.390 seconds
[2026-06-17T17:21:51.916+0000] {processor.py:157} INFO - Started process (PID=580) to work on /opt/airflow/dags/aeroflux_orchestrator.py
[2026-06-17T17:21:51.919+0000] {processor.py:829} INFO - Processing file /opt/airflow/dags/aeroflux_orchestrator.py for tasks to queue
[2026-06-17T17:21:51.921+0000] {logging_mixin.py:151} INFO - [2026-06-17T17:21:51.920+0000] {dagbag.py:539} INFO - Filling up the DagBag from /opt/airflow/dags/aeroflux_orchestrator.py
[2026-06-17T17:21:52.216+0000] {processor.py:839} INFO - DAG(s) dict_keys(['aeroflux_main_pipeline']) retrieved from /opt/airflow/dags/aeroflux_orchestrator.py
[2026-06-17T17:21:52.249+0000] {logging_mixin.py:151} INFO - [2026-06-17T17:21:52.249+0000] {dag.py:2915} INFO - Sync 1 DAGs
[2026-06-17T17:21:52.264+0000] {logging_mixin.py:151} INFO - [2026-06-17T17:21:52.264+0000] {dag.py:3696} INFO - Setting next_dagrun for aeroflux_main_pipeline to 2026-06-17T17:00:00+00:00, run_after=2026-06-17T18:00:00+00:00
[2026-06-17T17:21:52.274+0000] {processor.py:179} INFO - Processing /opt/airflow/dags/aeroflux_orchestrator.py took 0.370 seconds
[2026-06-17T17:22:22.740+0000] {processor.py:157} INFO - Started process (PID=582) to work on /opt/airflow/dags/aeroflux_orchestrator.py
[2026-06-17T17:22:22.743+0000] {processor.py:829} INFO - Processing file /opt/airflow/dags/aeroflux_orchestrator.py for tasks to queue
[2026-06-17T17:22:22.744+0000] {logging_mixin.py:151} INFO - [2026-06-17T17:22:22.744+0000] {dagbag.py:539} INFO - Filling up the DagBag from /opt/airflow/dags/aeroflux_orchestrator.py
[2026-06-17T17:22:23.016+0000] {processor.py:839} INFO - DAG(s) dict_keys(['aeroflux_main_pipeline']) retrieved from /opt/airflow/dags/aeroflux_orchestrator.py
[2026-06-17T17:22:23.050+0000] {logging_mixin.py:151} INFO - [2026-06-17T17:22:23.050+0000] {dag.py:2915} INFO - Sync 1 DAGs
[2026-06-17T17:22:23.065+0000] {logging_mixin.py:151} INFO - [2026-06-17T17:22:23.065+0000] {dag.py:3696} INFO - Setting next_dagrun for aeroflux_main_pipeline to 2026-06-17T17:00:00+00:00, run_after=2026-06-17T18:00:00+00:00
[2026-06-17T17:22:23.076+0000] {processor.py:179} INFO - Processing /opt/airflow/dags/aeroflux_orchestrator.py took 0.348 seconds
[2026-06-17T17:22:53.479+0000] {processor.py:157} INFO - Started process (PID=584) to work on /opt/airflow/dags/aeroflux_orchestrator.py
[2026-06-17T17:22:53.482+0000] {processor.py:829} INFO - Processing file /opt/airflow/dags/aeroflux_orchestrator.py for tasks to queue
[2026-06-17T17:22:53.484+0000] {logging_mixin.py:151} INFO - [2026-06-17T17:22:53.483+0000] {dagbag.py:539} INFO - Filling up the DagBag from /opt/airflow/dags/aeroflux_orchestrator.py
[2026-06-17T17:22:53.777+0000] {processor.py:839} INFO - DAG(s) dict_keys(['aeroflux_main_pipeline']) retrieved from /opt/airflow/dags/aeroflux_orchestrator.py
[2026-06-17T17:22:53.807+0000] {logging_mixin.py:151} INFO - [2026-06-17T17:22:53.807+0000] {dag.py:2915} INFO - Sync 1 DAGs
[2026-06-17T17:22:53.826+0000] {logging_mixin.py:151} INFO - [2026-06-17T17:22:53.826+0000] {dag.py:3696} INFO - Setting next_dagrun for aeroflux_main_pipeline to 2026-06-17T17:00:00+00:00, run_after=2026-06-17T18:00:00+00:00
[2026-06-17T17:22:53.837+0000] {processor.py:179} INFO - Processing /opt/airflow/dags/aeroflux_orchestrator.py took 0.369 seconds
[2026-06-17T17:23:24.200+0000] {processor.py:157} INFO - Started process (PID=586) to work on /opt/airflow/dags/aeroflux_orchestrator.py
[2026-06-17T17:23:24.212+0000] {processor.py:829} INFO - Processing file /opt/airflow/dags/aeroflux_orchestrator.py for tasks to queue
[2026-06-17T17:23:24.214+0000] {logging_mixin.py:151} INFO - [2026-06-17T17:23:24.213+0000] {dagbag.py:539} INFO - Filling up the DagBag from /opt/airflow/dags/aeroflux_orchestrator.py
[2026-06-17T17:23:24.496+0000] {processor.py:839} INFO - DAG(s) dict_keys(['aeroflux_main_pipeline']) retrieved from /opt/airflow/dags/aeroflux_orchestrator.py
[2026-06-17T17:23:24.526+0000] {logging_mixin.py:151} INFO - [2026-06-17T17:23:24.526+0000] {dag.py:2915} INFO - Sync 1 DAGs
[2026-06-17T17:23:24.542+0000] {logging_mixin.py:151} INFO - [2026-06-17T17:23:24.542+0000] {dag.py:3696} INFO - Setting next_dagrun for aeroflux_main_pipeline to 2026-06-17T17:00:00+00:00, run_after=2026-06-17T18:00:00+00:00
[2026-06-17T17:23:24.551+0000] {processor.py:179} INFO - Processing /opt/airflow/dags/aeroflux_orchestrator.py took 0.366 seconds
[2026-06-17T17:23:54.713+0000] {processor.py:157} INFO - Started process (PID=588) to work on /opt/airflow/dags/aeroflux_orchestrator.py
[2026-06-17T17:23:54.716+0000] {processor.py:829} INFO - Processing file /opt/airflow/dags/aeroflux_orchestrator.py for tasks to queue
[2026-06-17T17:23:54.717+0000] {logging_mixin.py:151} INFO - [2026-06-17T17:23:54.716+0000] {dagbag.py:539} INFO - Filling up the DagBag from /opt/airflow/dags/aeroflux_orchestrator.py
[2026-06-17T17:23:55.042+0000] {processor.py:839} INFO - DAG(s) dict_keys(['aeroflux_main_pipeline']) retrieved from /opt/airflow/dags/aeroflux_orchestrator.py
[2026-06-17T17:23:55.084+0000] {logging_mixin.py:151} INFO - [2026-06-17T17:23:55.084+0000] {dag.py:2915} INFO - Sync 1 DAGs
[2026-06-17T17:23:55.102+0000] {logging_mixin.py:151} INFO - [2026-06-17T17:23:55.102+0000] {dag.py:3696} INFO - Setting next_dagrun for aeroflux_main_pipeline to 2026-06-17T17:00:00+00:00, run_after=2026-06-17T18:00:00+00:00
[2026-06-17T17:23:55.112+0000] {processor.py:179} INFO - Processing /opt/airflow/dags/aeroflux_orchestrator.py took 0.414 seconds
[2026-06-17T17:24:25.279+0000] {processor.py:157} INFO - Started process (PID=590) to work on /opt/airflow/dags/aeroflux_orchestrator.py
[2026-06-17T17:24:25.282+0000] {processor.py:829} INFO - Processing file /opt/airflow/dags/aeroflux_orchestrator.py for tasks to queue
[2026-06-17T17:24:25.285+0000] {logging_mixin.py:151} INFO - [2026-06-17T17:24:25.283+0000] {dagbag.py:539} INFO - Filling up the DagBag from /opt/airflow/dags/aeroflux_orchestrator.py
[2026-06-17T17:24:25.601+0000] {processor.py:839} INFO - DAG(s) dict_keys(['aeroflux_main_pipeline']) retrieved from /opt/airflow/dags/aeroflux_orchestrator.py
[2026-06-17T17:24:25.649+0000] {logging_mixin.py:151} INFO - [2026-06-17T17:24:25.648+0000] {dag.py:2915} INFO - Sync 1 DAGs
[2026-06-17T17:24:25.673+0000] {logging_mixin.py:151} INFO - [2026-06-17T17:24:25.673+0000] {dag.py:3696} INFO - Setting next_dagrun for aeroflux_main_pipeline to 2026-06-17T17:00:00+00:00, run_after=2026-06-17T18:00:00+00:00
[2026-06-17T17:24:25.682+0000] {processor.py:179} INFO - Processing /opt/airflow/dags/aeroflux_orchestrator.py took 0.414 seconds
[2026-06-17T17:24:55.839+0000] {processor.py:157} INFO - Started process (PID=592) to work on /opt/airflow/dags/aeroflux_orchestrator.py
[2026-06-17T17:24:55.841+0000] {processor.py:829} INFO - Processing file /opt/airflow/dags/aeroflux_orchestrator.py for tasks to queue
[2026-06-17T17:24:55.842+0000] {logging_mixin.py:151} INFO - [2026-06-17T17:24:55.842+0000] {dagbag.py:539} INFO - Filling up the DagBag from /opt/airflow/dags/aeroflux_orchestrator.py
[2026-06-17T17:24:56.118+0000] {processor.py:839} INFO - DAG(s) dict_keys(['aeroflux_main_pipeline']) retrieved from /opt/airflow/dags/aeroflux_orchestrator.py
[2026-06-17T17:24:56.146+0000] {logging_mixin.py:151} INFO - [2026-06-17T17:24:56.146+0000] {dag.py:2915} INFO - Sync 1 DAGs
[2026-06-17T17:24:56.162+0000] {logging_mixin.py:151} INFO - [2026-06-17T17:24:56.162+0000] {dag.py:3696} INFO - Setting next_dagrun for aeroflux_main_pipeline to 2026-06-17T17:00:00+00:00, run_after=2026-06-17T18:00:00+00:00
[2026-06-17T17:24:56.171+0000] {processor.py:179} INFO - Processing /opt/airflow/dags/aeroflux_orchestrator.py took 0.345 seconds
[2026-06-17T17:25:26.479+0000] {processor.py:157} INFO - Started process (PID=594) to work on /opt/airflow/dags/aeroflux_orchestrator.py
[2026-06-17T17:25:26.490+0000] {processor.py:829} INFO - Processing file /opt/airflow/dags/aeroflux_orchestrator.py for tasks to queue
[2026-06-17T17:25:26.491+0000] {logging_mixin.py:151} INFO - [2026-06-17T17:25:26.491+0000] {dagbag.py:539} INFO - Filling up the DagBag from /opt/airflow/dags/aeroflux_orchestrator.py
[2026-06-17T17:25:26.764+0000] {processor.py:839} INFO - DAG(s) dict_keys(['aeroflux_main_pipeline']) retrieved from /opt/airflow/dags/aeroflux_orchestrator.py
[2026-06-17T17:25:26.795+0000] {logging_mixin.py:151} INFO - [2026-06-17T17:25:26.795+0000] {dag.py:2915} INFO - Sync 1 DAGs
[2026-06-17T17:25:26.809+0000] {logging_mixin.py:151} INFO - [2026-06-17T17:25:26.809+0000] {dag.py:3696} INFO - Setting next_dagrun for aeroflux_main_pipeline to 2026-06-17T17:00:00+00:00, run_after=2026-06-17T18:00:00+00:00
[2026-06-17T17:25:26.819+0000] {processor.py:179} INFO - Processing /opt/airflow/dags/aeroflux_orchestrator.py took 0.355 seconds
[2026-06-17T17:25:56.935+0000] {processor.py:157} INFO - Started process (PID=596) to work on /opt/airflow/dags/aeroflux_orchestrator.py
[2026-06-17T17:25:56.938+0000] {processor.py:829} INFO - Processing file /opt/airflow/dags/aeroflux_orchestrator.py for tasks to queue
[2026-06-17T17:25:56.939+0000] {logging_mixin.py:151} INFO - [2026-06-17T17:25:56.938+0000] {dagbag.py:539} INFO - Filling up the DagBag from /opt/airflow/dags/aeroflux_orchestrator.py
[2026-06-17T17:25:57.224+0000] {processor.py:839} INFO - DAG(s) dict_keys(['aeroflux_main_pipeline']) retrieved from /opt/airflow/dags/aeroflux_orchestrator.py
[2026-06-17T17:25:57.253+0000] {logging_mixin.py:151} INFO - [2026-06-17T17:25:57.253+0000] {dag.py:2915} INFO - Sync 1 DAGs
[2026-06-17T17:25:57.269+0000] {logging_mixin.py:151} INFO - [2026-06-17T17:25:57.269+0000] {dag.py:3696} INFO - Setting next_dagrun for aeroflux_main_pipeline to 2026-06-17T17:00:00+00:00, run_after=2026-06-17T18:00:00+00:00
[2026-06-17T17:25:57.278+0000] {processor.py:179} INFO - Processing /opt/airflow/dags/aeroflux_orchestrator.py took 0.356 seconds
[2026-06-17T17:26:27.549+0000] {processor.py:157} INFO - Started process (PID=598) to work on /opt/airflow/dags/aeroflux_orchestrator.py
[2026-06-17T17:26:27.551+0000] {processor.py:829} INFO - Processing file /opt/airflow/dags/aeroflux_orchestrator.py for tasks to queue
[2026-06-17T17:26:27.552+0000] {logging_mixin.py:151} INFO - [2026-06-17T17:26:27.552+0000] {dagbag.py:539} INFO - Filling up the DagBag from /opt/airflow/dags/aeroflux_orchestrator.py
[2026-06-17T17:26:27.773+0000] {processor.py:839} INFO - DAG(s) dict_keys(['aeroflux_main_pipeline']) retrieved from /opt/airflow/dags/aeroflux_orchestrator.py
[2026-06-17T17:26:27.795+0000] {logging_mixin.py:151} INFO - [2026-06-17T17:26:27.794+0000] {dag.py:2915} INFO - Sync 1 DAGs
[2026-06-17T17:26:27.809+0000] {logging_mixin.py:151} INFO - [2026-06-17T17:26:27.809+0000] {dag.py:3696} INFO - Setting next_dagrun for aeroflux_main_pipeline to 2026-06-17T17:00:00+00:00, run_after=2026-06-17T18:00:00+00:00
[2026-06-17T17:26:27.818+0000] {processor.py:179} INFO - Processing /opt/airflow/dags/aeroflux_orchestrator.py took 0.278 seconds
[2026-06-17T17:26:58.212+0000] {processor.py:157} INFO - Started process (PID=600) to work on /opt/airflow/dags/aeroflux_orchestrator.py
[2026-06-17T17:26:58.215+0000] {processor.py:829} INFO - Processing file /opt/airflow/dags/aeroflux_orchestrator.py for tasks to queue
[2026-06-17T17:26:58.217+0000] {logging_mixin.py:151} INFO - [2026-06-17T17:26:58.216+0000] {dagbag.py:539} INFO - Filling up the DagBag from /opt/airflow/dags/aeroflux_orchestrator.py
[2026-06-17T17:26:58.518+0000] {processor.py:839} INFO - DAG(s) dict_keys(['aeroflux_main_pipeline']) retrieved from /opt/airflow/dags/aeroflux_orchestrator.py
[2026-06-17T17:26:58.554+0000] {logging_mixin.py:151} INFO - [2026-06-17T17:26:58.554+0000] {dag.py:2915} INFO - Sync 1 DAGs
[2026-06-17T17:26:58.571+0000] {logging_mixin.py:151} INFO - [2026-06-17T17:26:58.571+0000] {dag.py:3696} INFO - Setting next_dagrun for aeroflux_main_pipeline to 2026-06-17T17:00:00+00:00, run_after=2026-06-17T18:00:00+00:00
[2026-06-17T17:26:58.580+0000] {processor.py:179} INFO - Processing /opt/airflow/dags/aeroflux_orchestrator.py took 0.388 seconds
[2026-06-17T17:27:28.979+0000] {processor.py:157} INFO - Started process (PID=602) to work on /opt/airflow/dags/aeroflux_orchestrator.py
[2026-06-17T17:27:28.991+0000] {processor.py:829} INFO - Processing file /opt/airflow/dags/aeroflux_orchestrator.py for tasks to queue
[2026-06-17T17:27:28.993+0000] {logging_mixin.py:151} INFO - [2026-06-17T17:27:28.992+0000] {dagbag.py:539} INFO - Filling up the DagBag from /opt/airflow/dags/aeroflux_orchestrator.py
[2026-06-17T17:27:29.207+0000] {processor.py:839} INFO - DAG(s) dict_keys(['aeroflux_main_pipeline']) retrieved from /opt/airflow/dags/aeroflux_orchestrator.py
[2026-06-17T17:27:29.230+0000] {logging_mixin.py:151} INFO - [2026-06-17T17:27:29.229+0000] {dag.py:2915} INFO - Sync 1 DAGs
[2026-06-17T17:27:29.243+0000] {logging_mixin.py:151} INFO - [2026-06-17T17:27:29.243+0000] {dag.py:3696} INFO - Setting next_dagrun for aeroflux_main_pipeline to 2026-06-17T17:00:00+00:00, run_after=2026-06-17T18:00:00+00:00
[2026-06-17T17:27:29.252+0000] {processor.py:179} INFO - Processing /opt/airflow/dags/aeroflux_orchestrator.py took 0.282 seconds
[2026-06-17T17:27:59.457+0000] {processor.py:157} INFO - Started process (PID=604) to work on /opt/airflow/dags/aeroflux_orchestrator.py
[2026-06-17T17:27:59.458+0000] {processor.py:829} INFO - Processing file /opt/airflow/dags/aeroflux_orchestrator.py for tasks to queue
[2026-06-17T17:27:59.459+0000] {logging_mixin.py:151} INFO - [2026-06-17T17:27:59.459+0000] {dagbag.py:539} INFO - Filling up the DagBag from /opt/airflow/dags/aeroflux_orchestrator.py
[2026-06-17T17:27:59.733+0000] {processor.py:839} INFO - DAG(s) dict_keys(['aeroflux_main_pipeline']) retrieved from /opt/airflow/dags/aeroflux_orchestrator.py
[2026-06-17T17:27:59.762+0000] {logging_mixin.py:151} INFO - [2026-06-17T17:27:59.762+0000] {dag.py:2915} INFO - Sync 1 DAGs
[2026-06-17T17:27:59.784+0000] {logging_mixin.py:151} INFO - [2026-06-17T17:27:59.784+0000] {dag.py:3696} INFO - Setting next_dagrun for aeroflux_main_pipeline to 2026-06-17T17:00:00+00:00, run_after=2026-06-17T18:00:00+00:00
[2026-06-17T17:27:59.793+0000] {processor.py:179} INFO - Processing /opt/airflow/dags/aeroflux_orchestrator.py took 0.346 seconds
[2026-06-17T17:31:12.665+0000] {processor.py:157} INFO - Started process (PID=608) to work on /opt/airflow/dags/aeroflux_orchestrator.py
[2026-06-17T17:31:12.670+0000] {processor.py:829} INFO - Processing file /opt/airflow/dags/aeroflux_orchestrator.py for tasks to queue
[2026-06-17T17:31:12.675+0000] {logging_mixin.py:151} INFO - [2026-06-17T17:31:12.672+0000] {dagbag.py:539} INFO - Filling up the DagBag from /opt/airflow/dags/aeroflux_orchestrator.py
[2026-06-17T17:31:13.094+0000] {processor.py:839} INFO - DAG(s) dict_keys(['aeroflux_main_pipeline']) retrieved from /opt/airflow/dags/aeroflux_orchestrator.py
[2026-06-17T17:31:13.133+0000] {logging_mixin.py:151} INFO - [2026-06-17T17:31:13.132+0000] {dag.py:2915} INFO - Sync 1 DAGs
[2026-06-17T17:31:13.154+0000] {logging_mixin.py:151} INFO - [2026-06-17T17:31:13.154+0000] {dag.py:3696} INFO - Setting next_dagrun for aeroflux_main_pipeline to 2026-06-17T17:00:00+00:00, run_after=2026-06-17T18:00:00+00:00
[2026-06-17T17:31:13.163+0000] {processor.py:179} INFO - Processing /opt/airflow/dags/aeroflux_orchestrator.py took 0.505 seconds
[2026-06-17T17:38:04.154+0000] {processor.py:157} INFO - Started process (PID=612) to work on /opt/airflow/dags/aeroflux_orchestrator.py
[2026-06-17T17:38:04.157+0000] {processor.py:829} INFO - Processing file /opt/airflow/dags/aeroflux_orchestrator.py for tasks to queue
[2026-06-17T17:38:04.158+0000] {logging_mixin.py:151} INFO - [2026-06-17T17:38:04.158+0000] {dagbag.py:539} INFO - Filling up the DagBag from /opt/airflow/dags/aeroflux_orchestrator.py
[2026-06-17T17:38:04.785+0000] {processor.py:839} INFO - DAG(s) dict_keys(['aeroflux_main_pipeline']) retrieved from /opt/airflow/dags/aeroflux_orchestrator.py
[2026-06-17T17:38:04.888+0000] {logging_mixin.py:151} INFO - [2026-06-17T17:38:04.884+0000] {dag.py:2915} INFO - Sync 1 DAGs
[2026-06-17T17:38:04.938+0000] {logging_mixin.py:151} INFO - [2026-06-17T17:38:04.938+0000] {dag.py:3696} INFO - Setting next_dagrun for aeroflux_main_pipeline to 2026-06-17T17:00:00+00:00, run_after=2026-06-17T18:00:00+00:00
[2026-06-17T17:38:04.964+0000] {processor.py:179} INFO - Processing /opt/airflow/dags/aeroflux_orchestrator.py took 0.820 seconds
[2026-06-17T17:38:35.522+0000] {processor.py:157} INFO - Started process (PID=614) to work on /opt/airflow/dags/aeroflux_orchestrator.py
[2026-06-17T17:38:35.525+0000] {processor.py:829} INFO - Processing file /opt/airflow/dags/aeroflux_orchestrator.py for tasks to queue
[2026-06-17T17:38:35.527+0000] {logging_mixin.py:151} INFO - [2026-06-17T17:38:35.526+0000] {dagbag.py:539} INFO - Filling up the DagBag from /opt/airflow/dags/aeroflux_orchestrator.py
[2026-06-17T17:38:35.844+0000] {processor.py:839} INFO - DAG(s) dict_keys(['aeroflux_main_pipeline']) retrieved from /opt/airflow/dags/aeroflux_orchestrator.py
[2026-06-17T17:38:35.879+0000] {logging_mixin.py:151} INFO - [2026-06-17T17:38:35.879+0000] {dag.py:2915} INFO - Sync 1 DAGs
[2026-06-17T17:38:35.897+0000] {logging_mixin.py:151} INFO - [2026-06-17T17:38:35.897+0000] {dag.py:3696} INFO - Setting next_dagrun for aeroflux_main_pipeline to 2026-06-17T17:00:00+00:00, run_after=2026-06-17T18:00:00+00:00
[2026-06-17T17:38:35.907+0000] {processor.py:179} INFO - Processing /opt/airflow/dags/aeroflux_orchestrator.py took 0.396 seconds
[2026-06-17T17:39:06.610+0000] {processor.py:157} INFO - Started process (PID=616) to work on /opt/airflow/dags/aeroflux_orchestrator.py
[2026-06-17T17:39:06.613+0000] {processor.py:829} INFO - Processing file /opt/airflow/dags/aeroflux_orchestrator.py for tasks to queue
[2026-06-17T17:39:06.614+0000] {logging_mixin.py:151} INFO - [2026-06-17T17:39:06.614+0000] {dagbag.py:539} INFO - Filling up the DagBag from /opt/airflow/dags/aeroflux_orchestrator.py
[2026-06-17T17:39:06.916+0000] {processor.py:839} INFO - DAG(s) dict_keys(['aeroflux_main_pipeline']) retrieved from /opt/airflow/dags/aeroflux_orchestrator.py
[2026-06-17T17:39:06.945+0000] {logging_mixin.py:151} INFO - [2026-06-17T17:39:06.945+0000] {dag.py:2915} INFO - Sync 1 DAGs
[2026-06-17T17:39:06.960+0000] {logging_mixin.py:151} INFO - [2026-06-17T17:39:06.960+0000] {dag.py:3696} INFO - Setting next_dagrun for aeroflux_main_pipeline to 2026-06-17T17:00:00+00:00, run_after=2026-06-17T18:00:00+00:00
[2026-06-17T17:39:06.969+0000] {processor.py:179} INFO - Processing /opt/airflow/dags/aeroflux_orchestrator.py took 0.372 seconds
[2026-06-17T17:39:37.321+0000] {processor.py:157} INFO - Started process (PID=618) to work on /opt/airflow/dags/aeroflux_orchestrator.py
[2026-06-17T17:39:37.326+0000] {processor.py:829} INFO - Processing file /opt/airflow/dags/aeroflux_orchestrator.py for tasks to queue
[2026-06-17T17:39:37.329+0000] {logging_mixin.py:151} INFO - [2026-06-17T17:39:37.328+0000] {dagbag.py:539} INFO - Filling up the DagBag from /opt/airflow/dags/aeroflux_orchestrator.py
[2026-06-17T17:39:37.553+0000] {processor.py:839} INFO - DAG(s) dict_keys(['aeroflux_main_pipeline']) retrieved from /opt/airflow/dags/aeroflux_orchestrator.py
[2026-06-17T17:39:37.571+0000] {logging_mixin.py:151} INFO - [2026-06-17T17:39:37.571+0000] {dag.py:2915} INFO - Sync 1 DAGs
[2026-06-17T17:39:37.584+0000] {logging_mixin.py:151} INFO - [2026-06-17T17:39:37.584+0000] {dag.py:3696} INFO - Setting next_dagrun for aeroflux_main_pipeline to 2026-06-17T17:00:00+00:00, run_after=2026-06-17T18:00:00+00:00
[2026-06-17T17:39:37.592+0000] {processor.py:179} INFO - Processing /opt/airflow/dags/aeroflux_orchestrator.py took 0.279 seconds
[2026-06-17T17:47:55.389+0000] {processor.py:157} INFO - Started process (PID=622) to work on /opt/airflow/dags/aeroflux_orchestrator.py
[2026-06-17T17:47:55.391+0000] {processor.py:829} INFO - Processing file /opt/airflow/dags/aeroflux_orchestrator.py for tasks to queue
[2026-06-17T17:47:55.393+0000] {logging_mixin.py:151} INFO - [2026-06-17T17:47:55.392+0000] {dagbag.py:539} INFO - Filling up the DagBag from /opt/airflow/dags/aeroflux_orchestrator.py
[2026-06-17T17:47:56.039+0000] {processor.py:839} INFO - DAG(s) dict_keys(['aeroflux_main_pipeline']) retrieved from /opt/airflow/dags/aeroflux_orchestrator.py
[2026-06-17T17:47:56.141+0000] {logging_mixin.py:151} INFO - [2026-06-17T17:47:56.140+0000] {dag.py:2915} INFO - Sync 1 DAGs
[2026-06-17T17:47:56.164+0000] {logging_mixin.py:151} INFO - [2026-06-17T17:47:56.164+0000] {dag.py:3696} INFO - Setting next_dagrun for aeroflux_main_pipeline to 2026-06-17T17:00:00+00:00, run_after=2026-06-17T18:00:00+00:00
[2026-06-17T17:47:56.176+0000] {processor.py:179} INFO - Processing /opt/airflow/dags/aeroflux_orchestrator.py took 0.797 seconds
[2026-06-17T17:48:53.509+0000] {processor.py:157} INFO - Started process (PID=624) to work on /opt/airflow/dags/aeroflux_orchestrator.py
[2026-06-17T17:48:53.511+0000] {processor.py:829} INFO - Processing file /opt/airflow/dags/aeroflux_orchestrator.py for tasks to queue
[2026-06-17T17:48:53.513+0000] {logging_mixin.py:151} INFO - [2026-06-17T17:48:53.512+0000] {dagbag.py:539} INFO - Filling up the DagBag from /opt/airflow/dags/aeroflux_orchestrator.py
[2026-06-17T17:48:53.824+0000] {processor.py:839} INFO - DAG(s) dict_keys(['aeroflux_main_pipeline']) retrieved from /opt/airflow/dags/aeroflux_orchestrator.py
[2026-06-17T17:48:53.857+0000] {logging_mixin.py:151} INFO - [2026-06-17T17:48:53.857+0000] {dag.py:2915} INFO - Sync 1 DAGs
[2026-06-17T17:48:53.877+0000] {logging_mixin.py:151} INFO - [2026-06-17T17:48:53.877+0000] {dag.py:3696} INFO - Setting next_dagrun for aeroflux_main_pipeline to 2026-06-17T17:00:00+00:00, run_after=2026-06-17T18:00:00+00:00
[2026-06-17T17:48:53.887+0000] {processor.py:179} INFO - Processing /opt/airflow/dags/aeroflux_orchestrator.py took 0.390 seconds
[2026-06-17T17:49:24.048+0000] {processor.py:157} INFO - Started process (PID=626) to work on /opt/airflow/dags/aeroflux_orchestrator.py
[2026-06-17T17:49:24.051+0000] {processor.py:829} INFO - Processing file /opt/airflow/dags/aeroflux_orchestrator.py for tasks to queue
[2026-06-17T17:49:24.052+0000] {logging_mixin.py:151} INFO - [2026-06-17T17:49:24.051+0000] {dagbag.py:539} INFO - Filling up the DagBag from /opt/airflow/dags/aeroflux_orchestrator.py
[2026-06-17T17:49:24.335+0000] {processor.py:839} INFO - DAG(s) dict_keys(['aeroflux_main_pipeline']) retrieved from /opt/airflow/dags/aeroflux_orchestrator.py
[2026-06-17T17:49:24.370+0000] {logging_mixin.py:151} INFO - [2026-06-17T17:49:24.370+0000] {dag.py:2915} INFO - Sync 1 DAGs
[2026-06-17T17:49:24.387+0000] {logging_mixin.py:151} INFO - [2026-06-17T17:49:24.387+0000] {dag.py:3696} INFO - Setting next_dagrun for aeroflux_main_pipeline to 2026-06-17T17:00:00+00:00, run_after=2026-06-17T18:00:00+00:00
[2026-06-17T17:49:24.399+0000] {processor.py:179} INFO - Processing /opt/airflow/dags/aeroflux_orchestrator.py took 0.374 seconds
[2026-06-17T17:57:50.904+0000] {processor.py:157} INFO - Started process (PID=630) to work on /opt/airflow/dags/aeroflux_orchestrator.py
[2026-06-17T17:57:50.907+0000] {processor.py:829} INFO - Processing file /opt/airflow/dags/aeroflux_orchestrator.py for tasks to queue
[2026-06-17T17:57:50.908+0000] {logging_mixin.py:151} INFO - [2026-06-17T17:57:50.908+0000] {dagbag.py:539} INFO - Filling up the DagBag from /opt/airflow/dags/aeroflux_orchestrator.py
[2026-06-17T17:57:51.405+0000] {processor.py:839} INFO - DAG(s) dict_keys(['aeroflux_main_pipeline']) retrieved from /opt/airflow/dags/aeroflux_orchestrator.py
[2026-06-17T17:57:51.480+0000] {logging_mixin.py:151} INFO - [2026-06-17T17:57:51.480+0000] {dag.py:2915} INFO - Sync 1 DAGs
[2026-06-17T17:57:51.523+0000] {logging_mixin.py:151} INFO - [2026-06-17T17:57:51.522+0000] {dag.py:3696} INFO - Setting next_dagrun for aeroflux_main_pipeline to 2026-06-17T17:00:00+00:00, run_after=2026-06-17T18:00:00+00:00
[2026-06-17T17:57:51.551+0000] {processor.py:179} INFO - Processing /opt/airflow/dags/aeroflux_orchestrator.py took 0.657 seconds
[2026-06-17T18:30:03.928+0000] {processor.py:157} INFO - Started process (PID=632) to work on /opt/airflow/dags/aeroflux_orchestrator.py
[2026-06-17T18:30:03.931+0000] {processor.py:829} INFO - Processing file /opt/airflow/dags/aeroflux_orchestrator.py for tasks to queue
[2026-06-17T18:30:03.932+0000] {logging_mixin.py:151} INFO - [2026-06-17T18:30:03.931+0000] {dagbag.py:539} INFO - Filling up the DagBag from /opt/airflow/dags/aeroflux_orchestrator.py
[2026-06-17T18:30:04.389+0000] {processor.py:839} INFO - DAG(s) dict_keys(['aeroflux_main_pipeline']) retrieved from /opt/airflow/dags/aeroflux_orchestrator.py
[2026-06-17T18:30:04.495+0000] {logging_mixin.py:151} INFO - [2026-06-17T18:30:04.494+0000] {dag.py:2915} INFO - Sync 1 DAGs
[2026-06-17T18:30:04.557+0000] {logging_mixin.py:151} INFO - [2026-06-17T18:30:04.556+0000] {dag.py:3696} INFO - Setting next_dagrun for aeroflux_main_pipeline to 2026-06-17T18:00:00+00:00, run_after=2026-06-17T19:00:00+00:00
[2026-06-17T18:30:04.620+0000] {processor.py:179} INFO - Processing /opt/airflow/dags/aeroflux_orchestrator.py took 0.698 seconds
[2026-06-17T19:20:36.164+0000] {processor.py:157} INFO - Started process (PID=663) to work on /opt/airflow/dags/aeroflux_orchestrator.py
[2026-06-17T19:20:36.167+0000] {processor.py:829} INFO - Processing file /opt/airflow/dags/aeroflux_orchestrator.py for tasks to queue
[2026-06-17T19:20:36.169+0000] {logging_mixin.py:151} INFO - [2026-06-17T19:20:36.168+0000] {dagbag.py:539} INFO - Filling up the DagBag from /opt/airflow/dags/aeroflux_orchestrator.py
[2026-06-17T19:20:36.487+0000] {processor.py:839} INFO - DAG(s) dict_keys(['aeroflux_main_pipeline']) retrieved from /opt/airflow/dags/aeroflux_orchestrator.py
[2026-06-17T19:20:36.522+0000] {logging_mixin.py:151} INFO - [2026-06-17T19:20:36.522+0000] {dag.py:2915} INFO - Sync 1 DAGs
[2026-06-17T19:20:36.542+0000] {logging_mixin.py:151} INFO - [2026-06-17T19:20:36.542+0000] {dag.py:3696} INFO - Setting next_dagrun for aeroflux_main_pipeline to 2026-06-17T19:00:00+00:00, run_after=2026-06-17T20:00:00+00:00
[2026-06-17T19:20:36.554+0000] {processor.py:179} INFO - Processing /opt/airflow/dags/aeroflux_orchestrator.py took 0.399 seconds
[2026-06-17T19:48:48.739+0000] {processor.py:157} INFO - Started process (PID=694) to work on /opt/airflow/dags/aeroflux_orchestrator.py
[2026-06-17T19:48:48.744+0000] {processor.py:829} INFO - Processing file /opt/airflow/dags/aeroflux_orchestrator.py for tasks to queue
[2026-06-17T19:48:48.745+0000] {logging_mixin.py:151} INFO - [2026-06-17T19:48:48.745+0000] {dagbag.py:539} INFO - Filling up the DagBag from /opt/airflow/dags/aeroflux_orchestrator.py
[2026-06-17T19:48:49.446+0000] {processor.py:839} INFO - DAG(s) dict_keys(['aeroflux_main_pipeline']) retrieved from /opt/airflow/dags/aeroflux_orchestrator.py
[2026-06-17T19:48:49.488+0000] {logging_mixin.py:151} INFO - [2026-06-17T19:48:49.488+0000] {dag.py:2915} INFO - Sync 1 DAGs
[2026-06-17T19:48:49.509+0000] {logging_mixin.py:151} INFO - [2026-06-17T19:48:49.509+0000] {dag.py:3696} INFO - Setting next_dagrun for aeroflux_main_pipeline to 2026-06-17T19:00:00+00:00, run_after=2026-06-17T20:00:00+00:00
[2026-06-17T19:48:49.529+0000] {processor.py:179} INFO - Processing /opt/airflow/dags/aeroflux_orchestrator.py took 0.800 seconds
[2026-06-17T20:11:59.642+0000] {processor.py:157} INFO - Started process (PID=697) to work on /opt/airflow/dags/aeroflux_orchestrator.py
[2026-06-17T20:11:59.644+0000] {processor.py:829} INFO - Processing file /opt/airflow/dags/aeroflux_orchestrator.py for tasks to queue
[2026-06-17T20:11:59.645+0000] {logging_mixin.py:151} INFO - [2026-06-17T20:11:59.644+0000] {dagbag.py:539} INFO - Filling up the DagBag from /opt/airflow/dags/aeroflux_orchestrator.py
[2026-06-17T20:11:59.999+0000] {processor.py:839} INFO - DAG(s) dict_keys(['aeroflux_main_pipeline']) retrieved from /opt/airflow/dags/aeroflux_orchestrator.py
[2026-06-17T20:12:00.082+0000] {logging_mixin.py:151} INFO - [2026-06-17T20:12:00.082+0000] {dag.py:2915} INFO - Sync 1 DAGs
[2026-06-17T20:12:00.126+0000] {logging_mixin.py:151} INFO - [2026-06-17T20:12:00.126+0000] {dag.py:3696} INFO - Setting next_dagrun for aeroflux_main_pipeline to 2026-06-17T20:00:00+00:00, run_after=2026-06-17T21:00:00+00:00
[2026-06-17T20:12:00.151+0000] {processor.py:179} INFO - Processing /opt/airflow/dags/aeroflux_orchestrator.py took 0.517 seconds
[2026-06-17T20:45:07.460+0000] {processor.py:157} INFO - Started process (PID=727) to work on /opt/airflow/dags/aeroflux_orchestrator.py
[2026-06-17T20:45:07.462+0000] {processor.py:829} INFO - Processing file /opt/airflow/dags/aeroflux_orchestrator.py for tasks to queue
[2026-06-17T20:45:07.463+0000] {logging_mixin.py:151} INFO - [2026-06-17T20:45:07.463+0000] {dagbag.py:539} INFO - Filling up the DagBag from /opt/airflow/dags/aeroflux_orchestrator.py
[2026-06-17T20:45:08.148+0000] {processor.py:839} INFO - DAG(s) dict_keys(['aeroflux_main_pipeline']) retrieved from /opt/airflow/dags/aeroflux_orchestrator.py
[2026-06-17T20:45:08.722+0000] {logging_mixin.py:151} INFO - [2026-06-17T20:45:08.720+0000] {dag.py:2915} INFO - Sync 1 DAGs
[2026-06-17T20:45:08.826+0000] {logging_mixin.py:151} INFO - [2026-06-17T20:45:08.825+0000] {dag.py:3696} INFO - Setting next_dagrun for aeroflux_main_pipeline to 2026-06-17T20:00:00+00:00, run_after=2026-06-17T21:00:00+00:00
[2026-06-17T20:45:08.877+0000] {processor.py:179} INFO - Processing /opt/airflow/dags/aeroflux_orchestrator.py took 1.425 seconds
[2026-06-17T20:55:07.533+0000] {processor.py:157} INFO - Started process (PID=731) to work on /opt/airflow/dags/aeroflux_orchestrator.py
[2026-06-17T20:55:07.539+0000] {processor.py:829} INFO - Processing file /opt/airflow/dags/aeroflux_orchestrator.py for tasks to queue
[2026-06-17T20:55:07.541+0000] {logging_mixin.py:151} INFO - [2026-06-17T20:55:07.540+0000] {dagbag.py:539} INFO - Filling up the DagBag from /opt/airflow/dags/aeroflux_orchestrator.py
[2026-06-17T20:55:08.101+0000] {processor.py:839} INFO - DAG(s) dict_keys(['aeroflux_main_pipeline']) retrieved from /opt/airflow/dags/aeroflux_orchestrator.py
[2026-06-17T20:55:08.240+0000] {logging_mixin.py:151} INFO - [2026-06-17T20:55:08.239+0000] {dag.py:2915} INFO - Sync 1 DAGs
[2026-06-17T20:55:08.287+0000] {logging_mixin.py:151} INFO - [2026-06-17T20:55:08.287+0000] {dag.py:3696} INFO - Setting next_dagrun for aeroflux_main_pipeline to 2026-06-17T20:00:00+00:00, run_after=2026-06-17T21:00:00+00:00
[2026-06-17T20:55:08.322+0000] {processor.py:179} INFO - Processing /opt/airflow/dags/aeroflux_orchestrator.py took 0.805 seconds
[2026-06-17T21:01:54.719+0000] {processor.py:157} INFO - Started process (PID=734) to work on /opt/airflow/dags/aeroflux_orchestrator.py
[2026-06-17T21:01:54.734+0000] {processor.py:829} INFO - Processing file /opt/airflow/dags/aeroflux_orchestrator.py for tasks to queue
[2026-06-17T21:01:54.747+0000] {logging_mixin.py:151} INFO - [2026-06-17T21:01:54.742+0000] {dagbag.py:539} INFO - Filling up the DagBag from /opt/airflow/dags/aeroflux_orchestrator.py
[2026-06-17T21:01:55.912+0000] {processor.py:839} INFO - DAG(s) dict_keys(['aeroflux_main_pipeline']) retrieved from /opt/airflow/dags/aeroflux_orchestrator.py
[2026-06-17T21:01:56.044+0000] {logging_mixin.py:151} INFO - [2026-06-17T21:01:56.043+0000] {dag.py:2915} INFO - Sync 1 DAGs
[2026-06-17T21:01:56.087+0000] {logging_mixin.py:151} INFO - [2026-06-17T21:01:56.087+0000] {dag.py:3696} INFO - Setting next_dagrun for aeroflux_main_pipeline to 2026-06-17T21:00:00+00:00, run_after=2026-06-17T22:00:00+00:00
[2026-06-17T21:01:56.142+0000] {processor.py:179} INFO - Processing /opt/airflow/dags/aeroflux_orchestrator.py took 1.536 seconds
[2026-06-17T21:02:26.617+0000] {processor.py:157} INFO - Started process (PID=764) to work on /opt/airflow/dags/aeroflux_orchestrator.py
[2026-06-17T21:02:26.622+0000] {processor.py:829} INFO - Processing file /opt/airflow/dags/aeroflux_orchestrator.py for tasks to queue
[2026-06-17T21:02:26.623+0000] {logging_mixin.py:151} INFO - [2026-06-17T21:02:26.623+0000] {dagbag.py:539} INFO - Filling up the DagBag from /opt/airflow/dags/aeroflux_orchestrator.py
[2026-06-17T21:02:26.950+0000] {processor.py:839} INFO - DAG(s) dict_keys(['aeroflux_main_pipeline']) retrieved from /opt/airflow/dags/aeroflux_orchestrator.py
[2026-06-17T21:02:26.996+0000] {logging_mixin.py:151} INFO - [2026-06-17T21:02:26.996+0000] {dag.py:2915} INFO - Sync 1 DAGs
[2026-06-17T21:02:27.016+0000] {logging_mixin.py:151} INFO - [2026-06-17T21:02:27.015+0000] {dag.py:3696} INFO - Setting next_dagrun for aeroflux_main_pipeline to 2026-06-17T21:00:00+00:00, run_after=2026-06-17T22:00:00+00:00
[2026-06-17T21:02:27.031+0000] {processor.py:179} INFO - Processing /opt/airflow/dags/aeroflux_orchestrator.py took 0.428 seconds
[2026-06-17T21:02:57.446+0000] {processor.py:157} INFO - Started process (PID=766) to work on /opt/airflow/dags/aeroflux_orchestrator.py
[2026-06-17T21:02:57.450+0000] {processor.py:829} INFO - Processing file /opt/airflow/dags/aeroflux_orchestrator.py for tasks to queue
[2026-06-17T21:02:57.452+0000] {logging_mixin.py:151} INFO - [2026-06-17T21:02:57.451+0000] {dagbag.py:539} INFO - Filling up the DagBag from /opt/airflow/dags/aeroflux_orchestrator.py
[2026-06-17T21:02:57.725+0000] {processor.py:839} INFO - DAG(s) dict_keys(['aeroflux_main_pipeline']) retrieved from /opt/airflow/dags/aeroflux_orchestrator.py
[2026-06-17T21:02:57.761+0000] {logging_mixin.py:151} INFO - [2026-06-17T21:02:57.761+0000] {dag.py:2915} INFO - Sync 1 DAGs
[2026-06-17T21:02:57.780+0000] {logging_mixin.py:151} INFO - [2026-06-17T21:02:57.779+0000] {dag.py:3696} INFO - Setting next_dagrun for aeroflux_main_pipeline to 2026-06-17T21:00:00+00:00, run_after=2026-06-17T22:00:00+00:00
[2026-06-17T21:02:57.790+0000] {processor.py:179} INFO - Processing /opt/airflow/dags/aeroflux_orchestrator.py took 0.358 seconds
[2026-06-17T21:03:28.155+0000] {processor.py:157} INFO - Started process (PID=768) to work on /opt/airflow/dags/aeroflux_orchestrator.py
[2026-06-17T21:03:28.168+0000] {processor.py:829} INFO - Processing file /opt/airflow/dags/aeroflux_orchestrator.py for tasks to queue
[2026-06-17T21:03:28.169+0000] {logging_mixin.py:151} INFO - [2026-06-17T21:03:28.169+0000] {dagbag.py:539} INFO - Filling up the DagBag from /opt/airflow/dags/aeroflux_orchestrator.py
[2026-06-17T21:03:28.460+0000] {processor.py:839} INFO - DAG(s) dict_keys(['aeroflux_main_pipeline']) retrieved from /opt/airflow/dags/aeroflux_orchestrator.py
[2026-06-17T21:03:28.495+0000] {logging_mixin.py:151} INFO - [2026-06-17T21:03:28.495+0000] {dag.py:2915} INFO - Sync 1 DAGs
[2026-06-17T21:03:28.515+0000] {logging_mixin.py:151} INFO - [2026-06-17T21:03:28.515+0000] {dag.py:3696} INFO - Setting next_dagrun for aeroflux_main_pipeline to 2026-06-17T21:00:00+00:00, run_after=2026-06-17T22:00:00+00:00
[2026-06-17T21:03:28.526+0000] {processor.py:179} INFO - Processing /opt/airflow/dags/aeroflux_orchestrator.py took 0.387 seconds
[2026-06-17T21:03:58.890+0000] {processor.py:157} INFO - Started process (PID=770) to work on /opt/airflow/dags/aeroflux_orchestrator.py
[2026-06-17T21:03:58.900+0000] {processor.py:829} INFO - Processing file /opt/airflow/dags/aeroflux_orchestrator.py for tasks to queue
[2026-06-17T21:03:58.902+0000] {logging_mixin.py:151} INFO - [2026-06-17T21:03:58.901+0000] {dagbag.py:539} INFO - Filling up the DagBag from /opt/airflow/dags/aeroflux_orchestrator.py
[2026-06-17T21:03:59.191+0000] {processor.py:839} INFO - DAG(s) dict_keys(['aeroflux_main_pipeline']) retrieved from /opt/airflow/dags/aeroflux_orchestrator.py
[2026-06-17T21:03:59.217+0000] {logging_mixin.py:151} INFO - [2026-06-17T21:03:59.216+0000] {dag.py:2915} INFO - Sync 1 DAGs
[2026-06-17T21:03:59.237+0000] {logging_mixin.py:151} INFO - [2026-06-17T21:03:59.237+0000] {dag.py:3696} INFO - Setting next_dagrun for aeroflux_main_pipeline to 2026-06-17T21:00:00+00:00, run_after=2026-06-17T22:00:00+00:00
[2026-06-17T21:03:59.247+0000] {processor.py:179} INFO - Processing /opt/airflow/dags/aeroflux_orchestrator.py took 0.370 seconds
[2026-06-17T21:04:29.665+0000] {processor.py:157} INFO - Started process (PID=772) to work on /opt/airflow/dags/aeroflux_orchestrator.py
[2026-06-17T21:04:29.669+0000] {processor.py:829} INFO - Processing file /opt/airflow/dags/aeroflux_orchestrator.py for tasks to queue
[2026-06-17T21:04:29.671+0000] {logging_mixin.py:151} INFO - [2026-06-17T21:04:29.670+0000] {dagbag.py:539} INFO - Filling up the DagBag from /opt/airflow/dags/aeroflux_orchestrator.py
[2026-06-17T21:04:29.976+0000] {processor.py:839} INFO - DAG(s) dict_keys(['aeroflux_main_pipeline']) retrieved from /opt/airflow/dags/aeroflux_orchestrator.py
[2026-06-17T21:04:30.010+0000] {logging_mixin.py:151} INFO - [2026-06-17T21:04:30.010+0000] {dag.py:2915} INFO - Sync 1 DAGs
[2026-06-17T21:04:30.025+0000] {logging_mixin.py:151} INFO - [2026-06-17T21:04:30.024+0000] {dag.py:3696} INFO - Setting next_dagrun for aeroflux_main_pipeline to 2026-06-17T21:00:00+00:00, run_after=2026-06-17T22:00:00+00:00
[2026-06-17T21:04:30.034+0000] {processor.py:179} INFO - Processing /opt/airflow/dags/aeroflux_orchestrator.py took 0.403 seconds
[2026-06-17T21:05:00.433+0000] {processor.py:157} INFO - Started process (PID=774) to work on /opt/airflow/dags/aeroflux_orchestrator.py
[2026-06-17T21:05:00.436+0000] {processor.py:829} INFO - Processing file /opt/airflow/dags/aeroflux_orchestrator.py for tasks to queue
[2026-06-17T21:05:00.438+0000] {logging_mixin.py:151} INFO - [2026-06-17T21:05:00.437+0000] {dagbag.py:539} INFO - Filling up the DagBag from /opt/airflow/dags/aeroflux_orchestrator.py
[2026-06-17T21:05:00.768+0000] {processor.py:839} INFO - DAG(s) dict_keys(['aeroflux_main_pipeline']) retrieved from /opt/airflow/dags/aeroflux_orchestrator.py
[2026-06-17T21:05:00.798+0000] {logging_mixin.py:151} INFO - [2026-06-17T21:05:00.798+0000] {dag.py:2915} INFO - Sync 1 DAGs
[2026-06-17T21:05:00.816+0000] {logging_mixin.py:151} INFO - [2026-06-17T21:05:00.816+0000] {dag.py:3696} INFO - Setting next_dagrun for aeroflux_main_pipeline to 2026-06-17T21:00:00+00:00, run_after=2026-06-17T22:00:00+00:00
[2026-06-17T21:05:00.825+0000] {processor.py:179} INFO - Processing /opt/airflow/dags/aeroflux_orchestrator.py took 0.402 seconds
[2026-06-17T21:05:31.208+0000] {processor.py:157} INFO - Started process (PID=776) to work on /opt/airflow/dags/aeroflux_orchestrator.py
[2026-06-17T21:05:31.212+0000] {processor.py:829} INFO - Processing file /opt/airflow/dags/aeroflux_orchestrator.py for tasks to queue
[2026-06-17T21:05:31.213+0000] {logging_mixin.py:151} INFO - [2026-06-17T21:05:31.213+0000] {dagbag.py:539} INFO - Filling up the DagBag from /opt/airflow/dags/aeroflux_orchestrator.py
[2026-06-17T21:05:31.501+0000] {processor.py:839} INFO - DAG(s) dict_keys(['aeroflux_main_pipeline']) retrieved from /opt/airflow/dags/aeroflux_orchestrator.py
[2026-06-17T21:05:31.536+0000] {logging_mixin.py:151} INFO - [2026-06-17T21:05:31.536+0000] {dag.py:2915} INFO - Sync 1 DAGs
[2026-06-17T21:05:31.552+0000] {logging_mixin.py:151} INFO - [2026-06-17T21:05:31.552+0000] {dag.py:3696} INFO - Setting next_dagrun for aeroflux_main_pipeline to 2026-06-17T21:00:00+00:00, run_after=2026-06-17T22:00:00+00:00
[2026-06-17T21:05:31.564+0000] {processor.py:179} INFO - Processing /opt/airflow/dags/aeroflux_orchestrator.py took 0.373 seconds
[2026-06-17T21:06:01.916+0000] {processor.py:157} INFO - Started process (PID=778) to work on /opt/airflow/dags/aeroflux_orchestrator.py
[2026-06-17T21:06:01.919+0000] {processor.py:829} INFO - Processing file /opt/airflow/dags/aeroflux_orchestrator.py for tasks to queue
[2026-06-17T21:06:01.920+0000] {logging_mixin.py:151} INFO - [2026-06-17T21:06:01.920+0000] {dagbag.py:539} INFO - Filling up the DagBag from /opt/airflow/dags/aeroflux_orchestrator.py
[2026-06-17T21:06:02.214+0000] {processor.py:839} INFO - DAG(s) dict_keys(['aeroflux_main_pipeline']) retrieved from /opt/airflow/dags/aeroflux_orchestrator.py
[2026-06-17T21:06:02.244+0000] {logging_mixin.py:151} INFO - [2026-06-17T21:06:02.244+0000] {dag.py:2915} INFO - Sync 1 DAGs
[2026-06-17T21:06:02.259+0000] {logging_mixin.py:151} INFO - [2026-06-17T21:06:02.259+0000] {dag.py:3696} INFO - Setting next_dagrun for aeroflux_main_pipeline to 2026-06-17T21:00:00+00:00, run_after=2026-06-17T22:00:00+00:00
[2026-06-17T21:06:02.271+0000] {processor.py:179} INFO - Processing /opt/airflow/dags/aeroflux_orchestrator.py took 0.364 seconds
[2026-06-17T21:06:32.668+0000] {processor.py:157} INFO - Started process (PID=780) to work on /opt/airflow/dags/aeroflux_orchestrator.py
[2026-06-17T21:06:32.671+0000] {processor.py:829} INFO - Processing file /opt/airflow/dags/aeroflux_orchestrator.py for tasks to queue
[2026-06-17T21:06:32.673+0000] {logging_mixin.py:151} INFO - [2026-06-17T21:06:32.672+0000] {dagbag.py:539} INFO - Filling up the DagBag from /opt/airflow/dags/aeroflux_orchestrator.py
[2026-06-17T21:06:32.953+0000] {processor.py:839} INFO - DAG(s) dict_keys(['aeroflux_main_pipeline']) retrieved from /opt/airflow/dags/aeroflux_orchestrator.py
[2026-06-17T21:06:32.988+0000] {logging_mixin.py:151} INFO - [2026-06-17T21:06:32.988+0000] {dag.py:2915} INFO - Sync 1 DAGs
[2026-06-17T21:06:33.008+0000] {logging_mixin.py:151} INFO - [2026-06-17T21:06:33.008+0000] {dag.py:3696} INFO - Setting next_dagrun for aeroflux_main_pipeline to 2026-06-17T21:00:00+00:00, run_after=2026-06-17T22:00:00+00:00
[2026-06-17T21:06:33.018+0000] {processor.py:179} INFO - Processing /opt/airflow/dags/aeroflux_orchestrator.py took 0.360 seconds
[2026-06-17T21:07:03.410+0000] {processor.py:157} INFO - Started process (PID=782) to work on /opt/airflow/dags/aeroflux_orchestrator.py
[2026-06-17T21:07:03.420+0000] {processor.py:829} INFO - Processing file /opt/airflow/dags/aeroflux_orchestrator.py for tasks to queue
[2026-06-17T21:07:03.421+0000] {logging_mixin.py:151} INFO - [2026-06-17T21:07:03.421+0000] {dagbag.py:539} INFO - Filling up the DagBag from /opt/airflow/dags/aeroflux_orchestrator.py
[2026-06-17T21:07:03.709+0000] {processor.py:839} INFO - DAG(s) dict_keys(['aeroflux_main_pipeline']) retrieved from /opt/airflow/dags/aeroflux_orchestrator.py
[2026-06-17T21:07:03.749+0000] {logging_mixin.py:151} INFO - [2026-06-17T21:07:03.748+0000] {dag.py:2915} INFO - Sync 1 DAGs
[2026-06-17T21:07:03.769+0000] {logging_mixin.py:151} INFO - [2026-06-17T21:07:03.769+0000] {dag.py:3696} INFO - Setting next_dagrun for aeroflux_main_pipeline to 2026-06-17T21:00:00+00:00, run_after=2026-06-17T22:00:00+00:00
[2026-06-17T21:07:03.783+0000] {processor.py:179} INFO - Processing /opt/airflow/dags/aeroflux_orchestrator.py took 0.384 seconds
[2026-06-17T21:07:34.205+0000] {processor.py:157} INFO - Started process (PID=784) to work on /opt/airflow/dags/aeroflux_orchestrator.py
[2026-06-17T21:07:34.210+0000] {processor.py:829} INFO - Processing file /opt/airflow/dags/aeroflux_orchestrator.py for tasks to queue
[2026-06-17T21:07:34.212+0000] {logging_mixin.py:151} INFO - [2026-06-17T21:07:34.211+0000] {dagbag.py:539} INFO - Filling up the DagBag from /opt/airflow/dags/aeroflux_orchestrator.py
[2026-06-17T21:07:34.503+0000] {processor.py:839} INFO - DAG(s) dict_keys(['aeroflux_main_pipeline']) retrieved from /opt/airflow/dags/aeroflux_orchestrator.py
[2026-06-17T21:07:34.533+0000] {logging_mixin.py:151} INFO - [2026-06-17T21:07:34.533+0000] {dag.py:2915} INFO - Sync 1 DAGs
[2026-06-17T21:07:34.552+0000] {logging_mixin.py:151} INFO - [2026-06-17T21:07:34.552+0000] {dag.py:3696} INFO - Setting next_dagrun for aeroflux_main_pipeline to 2026-06-17T21:00:00+00:00, run_after=2026-06-17T22:00:00+00:00
[2026-06-17T21:07:34.562+0000] {processor.py:179} INFO - Processing /opt/airflow/dags/aeroflux_orchestrator.py took 0.369 seconds
[2026-06-17T21:08:04.989+0000] {processor.py:157} INFO - Started process (PID=786) to work on /opt/airflow/dags/aeroflux_orchestrator.py
[2026-06-17T21:08:04.993+0000] {processor.py:829} INFO - Processing file /opt/airflow/dags/aeroflux_orchestrator.py for tasks to queue
[2026-06-17T21:08:04.994+0000] {logging_mixin.py:151} INFO - [2026-06-17T21:08:04.993+0000] {dagbag.py:539} INFO - Filling up the DagBag from /opt/airflow/dags/aeroflux_orchestrator.py
[2026-06-17T21:08:05.301+0000] {processor.py:839} INFO - DAG(s) dict_keys(['aeroflux_main_pipeline']) retrieved from /opt/airflow/dags/aeroflux_orchestrator.py
[2026-06-17T21:08:05.338+0000] {logging_mixin.py:151} INFO - [2026-06-17T21:08:05.337+0000] {dag.py:2915} INFO - Sync 1 DAGs
[2026-06-17T21:08:05.353+0000] {logging_mixin.py:151} INFO - [2026-06-17T21:08:05.353+0000] {dag.py:3696} INFO - Setting next_dagrun for aeroflux_main_pipeline to 2026-06-17T21:00:00+00:00, run_after=2026-06-17T22:00:00+00:00
[2026-06-17T21:08:05.364+0000] {processor.py:179} INFO - Processing /opt/airflow/dags/aeroflux_orchestrator.py took 0.388 seconds
[2026-06-17T21:08:35.825+0000] {processor.py:157} INFO - Started process (PID=788) to work on /opt/airflow/dags/aeroflux_orchestrator.py
[2026-06-17T21:08:35.829+0000] {processor.py:829} INFO - Processing file /opt/airflow/dags/aeroflux_orchestrator.py for tasks to queue
[2026-06-17T21:08:35.830+0000] {logging_mixin.py:151} INFO - [2026-06-17T21:08:35.830+0000] {dagbag.py:539} INFO - Filling up the DagBag from /opt/airflow/dags/aeroflux_orchestrator.py
[2026-06-17T21:08:36.141+0000] {processor.py:839} INFO - DAG(s) dict_keys(['aeroflux_main_pipeline']) retrieved from /opt/airflow/dags/aeroflux_orchestrator.py
[2026-06-17T21:08:36.173+0000] {logging_mixin.py:151} INFO - [2026-06-17T21:08:36.173+0000] {dag.py:2915} INFO - Sync 1 DAGs
[2026-06-17T21:08:36.191+0000] {logging_mixin.py:151} INFO - [2026-06-17T21:08:36.191+0000] {dag.py:3696} INFO - Setting next_dagrun for aeroflux_main_pipeline to 2026-06-17T21:00:00+00:00, run_after=2026-06-17T22:00:00+00:00
[2026-06-17T21:08:36.202+0000] {processor.py:179} INFO - Processing /opt/airflow/dags/aeroflux_orchestrator.py took 0.397 seconds
[2026-06-17T21:09:06.657+0000] {processor.py:157} INFO - Started process (PID=790) to work on /opt/airflow/dags/aeroflux_orchestrator.py
[2026-06-17T21:09:06.659+0000] {processor.py:829} INFO - Processing file /opt/airflow/dags/aeroflux_orchestrator.py for tasks to queue
[2026-06-17T21:09:06.660+0000] {logging_mixin.py:151} INFO - [2026-06-17T21:09:06.660+0000] {dagbag.py:539} INFO - Filling up the DagBag from /opt/airflow/dags/aeroflux_orchestrator.py
[2026-06-17T21:09:06.961+0000] {processor.py:839} INFO - DAG(s) dict_keys(['aeroflux_main_pipeline']) retrieved from /opt/airflow/dags/aeroflux_orchestrator.py
[2026-06-17T21:09:06.992+0000] {logging_mixin.py:151} INFO - [2026-06-17T21:09:06.992+0000] {dag.py:2915} INFO - Sync 1 DAGs
[2026-06-17T21:09:07.007+0000] {logging_mixin.py:151} INFO - [2026-06-17T21:09:07.007+0000] {dag.py:3696} INFO - Setting next_dagrun for aeroflux_main_pipeline to 2026-06-17T21:00:00+00:00, run_after=2026-06-17T22:00:00+00:00
[2026-06-17T21:09:07.017+0000] {processor.py:179} INFO - Processing /opt/airflow/dags/aeroflux_orchestrator.py took 0.370 seconds
[2026-06-17T21:09:37.400+0000] {processor.py:157} INFO - Started process (PID=792) to work on /opt/airflow/dags/aeroflux_orchestrator.py
[2026-06-17T21:09:37.404+0000] {processor.py:829} INFO - Processing file /opt/airflow/dags/aeroflux_orchestrator.py for tasks to queue
[2026-06-17T21:09:37.406+0000] {logging_mixin.py:151} INFO - [2026-06-17T21:09:37.405+0000] {dagbag.py:539} INFO - Filling up the DagBag from /opt/airflow/dags/aeroflux_orchestrator.py
[2026-06-17T21:09:37.708+0000] {processor.py:839} INFO - DAG(s) dict_keys(['aeroflux_main_pipeline']) retrieved from /opt/airflow/dags/aeroflux_orchestrator.py
[2026-06-17T21:09:37.737+0000] {logging_mixin.py:151} INFO - [2026-06-17T21:09:37.737+0000] {dag.py:2915} INFO - Sync 1 DAGs
[2026-06-17T21:09:37.754+0000] {logging_mixin.py:151} INFO - [2026-06-17T21:09:37.754+0000] {dag.py:3696} INFO - Setting next_dagrun for aeroflux_main_pipeline to 2026-06-17T21:00:00+00:00, run_after=2026-06-17T22:00:00+00:00
[2026-06-17T21:09:37.763+0000] {processor.py:179} INFO - Processing /opt/airflow/dags/aeroflux_orchestrator.py took 0.380 seconds
[2026-06-17T21:10:08.195+0000] {processor.py:157} INFO - Started process (PID=794) to work on /opt/airflow/dags/aeroflux_orchestrator.py
[2026-06-17T21:10:08.207+0000] {processor.py:829} INFO - Processing file /opt/airflow/dags/aeroflux_orchestrator.py for tasks to queue
[2026-06-17T21:10:08.209+0000] {logging_mixin.py:151} INFO - [2026-06-17T21:10:08.208+0000] {dagbag.py:539} INFO - Filling up the DagBag from /opt/airflow/dags/aeroflux_orchestrator.py
[2026-06-17T21:10:08.520+0000] {processor.py:839} INFO - DAG(s) dict_keys(['aeroflux_main_pipeline']) retrieved from /opt/airflow/dags/aeroflux_orchestrator.py
[2026-06-17T21:10:08.555+0000] {logging_mixin.py:151} INFO - [2026-06-17T21:10:08.555+0000] {dag.py:2915} INFO - Sync 1 DAGs
[2026-06-17T21:10:08.571+0000] {logging_mixin.py:151} INFO - [2026-06-17T21:10:08.570+0000] {dag.py:3696} INFO - Setting next_dagrun for aeroflux_main_pipeline to 2026-06-17T21:00:00+00:00, run_after=2026-06-17T22:00:00+00:00
[2026-06-17T21:10:08.580+0000] {processor.py:179} INFO - Processing /opt/airflow/dags/aeroflux_orchestrator.py took 0.395 seconds
[2026-06-17T21:10:38.967+0000] {processor.py:157} INFO - Started process (PID=796) to work on /opt/airflow/dags/aeroflux_orchestrator.py
[2026-06-17T21:10:38.970+0000] {processor.py:829} INFO - Processing file /opt/airflow/dags/aeroflux_orchestrator.py for tasks to queue
[2026-06-17T21:10:38.971+0000] {logging_mixin.py:151} INFO - [2026-06-17T21:10:38.971+0000] {dagbag.py:539} INFO - Filling up the DagBag from /opt/airflow/dags/aeroflux_orchestrator.py
[2026-06-17T21:10:39.246+0000] {processor.py:839} INFO - DAG(s) dict_keys(['aeroflux_main_pipeline']) retrieved from /opt/airflow/dags/aeroflux_orchestrator.py
[2026-06-17T21:10:39.280+0000] {logging_mixin.py:151} INFO - [2026-06-17T21:10:39.280+0000] {dag.py:2915} INFO - Sync 1 DAGs
[2026-06-17T21:10:39.295+0000] {logging_mixin.py:151} INFO - [2026-06-17T21:10:39.295+0000] {dag.py:3696} INFO - Setting next_dagrun for aeroflux_main_pipeline to 2026-06-17T21:00:00+00:00, run_after=2026-06-17T22:00:00+00:00
[2026-06-17T21:10:39.304+0000] {processor.py:179} INFO - Processing /opt/airflow/dags/aeroflux_orchestrator.py took 0.352 seconds
[2026-06-17T21:11:09.384+0000] {processor.py:157} INFO - Started process (PID=798) to work on /opt/airflow/dags/aeroflux_orchestrator.py
[2026-06-17T21:11:09.387+0000] {processor.py:829} INFO - Processing file /opt/airflow/dags/aeroflux_orchestrator.py for tasks to queue
[2026-06-17T21:11:09.388+0000] {logging_mixin.py:151} INFO - [2026-06-17T21:11:09.388+0000] {dagbag.py:539} INFO - Filling up the DagBag from /opt/airflow/dags/aeroflux_orchestrator.py
[2026-06-17T21:11:09.726+0000] {processor.py:839} INFO - DAG(s) dict_keys(['aeroflux_main_pipeline']) retrieved from /opt/airflow/dags/aeroflux_orchestrator.py
[2026-06-17T21:11:09.767+0000] {logging_mixin.py:151} INFO - [2026-06-17T21:11:09.767+0000] {dag.py:2915} INFO - Sync 1 DAGs
[2026-06-17T21:11:09.786+0000] {logging_mixin.py:151} INFO - [2026-06-17T21:11:09.786+0000] {dag.py:3696} INFO - Setting next_dagrun for aeroflux_main_pipeline to 2026-06-17T21:00:00+00:00, run_after=2026-06-17T22:00:00+00:00
[2026-06-17T21:11:09.796+0000] {processor.py:179} INFO - Processing /opt/airflow/dags/aeroflux_orchestrator.py took 0.425 seconds
[2026-06-17T21:11:39.953+0000] {processor.py:157} INFO - Started process (PID=800) to work on /opt/airflow/dags/aeroflux_orchestrator.py
[2026-06-17T21:11:39.955+0000] {processor.py:829} INFO - Processing file /opt/airflow/dags/aeroflux_orchestrator.py for tasks to queue
[2026-06-17T21:11:39.956+0000] {logging_mixin.py:151} INFO - [2026-06-17T21:11:39.956+0000] {dagbag.py:539} INFO - Filling up the DagBag from /opt/airflow/dags/aeroflux_orchestrator.py
[2026-06-17T21:11:40.258+0000] {processor.py:839} INFO - DAG(s) dict_keys(['aeroflux_main_pipeline']) retrieved from /opt/airflow/dags/aeroflux_orchestrator.py
[2026-06-17T21:11:40.282+0000] {logging_mixin.py:151} INFO - [2026-06-17T21:11:40.282+0000] {dag.py:2915} INFO - Sync 1 DAGs
[2026-06-17T21:11:40.297+0000] {logging_mixin.py:151} INFO - [2026-06-17T21:11:40.297+0000] {dag.py:3696} INFO - Setting next_dagrun for aeroflux_main_pipeline to 2026-06-17T21:00:00+00:00, run_after=2026-06-17T22:00:00+00:00
[2026-06-17T21:11:40.307+0000] {processor.py:179} INFO - Processing /opt/airflow/dags/aeroflux_orchestrator.py took 0.363 seconds
[2026-06-17T21:12:10.621+0000] {processor.py:157} INFO - Started process (PID=802) to work on /opt/airflow/dags/aeroflux_orchestrator.py
[2026-06-17T21:12:10.624+0000] {processor.py:829} INFO - Processing file /opt/airflow/dags/aeroflux_orchestrator.py for tasks to queue
[2026-06-17T21:12:10.626+0000] {logging_mixin.py:151} INFO - [2026-06-17T21:12:10.625+0000] {dagbag.py:539} INFO - Filling up the DagBag from /opt/airflow/dags/aeroflux_orchestrator.py
[2026-06-17T21:12:10.932+0000] {processor.py:839} INFO - DAG(s) dict_keys(['aeroflux_main_pipeline']) retrieved from /opt/airflow/dags/aeroflux_orchestrator.py
[2026-06-17T21:12:10.969+0000] {logging_mixin.py:151} INFO - [2026-06-17T21:12:10.969+0000] {dag.py:2915} INFO - Sync 1 DAGs
[2026-06-17T21:12:10.985+0000] {logging_mixin.py:151} INFO - [2026-06-17T21:12:10.985+0000] {dag.py:3696} INFO - Setting next_dagrun for aeroflux_main_pipeline to 2026-06-17T21:00:00+00:00, run_after=2026-06-17T22:00:00+00:00
[2026-06-17T21:12:10.999+0000] {processor.py:179} INFO - Processing /opt/airflow/dags/aeroflux_orchestrator.py took 0.391 seconds
[2026-06-17T21:12:41.108+0000] {processor.py:157} INFO - Started process (PID=804) to work on /opt/airflow/dags/aeroflux_orchestrator.py
[2026-06-17T21:12:41.110+0000] {processor.py:829} INFO - Processing file /opt/airflow/dags/aeroflux_orchestrator.py for tasks to queue
[2026-06-17T21:12:41.111+0000] {logging_mixin.py:151} INFO - [2026-06-17T21:12:41.111+0000] {dagbag.py:539} INFO - Filling up the DagBag from /opt/airflow/dags/aeroflux_orchestrator.py
[2026-06-17T21:12:41.422+0000] {processor.py:839} INFO - DAG(s) dict_keys(['aeroflux_main_pipeline']) retrieved from /opt/airflow/dags/aeroflux_orchestrator.py
[2026-06-17T21:12:41.451+0000] {logging_mixin.py:151} INFO - [2026-06-17T21:12:41.451+0000] {dag.py:2915} INFO - Sync 1 DAGs
[2026-06-17T21:12:41.474+0000] {logging_mixin.py:151} INFO - [2026-06-17T21:12:41.474+0000] {dag.py:3696} INFO - Setting next_dagrun for aeroflux_main_pipeline to 2026-06-17T21:00:00+00:00, run_after=2026-06-17T22:00:00+00:00
[2026-06-17T21:12:41.484+0000] {processor.py:179} INFO - Processing /opt/airflow/dags/aeroflux_orchestrator.py took 0.385 seconds
[2026-06-17T21:13:11.787+0000] {processor.py:157} INFO - Started process (PID=806) to work on /opt/airflow/dags/aeroflux_orchestrator.py
[2026-06-17T21:13:11.790+0000] {processor.py:829} INFO - Processing file /opt/airflow/dags/aeroflux_orchestrator.py for tasks to queue
[2026-06-17T21:13:11.791+0000] {logging_mixin.py:151} INFO - [2026-06-17T21:13:11.791+0000] {dagbag.py:539} INFO - Filling up the DagBag from /opt/airflow/dags/aeroflux_orchestrator.py
[2026-06-17T21:13:12.082+0000] {processor.py:839} INFO - DAG(s) dict_keys(['aeroflux_main_pipeline']) retrieved from /opt/airflow/dags/aeroflux_orchestrator.py
[2026-06-17T21:13:12.115+0000] {logging_mixin.py:151} INFO - [2026-06-17T21:13:12.114+0000] {dag.py:2915} INFO - Sync 1 DAGs
[2026-06-17T21:13:12.130+0000] {logging_mixin.py:151} INFO - [2026-06-17T21:13:12.129+0000] {dag.py:3696} INFO - Setting next_dagrun for aeroflux_main_pipeline to 2026-06-17T21:00:00+00:00, run_after=2026-06-17T22:00:00+00:00
[2026-06-17T21:13:12.141+0000] {processor.py:179} INFO - Processing /opt/airflow/dags/aeroflux_orchestrator.py took 0.367 seconds
[2026-06-17T21:13:42.538+0000] {processor.py:157} INFO - Started process (PID=808) to work on /opt/airflow/dags/aeroflux_orchestrator.py
[2026-06-17T21:13:42.542+0000] {processor.py:829} INFO - Processing file /opt/airflow/dags/aeroflux_orchestrator.py for tasks to queue
[2026-06-17T21:13:42.545+0000] {logging_mixin.py:151} INFO - [2026-06-17T21:13:42.545+0000] {dagbag.py:539} INFO - Filling up the DagBag from /opt/airflow/dags/aeroflux_orchestrator.py
[2026-06-17T21:13:42.838+0000] {processor.py:839} INFO - DAG(s) dict_keys(['aeroflux_main_pipeline']) retrieved from /opt/airflow/dags/aeroflux_orchestrator.py
[2026-06-17T21:13:42.871+0000] {logging_mixin.py:151} INFO - [2026-06-17T21:13:42.871+0000] {dag.py:2915} INFO - Sync 1 DAGs
[2026-06-17T21:13:42.886+0000] {logging_mixin.py:151} INFO - [2026-06-17T21:13:42.886+0000] {dag.py:3696} INFO - Setting next_dagrun for aeroflux_main_pipeline to 2026-06-17T21:00:00+00:00, run_after=2026-06-17T22:00:00+00:00
[2026-06-17T21:13:42.896+0000] {processor.py:179} INFO - Processing /opt/airflow/dags/aeroflux_orchestrator.py took 0.368 seconds
[2026-06-17T21:14:12.965+0000] {processor.py:157} INFO - Started process (PID=810) to work on /opt/airflow/dags/aeroflux_orchestrator.py
[2026-06-17T21:14:12.969+0000] {processor.py:829} INFO - Processing file /opt/airflow/dags/aeroflux_orchestrator.py for tasks to queue
[2026-06-17T21:14:12.970+0000] {logging_mixin.py:151} INFO - [2026-06-17T21:14:12.969+0000] {dagbag.py:539} INFO - Filling up the DagBag from /opt/airflow/dags/aeroflux_orchestrator.py
[2026-06-17T21:14:13.255+0000] {processor.py:839} INFO - DAG(s) dict_keys(['aeroflux_main_pipeline']) retrieved from /opt/airflow/dags/aeroflux_orchestrator.py
[2026-06-17T21:14:13.287+0000] {logging_mixin.py:151} INFO - [2026-06-17T21:14:13.287+0000] {dag.py:2915} INFO - Sync 1 DAGs
[2026-06-17T21:14:13.301+0000] {logging_mixin.py:151} INFO - [2026-06-17T21:14:13.301+0000] {dag.py:3696} INFO - Setting next_dagrun for aeroflux_main_pipeline to 2026-06-17T21:00:00+00:00, run_after=2026-06-17T22:00:00+00:00
[2026-06-17T21:14:13.315+0000] {processor.py:179} INFO - Processing /opt/airflow/dags/aeroflux_orchestrator.py took 0.359 seconds
[2026-06-17T21:14:43.725+0000] {processor.py:157} INFO - Started process (PID=812) to work on /opt/airflow/dags/aeroflux_orchestrator.py
[2026-06-17T21:14:43.728+0000] {processor.py:829} INFO - Processing file /opt/airflow/dags/aeroflux_orchestrator.py for tasks to queue
[2026-06-17T21:14:43.730+0000] {logging_mixin.py:151} INFO - [2026-06-17T21:14:43.729+0000] {dagbag.py:539} INFO - Filling up the DagBag from /opt/airflow/dags/aeroflux_orchestrator.py
[2026-06-17T21:14:44.016+0000] {processor.py:839} INFO - DAG(s) dict_keys(['aeroflux_main_pipeline']) retrieved from /opt/airflow/dags/aeroflux_orchestrator.py
[2026-06-17T21:14:44.039+0000] {logging_mixin.py:151} INFO - [2026-06-17T21:14:44.039+0000] {dag.py:2915} INFO - Sync 1 DAGs
[2026-06-17T21:14:44.059+0000] {logging_mixin.py:151} INFO - [2026-06-17T21:14:44.059+0000] {dag.py:3696} INFO - Setting next_dagrun for aeroflux_main_pipeline to 2026-06-17T21:00:00+00:00, run_after=2026-06-17T22:00:00+00:00
[2026-06-17T21:14:44.069+0000] {processor.py:179} INFO - Processing /opt/airflow/dags/aeroflux_orchestrator.py took 0.357 seconds
[2026-06-17T21:15:14.137+0000] {processor.py:157} INFO - Started process (PID=814) to work on /opt/airflow/dags/aeroflux_orchestrator.py
[2026-06-17T21:15:14.139+0000] {processor.py:829} INFO - Processing file /opt/airflow/dags/aeroflux_orchestrator.py for tasks to queue
[2026-06-17T21:15:14.141+0000] {logging_mixin.py:151} INFO - [2026-06-17T21:15:14.140+0000] {dagbag.py:539} INFO - Filling up the DagBag from /opt/airflow/dags/aeroflux_orchestrator.py
[2026-06-17T21:15:14.448+0000] {processor.py:839} INFO - DAG(s) dict_keys(['aeroflux_main_pipeline']) retrieved from /opt/airflow/dags/aeroflux_orchestrator.py
[2026-06-17T21:15:14.477+0000] {logging_mixin.py:151} INFO - [2026-06-17T21:15:14.477+0000] {dag.py:2915} INFO - Sync 1 DAGs
[2026-06-17T21:15:14.498+0000] {logging_mixin.py:151} INFO - [2026-06-17T21:15:14.498+0000] {dag.py:3696} INFO - Setting next_dagrun for aeroflux_main_pipeline to 2026-06-17T21:00:00+00:00, run_after=2026-06-17T22:00:00+00:00
[2026-06-17T21:15:14.507+0000] {processor.py:179} INFO - Processing /opt/airflow/dags/aeroflux_orchestrator.py took 0.386 seconds
[2026-06-17T21:15:44.884+0000] {processor.py:157} INFO - Started process (PID=816) to work on /opt/airflow/dags/aeroflux_orchestrator.py
[2026-06-17T21:15:44.886+0000] {processor.py:829} INFO - Processing file /opt/airflow/dags/aeroflux_orchestrator.py for tasks to queue
[2026-06-17T21:15:44.888+0000] {logging_mixin.py:151} INFO - [2026-06-17T21:15:44.887+0000] {dagbag.py:539} INFO - Filling up the DagBag from /opt/airflow/dags/aeroflux_orchestrator.py
[2026-06-17T21:15:45.178+0000] {processor.py:839} INFO - DAG(s) dict_keys(['aeroflux_main_pipeline']) retrieved from /opt/airflow/dags/aeroflux_orchestrator.py
[2026-06-17T21:15:45.216+0000] {logging_mixin.py:151} INFO - [2026-06-17T21:15:45.216+0000] {dag.py:2915} INFO - Sync 1 DAGs
[2026-06-17T21:15:45.234+0000] {logging_mixin.py:151} INFO - [2026-06-17T21:15:45.234+0000] {dag.py:3696} INFO - Setting next_dagrun for aeroflux_main_pipeline to 2026-06-17T21:00:00+00:00, run_after=2026-06-17T22:00:00+00:00
[2026-06-17T21:15:45.245+0000] {processor.py:179} INFO - Processing /opt/airflow/dags/aeroflux_orchestrator.py took 0.367 seconds
[2026-06-17T21:16:15.363+0000] {processor.py:157} INFO - Started process (PID=818) to work on /opt/airflow/dags/aeroflux_orchestrator.py
[2026-06-17T21:16:15.372+0000] {processor.py:829} INFO - Processing file /opt/airflow/dags/aeroflux_orchestrator.py for tasks to queue
[2026-06-17T21:16:15.375+0000] {logging_mixin.py:151} INFO - [2026-06-17T21:16:15.373+0000] {dagbag.py:539} INFO - Filling up the DagBag from /opt/airflow/dags/aeroflux_orchestrator.py
[2026-06-17T21:16:15.715+0000] {processor.py:839} INFO - DAG(s) dict_keys(['aeroflux_main_pipeline']) retrieved from /opt/airflow/dags/aeroflux_orchestrator.py
[2026-06-17T21:16:15.744+0000] {logging_mixin.py:151} INFO - [2026-06-17T21:16:15.744+0000] {dag.py:2915} INFO - Sync 1 DAGs
[2026-06-17T21:16:15.762+0000] {logging_mixin.py:151} INFO - [2026-06-17T21:16:15.762+0000] {dag.py:3696} INFO - Setting next_dagrun for aeroflux_main_pipeline to 2026-06-17T21:00:00+00:00, run_after=2026-06-17T22:00:00+00:00
[2026-06-17T21:16:15.772+0000] {processor.py:179} INFO - Processing /opt/airflow/dags/aeroflux_orchestrator.py took 0.419 seconds
[2026-06-17T21:16:45.978+0000] {processor.py:157} INFO - Started process (PID=820) to work on /opt/airflow/dags/aeroflux_orchestrator.py
[2026-06-17T21:16:45.981+0000] {processor.py:829} INFO - Processing file /opt/airflow/dags/aeroflux_orchestrator.py for tasks to queue
[2026-06-17T21:16:45.982+0000] {logging_mixin.py:151} INFO - [2026-06-17T21:16:45.982+0000] {dagbag.py:539} INFO - Filling up the DagBag from /opt/airflow/dags/aeroflux_orchestrator.py
[2026-06-17T21:16:46.281+0000] {processor.py:839} INFO - DAG(s) dict_keys(['aeroflux_main_pipeline']) retrieved from /opt/airflow/dags/aeroflux_orchestrator.py
[2026-06-17T21:16:46.310+0000] {logging_mixin.py:151} INFO - [2026-06-17T21:16:46.310+0000] {dag.py:2915} INFO - Sync 1 DAGs
[2026-06-17T21:16:46.324+0000] {logging_mixin.py:151} INFO - [2026-06-17T21:16:46.324+0000] {dag.py:3696} INFO - Setting next_dagrun for aeroflux_main_pipeline to 2026-06-17T21:00:00+00:00, run_after=2026-06-17T22:00:00+00:00
[2026-06-17T21:16:46.333+0000] {processor.py:179} INFO - Processing /opt/airflow/dags/aeroflux_orchestrator.py took 0.364 seconds
[2026-06-17T21:17:16.549+0000] {processor.py:157} INFO - Started process (PID=822) to work on /opt/airflow/dags/aeroflux_orchestrator.py
[2026-06-17T21:17:16.552+0000] {processor.py:829} INFO - Processing file /opt/airflow/dags/aeroflux_orchestrator.py for tasks to queue
[2026-06-17T21:17:16.553+0000] {logging_mixin.py:151} INFO - [2026-06-17T21:17:16.552+0000] {dagbag.py:539} INFO - Filling up the DagBag from /opt/airflow/dags/aeroflux_orchestrator.py
[2026-06-17T21:17:16.855+0000] {processor.py:839} INFO - DAG(s) dict_keys(['aeroflux_main_pipeline']) retrieved from /opt/airflow/dags/aeroflux_orchestrator.py
[2026-06-17T21:17:16.885+0000] {logging_mixin.py:151} INFO - [2026-06-17T21:17:16.884+0000] {dag.py:2915} INFO - Sync 1 DAGs
[2026-06-17T21:17:16.900+0000] {logging_mixin.py:151} INFO - [2026-06-17T21:17:16.900+0000] {dag.py:3696} INFO - Setting next_dagrun for aeroflux_main_pipeline to 2026-06-17T21:00:00+00:00, run_after=2026-06-17T22:00:00+00:00
[2026-06-17T21:17:16.910+0000] {processor.py:179} INFO - Processing /opt/airflow/dags/aeroflux_orchestrator.py took 0.372 seconds
[2026-06-17T21:17:47.139+0000] {processor.py:157} INFO - Started process (PID=824) to work on /opt/airflow/dags/aeroflux_orchestrator.py
[2026-06-17T21:17:47.142+0000] {processor.py:829} INFO - Processing file /opt/airflow/dags/aeroflux_orchestrator.py for tasks to queue
[2026-06-17T21:17:47.143+0000] {logging_mixin.py:151} INFO - [2026-06-17T21:17:47.142+0000] {dagbag.py:539} INFO - Filling up the DagBag from /opt/airflow/dags/aeroflux_orchestrator.py
[2026-06-17T21:17:47.450+0000] {processor.py:839} INFO - DAG(s) dict_keys(['aeroflux_main_pipeline']) retrieved from /opt/airflow/dags/aeroflux_orchestrator.py
[2026-06-17T21:17:47.476+0000] {logging_mixin.py:151} INFO - [2026-06-17T21:17:47.476+0000] {dag.py:2915} INFO - Sync 1 DAGs
[2026-06-17T21:17:47.493+0000] {logging_mixin.py:151} INFO - [2026-06-17T21:17:47.493+0000] {dag.py:3696} INFO - Setting next_dagrun for aeroflux_main_pipeline to 2026-06-17T21:00:00+00:00, run_after=2026-06-17T22:00:00+00:00
[2026-06-17T21:17:47.503+0000] {processor.py:179} INFO - Processing /opt/airflow/dags/aeroflux_orchestrator.py took 0.380 seconds
[2026-06-17T21:18:17.663+0000] {processor.py:157} INFO - Started process (PID=826) to work on /opt/airflow/dags/aeroflux_orchestrator.py
[2026-06-17T21:18:17.667+0000] {processor.py:829} INFO - Processing file /opt/airflow/dags/aeroflux_orchestrator.py for tasks to queue
[2026-06-17T21:18:17.671+0000] {logging_mixin.py:151} INFO - [2026-06-17T21:18:17.668+0000] {dagbag.py:539} INFO - Filling up the DagBag from /opt/airflow/dags/aeroflux_orchestrator.py
[2026-06-17T21:18:17.971+0000] {processor.py:839} INFO - DAG(s) dict_keys(['aeroflux_main_pipeline']) retrieved from /opt/airflow/dags/aeroflux_orchestrator.py
[2026-06-17T21:18:18.000+0000] {logging_mixin.py:151} INFO - [2026-06-17T21:18:18.000+0000] {dag.py:2915} INFO - Sync 1 DAGs
[2026-06-17T21:18:18.019+0000] {logging_mixin.py:151} INFO - [2026-06-17T21:18:18.018+0000] {dag.py:3696} INFO - Setting next_dagrun for aeroflux_main_pipeline to 2026-06-17T21:00:00+00:00, run_after=2026-06-17T22:00:00+00:00
[2026-06-17T21:18:18.029+0000] {processor.py:179} INFO - Processing /opt/airflow/dags/aeroflux_orchestrator.py took 0.381 seconds
